{
  error: PrismaClientInitializationError: Prisma Client could not locate the Query Engine for runtime "debian-openssl-3.0.x".
  
  This happened because Prisma Client was generated for "darwin-arm64", but the actual deployment required "debian-openssl-3.0.x".
  Add "debian-openssl-3.0.x" to `binaryTargets` in the "schema.prisma" file and run `prisma generate` after saving it:
  
  generator client {
    provider      = "prisma-client-js"
    binaryTargets = ["native", "debian-openssl-3.0.x"]
  }
  
  The following locations have been searched:
    /var/www/Cosaif/node_modules/.prisma/client
    /var/www/Cosaif/node_modules/@prisma/client
    /Users/viankodesarrollo/Documents/CosaifBack/BackCosaif/node_modules/@prisma/client
    /tmp/prisma-engines
    /var/www/Cosaif/prisma
      at yl (/var/www/Cosaif/node_modules/@prisma/client/runtime/library.js:64:805)
      at async Object.loadLibrary (/var/www/Cosaif/node_modules/@prisma/client/runtime/library.js:111:7966)
      at async Gr.loadEngine (/var/www/Cosaif/node_modules/@prisma/client/runtime/library.js:112:448)
      at async Gr.instantiateLibrary (/var/www/Cosaif/node_modules/@prisma/client/runtime/library.js:111:11869) {
    clientVersion: '6.12.0',
    errorCode: undefined,
    retryable: undefined
  },
  level: 'error',
  message: 'unhandledRejection: Prisma Client could not locate the Query Engine for runtime "debian-openssl-3.0.x".\n' +
    '\n' +
    'This happened because Prisma Client was generated for "darwin-arm64", but the actual deployment required "debian-openssl-3.0.x".\n' +
    'Add "debian-openssl-3.0.x" to `binaryTargets` in the "schema.prisma" file and run `prisma generate` after saving it:\n' +
    '\n' +
    'generator client {\n' +
    '  provider      = "prisma-client-js"\n' +
    '  binaryTargets = ["native", "debian-openssl-3.0.x"]\n' +
    '}\n' +
    '\n' +
    'The following locations have been searched:\n' +
    '  /var/www/Cosaif/node_modules/.prisma/client\n' +
    '  /var/www/Cosaif/node_modules/@prisma/client\n' +
    '  /Users/viankodesarrollo/Documents/CosaifBack/BackCosaif/node_modules/@prisma/client\n' +
    '  /tmp/prisma-engines\n' +
    '  /var/www/Cosaif/prisma\n' +
    'PrismaClientInitializationError: Prisma Client could not locate the Query Engine for runtime "debian-openssl-3.0.x".\n' +
    '\n' +
    'This happened because Prisma Client was generated for "darwin-arm64", but the actual deployment required "debian-openssl-3.0.x".\n' +
    'Add "debian-openssl-3.0.x" to `binaryTargets` in the "schema.prisma" file and run `prisma generate` after saving it:\n' +
    '\n' +
    'generator client {\n' +
    '  provider      = "prisma-client-js"\n' +
    '  binaryTargets = ["native", "debian-openssl-3.0.x"]\n' +
    '}\n' +
    '\n' +
    'The following locations have been searched:\n' +
    '  /var/www/Cosaif/node_modules/.prisma/client\n' +
    '  /var/www/Cosaif/node_modules/@prisma/client\n' +
    '  /Users/viankodesarrollo/Documents/CosaifBack/BackCosaif/node_modules/@prisma/client\n' +
    '  /tmp/prisma-engines\n' +
    '  /var/www/Cosaif/prisma\n' +
    '    at yl (/var/www/Cosaif/node_modules/@prisma/client/runtime/library.js:64:805)\n' +
    '    at async Object.loadLibrary (/var/www/Cosaif/node_modules/@prisma/client/runtime/library.js:111:7966)\n' +
    '    at async Gr.loadEngine (/var/www/Cosaif/node_modules/@prisma/client/runtime/library.js:112:448)\n' +
    '    at async Gr.instantiateLibrary (/var/www/Cosaif/node_modules/@prisma/client/runtime/library.js:111:11869)',
  stack: 'PrismaClientInitializationError: Prisma Client could not locate the Query Engine for runtime "debian-openssl-3.0.x".\n' +
    '\n' +
    'This happened because Prisma Client was generated for "darwin-arm64", but the actual deployment required "debian-openssl-3.0.x".\n' +
    'Add "debian-openssl-3.0.x" to `binaryTargets` in the "schema.prisma" file and run `prisma generate` after saving it:\n' +
    '\n' +
    'generator client {\n' +
    '  provider      = "prisma-client-js"\n' +
    '  binaryTargets = ["native", "debian-openssl-3.0.x"]\n' +
    '}\n' +
    '\n' +
    'The following locations have been searched:\n' +
    '  /var/www/Cosaif/node_modules/.prisma/client\n' +
    '  /var/www/Cosaif/node_modules/@prisma/client\n' +
    '  /Users/viankodesarrollo/Documents/CosaifBack/BackCosaif/node_modules/@prisma/client\n' +
    '  /tmp/prisma-engines\n' +
    '  /var/www/Cosaif/prisma\n' +
    '    at yl (/var/www/Cosaif/node_modules/@prisma/client/runtime/library.js:64:805)\n' +
    '    at async Object.loadLibrary (/var/www/Cosaif/node_modules/@prisma/client/runtime/library.js:111:7966)\n' +
    '    at async Gr.loadEngine (/var/www/Cosaif/node_modules/@prisma/client/runtime/library.js:112:448)\n' +
    '    at async Gr.instantiateLibrary (/var/www/Cosaif/node_modules/@prisma/client/runtime/library.js:111:11869)',
  rejection: true,
  date: 'Thu Jul 24 2025 16:40:23 GMT+0000 (Coordinated Universal Time)',
  process: {
    pid: 274281,
    uid: 0,
    gid: 0,
    cwd: '/var/www/Cosaif',
    execPath: '/usr/bin/node',
    version: 'v20.19.2',
    argv: [
      '/usr/bin/node',
      '/usr/lib/node_modules/pm2/lib/ProcessContainerFork.js'
    ],
    memoryUsage: {
      rss: 105402368,
      heapTotal: 38330368,
      heapUsed: 22546488,
      external: 2578084,
      arrayBuffers: 61506
    }
  },
  os: { loadavg: [ 0.06, 0.03, 0 ], uptime: 2508622.96 },
  trace: [
    {
      column: 805,
      file: '/var/www/Cosaif/node_modules/@prisma/client/runtime/library.js',
      function: 'yl',
      line: 64,
      method: null,
      native: false
    },
    {
      column: 7966,
      file: '/var/www/Cosaif/node_modules/@prisma/client/runtime/library.js',
      function: 'async Object.loadLibrary',
      line: 111,
      method: 'loadLibrary',
      native: false
    },
    {
      column: 448,
      file: '/var/www/Cosaif/node_modules/@prisma/client/runtime/library.js',
      function: 'async Gr.loadEngine',
      line: 112,
      method: 'loadEngine',
      native: false
    },
    {
      column: 11869,
      file: '/var/www/Cosaif/node_modules/@prisma/client/runtime/library.js',
      function: 'async Gr.instantiateLibrary',
      line: 111,
      method: 'instantiateLibrary',
      native: false
    }
  ],
  service: 'IncidenteModel',
  module: 'Movimientos/Incidente',
  timestamp: '2025-07-24 16:40:23'
}
{
  error: PrismaClientInitializationError: Prisma Client could not locate the Query Engine for runtime "debian-openssl-3.0.x".
  
  This happened because Prisma Client was generated for "darwin-arm64", but the actual deployment required "debian-openssl-3.0.x".
  Add "debian-openssl-3.0.x" to `binaryTargets` in the "schema.prisma" file and run `prisma generate` after saving it:
  
  generator client {
    provider      = "prisma-client-js"
    binaryTargets = ["native", "debian-openssl-3.0.x"]
  }
  
  The following locations have been searched:
    /var/www/Cosaif/node_modules/.prisma/client
    /var/www/Cosaif/node_modules/@prisma/client
    /Users/viankodesarrollo/Documents/CosaifBack/BackCosaif/node_modules/@prisma/client
    /tmp/prisma-engines
    /var/www/Cosaif/prisma
      at yl (/var/www/Cosaif/node_modules/@prisma/client/runtime/library.js:64:805)
      at async Object.loadLibrary (/var/www/Cosaif/node_modules/@prisma/client/runtime/library.js:111:7966)
      at async Gr.loadEngine (/var/www/Cosaif/node_modules/@prisma/client/runtime/library.js:112:448)
      at async Gr.instantiateLibrary (/var/www/Cosaif/node_modules/@prisma/client/runtime/library.js:111:11869) {
    clientVersion: '6.12.0',
    errorCode: undefined,
    retryable: undefined
  },
  level: 'error',
  message: 'unhandledRejection: Prisma Client could not locate the Query Engine for runtime "debian-openssl-3.0.x".\n' +
    '\n' +
    'This happened because Prisma Client was generated for "darwin-arm64", but the actual deployment required "debian-openssl-3.0.x".\n' +
    'Add "debian-openssl-3.0.x" to `binaryTargets` in the "schema.prisma" file and run `prisma generate` after saving it:\n' +
    '\n' +
    'generator client {\n' +
    '  provider      = "prisma-client-js"\n' +
    '  binaryTargets = ["native", "debian-openssl-3.0.x"]\n' +
    '}\n' +
    '\n' +
    'The following locations have been searched:\n' +
    '  /var/www/Cosaif/node_modules/.prisma/client\n' +
    '  /var/www/Cosaif/node_modules/@prisma/client\n' +
    '  /Users/viankodesarrollo/Documents/CosaifBack/BackCosaif/node_modules/@prisma/client\n' +
    '  /tmp/prisma-engines\n' +
    '  /var/www/Cosaif/prisma\n' +
    'PrismaClientInitializationError: Prisma Client could not locate the Query Engine for runtime "debian-openssl-3.0.x".\n' +
    '\n' +
    'This happened because Prisma Client was generated for "darwin-arm64", but the actual deployment required "debian-openssl-3.0.x".\n' +
    'Add "debian-openssl-3.0.x" to `binaryTargets` in the "schema.prisma" file and run `prisma generate` after saving it:\n' +
    '\n' +
    'generator client {\n' +
    '  provider      = "prisma-client-js"\n' +
    '  binaryTargets = ["native", "debian-openssl-3.0.x"]\n' +
    '}\n' +
    '\n' +
    'The following locations have been searched:\n' +
    '  /var/www/Cosaif/node_modules/.prisma/client\n' +
    '  /var/www/Cosaif/node_modules/@prisma/client\n' +
    '  /Users/viankodesarrollo/Documents/CosaifBack/BackCosaif/node_modules/@prisma/client\n' +
    '  /tmp/prisma-engines\n' +
    '  /var/www/Cosaif/prisma\n' +
    '    at yl (/var/www/Cosaif/node_modules/@prisma/client/runtime/library.js:64:805)\n' +
    '    at async Object.loadLibrary (/var/www/Cosaif/node_modules/@prisma/client/runtime/library.js:111:7966)\n' +
    '    at async Gr.loadEngine (/var/www/Cosaif/node_modules/@prisma/client/runtime/library.js:112:448)\n' +
    '    at async Gr.instantiateLibrary (/var/www/Cosaif/node_modules/@prisma/client/runtime/library.js:111:11869)',
  stack: 'PrismaClientInitializationError: Prisma Client could not locate the Query Engine for runtime "debian-openssl-3.0.x".\n' +
    '\n' +
    'This happened because Prisma Client was generated for "darwin-arm64", but the actual deployment required "debian-openssl-3.0.x".\n' +
    'Add "debian-openssl-3.0.x" to `binaryTargets` in the "schema.prisma" file and run `prisma generate` after saving it:\n' +
    '\n' +
    'generator client {\n' +
    '  provider      = "prisma-client-js"\n' +
    '  binaryTargets = ["native", "debian-openssl-3.0.x"]\n' +
    '}\n' +
    '\n' +
    'The following locations have been searched:\n' +
    '  /var/www/Cosaif/node_modules/.prisma/client\n' +
    '  /var/www/Cosaif/node_modules/@prisma/client\n' +
    '  /Users/viankodesarrollo/Documents/CosaifBack/BackCosaif/node_modules/@prisma/client\n' +
    '  /tmp/prisma-engines\n' +
    '  /var/www/Cosaif/prisma\n' +
    '    at yl (/var/www/Cosaif/node_modules/@prisma/client/runtime/library.js:64:805)\n' +
    '    at async Object.loadLibrary (/var/www/Cosaif/node_modules/@prisma/client/runtime/library.js:111:7966)\n' +
    '    at async Gr.loadEngine (/var/www/Cosaif/node_modules/@prisma/client/runtime/library.js:112:448)\n' +
    '    at async Gr.instantiateLibrary (/var/www/Cosaif/node_modules/@prisma/client/runtime/library.js:111:11869)',
  rejection: true,
  date: 'Thu Jul 24 2025 16:40:24 GMT+0000 (Coordinated Universal Time)',
  process: {
    pid: 274292,
    uid: 0,
    gid: 0,
    cwd: '/var/www/Cosaif',
    execPath: '/usr/bin/node',
    version: 'v20.19.2',
    argv: [
      '/usr/bin/node',
      '/usr/lib/node_modules/pm2/lib/ProcessContainerFork.js'
    ],
    memoryUsage: {
      rss: 106684416,
      heapTotal: 55369728,
      heapUsed: 22463800,
      external: 2578082,
      arrayBuffers: 61504
    }
  },
  os: { loadavg: [ 0.06, 0.03, 0 ], uptime: 2508623.41 },
  trace: [
    {
      column: 805,
      file: '/var/www/Cosaif/node_modules/@prisma/client/runtime/library.js',
      function: 'yl',
      line: 64,
      method: null,
      native: false
    },
    {
      column: 7966,
      file: '/var/www/Cosaif/node_modules/@prisma/client/runtime/library.js',
      function: 'async Object.loadLibrary',
      line: 111,
      method: 'loadLibrary',
      native: false
    },
    {
      column: 448,
      file: '/var/www/Cosaif/node_modules/@prisma/client/runtime/library.js',
      function: 'async Gr.loadEngine',
      line: 112,
      method: 'loadEngine',
      native: false
    },
    {
      column: 11869,
      file: '/var/www/Cosaif/node_modules/@prisma/client/runtime/library.js',
      function: 'async Gr.instantiateLibrary',
      line: 111,
      method: 'instantiateLibrary',
      native: false
    }
  ],
  service: 'IncidenteModel',
  module: 'Movimientos/Incidente',
  timestamp: '2025-07-24 16:40:24'
}
{
  error: PrismaClientInitializationError: Prisma Client could not locate the Query Engine for runtime "debian-openssl-3.0.x".
  
  This happened because Prisma Client was generated for "darwin-arm64", but the actual deployment required "debian-openssl-3.0.x".
  Add "debian-openssl-3.0.x" to `binaryTargets` in the "schema.prisma" file and run `prisma generate` after saving it:
  
  generator client {
    provider      = "prisma-client-js"
    binaryTargets = ["native", "debian-openssl-3.0.x"]
  }
  
  The following locations have been searched:
    /var/www/Cosaif/node_modules/.prisma/client
    /var/www/Cosaif/node_modules/@prisma/client
    /Users/viankodesarrollo/Documents/CosaifBack/BackCosaif/node_modules/@prisma/client
    /tmp/prisma-engines
    /var/www/Cosaif/prisma
      at yl (/var/www/Cosaif/node_modules/@prisma/client/runtime/library.js:64:805)
      at async Object.loadLibrary (/var/www/Cosaif/node_modules/@prisma/client/runtime/library.js:111:7966)
      at async Gr.loadEngine (/var/www/Cosaif/node_modules/@prisma/client/runtime/library.js:112:448)
      at async Gr.instantiateLibrary (/var/www/Cosaif/node_modules/@prisma/client/runtime/library.js:111:11869) {
    clientVersion: '6.12.0',
    errorCode: undefined,
    retryable: undefined
  },
  level: 'error',
  message: 'unhandledRejection: Prisma Client could not locate the Query Engine for runtime "debian-openssl-3.0.x".\n' +
    '\n' +
    'This happened because Prisma Client was generated for "darwin-arm64", but the actual deployment required "debian-openssl-3.0.x".\n' +
    'Add "debian-openssl-3.0.x" to `binaryTargets` in the "schema.prisma" file and run `prisma generate` after saving it:\n' +
    '\n' +
    'generator client {\n' +
    '  provider      = "prisma-client-js"\n' +
    '  binaryTargets = ["native", "debian-openssl-3.0.x"]\n' +
    '}\n' +
    '\n' +
    'The following locations have been searched:\n' +
    '  /var/www/Cosaif/node_modules/.prisma/client\n' +
    '  /var/www/Cosaif/node_modules/@prisma/client\n' +
    '  /Users/viankodesarrollo/Documents/CosaifBack/BackCosaif/node_modules/@prisma/client\n' +
    '  /tmp/prisma-engines\n' +
    '  /var/www/Cosaif/prisma\n' +
    'PrismaClientInitializationError: Prisma Client could not locate the Query Engine for runtime "debian-openssl-3.0.x".\n' +
    '\n' +
    'This happened because Prisma Client was generated for "darwin-arm64", but the actual deployment required "debian-openssl-3.0.x".\n' +
    'Add "debian-openssl-3.0.x" to `binaryTargets` in the "schema.prisma" file and run `prisma generate` after saving it:\n' +
    '\n' +
    'generator client {\n' +
    '  provider      = "prisma-client-js"\n' +
    '  binaryTargets = ["native", "debian-openssl-3.0.x"]\n' +
    '}\n' +
    '\n' +
    'The following locations have been searched:\n' +
    '  /var/www/Cosaif/node_modules/.prisma/client\n' +
    '  /var/www/Cosaif/node_modules/@prisma/client\n' +
    '  /Users/viankodesarrollo/Documents/CosaifBack/BackCosaif/node_modules/@prisma/client\n' +
    '  /tmp/prisma-engines\n' +
    '  /var/www/Cosaif/prisma\n' +
    '    at yl (/var/www/Cosaif/node_modules/@prisma/client/runtime/library.js:64:805)\n' +
    '    at async Object.loadLibrary (/var/www/Cosaif/node_modules/@prisma/client/runtime/library.js:111:7966)\n' +
    '    at async Gr.loadEngine (/var/www/Cosaif/node_modules/@prisma/client/runtime/library.js:112:448)\n' +
    '    at async Gr.instantiateLibrary (/var/www/Cosaif/node_modules/@prisma/client/runtime/library.js:111:11869)',
  stack: 'PrismaClientInitializationError: Prisma Client could not locate the Query Engine for runtime "debian-openssl-3.0.x".\n' +
    '\n' +
    'This happened because Prisma Client was generated for "darwin-arm64", but the actual deployment required "debian-openssl-3.0.x".\n' +
    'Add "debian-openssl-3.0.x" to `binaryTargets` in the "schema.prisma" file and run `prisma generate` after saving it:\n' +
    '\n' +
    'generator client {\n' +
    '  provider      = "prisma-client-js"\n' +
    '  binaryTargets = ["native", "debian-openssl-3.0.x"]\n' +
    '}\n' +
    '\n' +
    'The following locations have been searched:\n' +
    '  /var/www/Cosaif/node_modules/.prisma/client\n' +
    '  /var/www/Cosaif/node_modules/@prisma/client\n' +
    '  /Users/viankodesarrollo/Documents/CosaifBack/BackCosaif/node_modules/@prisma/client\n' +
    '  /tmp/prisma-engines\n' +
    '  /var/www/Cosaif/prisma\n' +
    '    at yl (/var/www/Cosaif/node_modules/@prisma/client/runtime/library.js:64:805)\n' +
    '    at async Object.loadLibrary (/var/www/Cosaif/node_modules/@prisma/client/runtime/library.js:111:7966)\n' +
    '    at async Gr.loadEngine (/var/www/Cosaif/node_modules/@prisma/client/runtime/library.js:112:448)\n' +
    '    at async Gr.instantiateLibrary (/var/www/Cosaif/node_modules/@prisma/client/runtime/library.js:111:11869)',
  rejection: true,
  date: 'Thu Jul 24 2025 16:40:24 GMT+0000 (Coordinated Universal Time)',
  process: {
    pid: 274292,
    uid: 0,
    gid: 0,
    cwd: '/var/www/Cosaif',
    execPath: '/usr/bin/node',
    version: 'v20.19.2',
    argv: [
      '/usr/bin/node',
      '/usr/lib/node_modules/pm2/lib/ProcessContainerFork.js'
    ],
    memoryUsage: {
      rss: 106815488,
      heapTotal: 55369728,
      heapUsed: 23510080,
      external: 2638722,
      arrayBuffers: 122144
    }
  },
  os: { loadavg: [ 0.06, 0.03, 0 ], uptime: 2508623.42 },
  trace: [
    {
      column: 805,
      file: '/var/www/Cosaif/node_modules/@prisma/client/runtime/library.js',
      function: 'yl',
      line: 64,
      method: null,
      native: false
    },
    {
      column: 7966,
      file: '/var/www/Cosaif/node_modules/@prisma/client/runtime/library.js',
      function: 'async Object.loadLibrary',
      line: 111,
      method: 'loadLibrary',
      native: false
    },
    {
      column: 448,
      file: '/var/www/Cosaif/node_modules/@prisma/client/runtime/library.js',
      function: 'async Gr.loadEngine',
      line: 112,
      method: 'loadEngine',
      native: false
    },
    {
      column: 11869,
      file: '/var/www/Cosaif/node_modules/@prisma/client/runtime/library.js',
      function: 'async Gr.instantiateLibrary',
      line: 111,
      method: 'instantiateLibrary',
      native: false
    }
  ],
  service: 'IncidenteModel',
  module: 'Movimientos/Incidente',
  timestamp: '2025-07-24 16:40:24'
}
{
  error: PrismaClientInitializationError: Prisma Client could not locate the Query Engine for runtime "debian-openssl-3.0.x".
  
  This happened because Prisma Client was generated for "darwin-arm64", but the actual deployment required "debian-openssl-3.0.x".
  Add "debian-openssl-3.0.x" to `binaryTargets` in the "schema.prisma" file and run `prisma generate` after saving it:
  
  generator client {
    provider      = "prisma-client-js"
    binaryTargets = ["native", "debian-openssl-3.0.x"]
  }
  
  The following locations have been searched:
    /var/www/Cosaif/node_modules/.prisma/client
    /var/www/Cosaif/node_modules/@prisma/client
    /Users/viankodesarrollo/Documents/CosaifBack/BackCosaif/node_modules/@prisma/client
    /tmp/prisma-engines
    /var/www/Cosaif/prisma
      at yl (/var/www/Cosaif/node_modules/@prisma/client/runtime/library.js:64:805)
      at async Object.loadLibrary (/var/www/Cosaif/node_modules/@prisma/client/runtime/library.js:111:7966)
      at async Gr.loadEngine (/var/www/Cosaif/node_modules/@prisma/client/runtime/library.js:112:448)
      at async Gr.instantiateLibrary (/var/www/Cosaif/node_modules/@prisma/client/runtime/library.js:111:11869) {
    clientVersion: '6.12.0',
    errorCode: undefined,
    retryable: undefined
  },
  level: 'error',
  message: 'unhandledRejection: Prisma Client could not locate the Query Engine for runtime "debian-openssl-3.0.x".\n' +
    '\n' +
    'This happened because Prisma Client was generated for "darwin-arm64", but the actual deployment required "debian-openssl-3.0.x".\n' +
    'Add "debian-openssl-3.0.x" to `binaryTargets` in the "schema.prisma" file and run `prisma generate` after saving it:\n' +
    '\n' +
    'generator client {\n' +
    '  provider      = "prisma-client-js"\n' +
    '  binaryTargets = ["native", "debian-openssl-3.0.x"]\n' +
    '}\n' +
    '\n' +
    'The following locations have been searched:\n' +
    '  /var/www/Cosaif/node_modules/.prisma/client\n' +
    '  /var/www/Cosaif/node_modules/@prisma/client\n' +
    '  /Users/viankodesarrollo/Documents/CosaifBack/BackCosaif/node_modules/@prisma/client\n' +
    '  /tmp/prisma-engines\n' +
    '  /var/www/Cosaif/prisma\n' +
    'PrismaClientInitializationError: Prisma Client could not locate the Query Engine for runtime "debian-openssl-3.0.x".\n' +
    '\n' +
    'This happened because Prisma Client was generated for "darwin-arm64", but the actual deployment required "debian-openssl-3.0.x".\n' +
    'Add "debian-openssl-3.0.x" to `binaryTargets` in the "schema.prisma" file and run `prisma generate` after saving it:\n' +
    '\n' +
    'generator client {\n' +
    '  provider      = "prisma-client-js"\n' +
    '  binaryTargets = ["native", "debian-openssl-3.0.x"]\n' +
    '}\n' +
    '\n' +
    'The following locations have been searched:\n' +
    '  /var/www/Cosaif/node_modules/.prisma/client\n' +
    '  /var/www/Cosaif/node_modules/@prisma/client\n' +
    '  /Users/viankodesarrollo/Documents/CosaifBack/BackCosaif/node_modules/@prisma/client\n' +
    '  /tmp/prisma-engines\n' +
    '  /var/www/Cosaif/prisma\n' +
    '    at yl (/var/www/Cosaif/node_modules/@prisma/client/runtime/library.js:64:805)\n' +
    '    at async Object.loadLibrary (/var/www/Cosaif/node_modules/@prisma/client/runtime/library.js:111:7966)\n' +
    '    at async Gr.loadEngine (/var/www/Cosaif/node_modules/@prisma/client/runtime/library.js:112:448)\n' +
    '    at async Gr.instantiateLibrary (/var/www/Cosaif/node_modules/@prisma/client/runtime/library.js:111:11869)',
  stack: 'PrismaClientInitializationError: Prisma Client could not locate the Query Engine for runtime "debian-openssl-3.0.x".\n' +
    '\n' +
    'This happened because Prisma Client was generated for "darwin-arm64", but the actual deployment required "debian-openssl-3.0.x".\n' +
    'Add "debian-openssl-3.0.x" to `binaryTargets` in the "schema.prisma" file and run `prisma generate` after saving it:\n' +
    '\n' +
    'generator client {\n' +
    '  provider      = "prisma-client-js"\n' +
    '  binaryTargets = ["native", "debian-openssl-3.0.x"]\n' +
    '}\n' +
    '\n' +
    'The following locations have been searched:\n' +
    '  /var/www/Cosaif/node_modules/.prisma/client\n' +
    '  /var/www/Cosaif/node_modules/@prisma/client\n' +
    '  /Users/viankodesarrollo/Documents/CosaifBack/BackCosaif/node_modules/@prisma/client\n' +
    '  /tmp/prisma-engines\n' +
    '  /var/www/Cosaif/prisma\n' +
    '    at yl (/var/www/Cosaif/node_modules/@prisma/client/runtime/library.js:64:805)\n' +
    '    at async Object.loadLibrary (/var/www/Cosaif/node_modules/@prisma/client/runtime/library.js:111:7966)\n' +
    '    at async Gr.loadEngine (/var/www/Cosaif/node_modules/@prisma/client/runtime/library.js:112:448)\n' +
    '    at async Gr.instantiateLibrary (/var/www/Cosaif/node_modules/@prisma/client/runtime/library.js:111:11869)',
  rejection: true,
  date: 'Thu Jul 24 2025 16:40:24 GMT+0000 (Coordinated Universal Time)',
  process: {
    pid: 274292,
    uid: 0,
    gid: 0,
    cwd: '/var/www/Cosaif',
    execPath: '/usr/bin/node',
    version: 'v20.19.2',
    argv: [
      '/usr/bin/node',
      '/usr/lib/node_modules/pm2/lib/ProcessContainerFork.js'
    ],
    memoryUsage: {
      rss: 106815488,
      heapTotal: 55369728,
      heapUsed: 24349064,
      external: 2699368,
      arrayBuffers: 182790
    }
  },
  os: { loadavg: [ 0.06, 0.03, 0 ], uptime: 2508623.42 },
  trace: [
    {
      column: 805,
      file: '/var/www/Cosaif/node_modules/@prisma/client/runtime/library.js',
      function: 'yl',
      line: 64,
      method: null,
      native: false
    },
    {
      column: 7966,
      file: '/var/www/Cosaif/node_modules/@prisma/client/runtime/library.js',
      function: 'async Object.loadLibrary',
      line: 111,
      method: 'loadLibrary',
      native: false
    },
    {
      column: 448,
      file: '/var/www/Cosaif/node_modules/@prisma/client/runtime/library.js',
      function: 'async Gr.loadEngine',
      line: 112,
      method: 'loadEngine',
      native: false
    },
    {
      column: 11869,
      file: '/var/www/Cosaif/node_modules/@prisma/client/runtime/library.js',
      function: 'async Gr.instantiateLibrary',
      line: 111,
      method: 'instantiateLibrary',
      native: false
    }
  ],
  service: 'IncidenteModel',
  module: 'Movimientos/Incidente',
  timestamp: '2025-07-24 16:40:24'
}
{
  error: PrismaClientInitializationError: Prisma Client could not locate the Query Engine for runtime "debian-openssl-3.0.x".
  
  This happened because Prisma Client was generated for "darwin-arm64", but the actual deployment required "debian-openssl-3.0.x".
  Add "debian-openssl-3.0.x" to `binaryTargets` in the "schema.prisma" file and run `prisma generate` after saving it:
  
  generator client {
    provider      = "prisma-client-js"
    binaryTargets = ["native", "debian-openssl-3.0.x"]
  }
  
  The following locations have been searched:
    /var/www/Cosaif/node_modules/.prisma/client
    /var/www/Cosaif/node_modules/@prisma/client
    /Users/viankodesarrollo/Documents/CosaifBack/BackCosaif/node_modules/@prisma/client
    /tmp/prisma-engines
    /var/www/Cosaif/prisma
      at yl (/var/www/Cosaif/node_modules/@prisma/client/runtime/library.js:64:805)
      at async Object.loadLibrary (/var/www/Cosaif/node_modules/@prisma/client/runtime/library.js:111:7966)
      at async Gr.loadEngine (/var/www/Cosaif/node_modules/@prisma/client/runtime/library.js:112:448)
      at async Gr.instantiateLibrary (/var/www/Cosaif/node_modules/@prisma/client/runtime/library.js:111:11869) {
    clientVersion: '6.12.0',
    errorCode: undefined,
    retryable: undefined
  },
  level: 'error',
  message: 'unhandledRejection: Prisma Client could not locate the Query Engine for runtime "debian-openssl-3.0.x".\n' +
    '\n' +
    'This happened because Prisma Client was generated for "darwin-arm64", but the actual deployment required "debian-openssl-3.0.x".\n' +
    'Add "debian-openssl-3.0.x" to `binaryTargets` in the "schema.prisma" file and run `prisma generate` after saving it:\n' +
    '\n' +
    'generator client {\n' +
    '  provider      = "prisma-client-js"\n' +
    '  binaryTargets = ["native", "debian-openssl-3.0.x"]\n' +
    '}\n' +
    '\n' +
    'The following locations have been searched:\n' +
    '  /var/www/Cosaif/node_modules/.prisma/client\n' +
    '  /var/www/Cosaif/node_modules/@prisma/client\n' +
    '  /Users/viankodesarrollo/Documents/CosaifBack/BackCosaif/node_modules/@prisma/client\n' +
    '  /tmp/prisma-engines\n' +
    '  /var/www/Cosaif/prisma\n' +
    'PrismaClientInitializationError: Prisma Client could not locate the Query Engine for runtime "debian-openssl-3.0.x".\n' +
    '\n' +
    'This happened because Prisma Client was generated for "darwin-arm64", but the actual deployment required "debian-openssl-3.0.x".\n' +
    'Add "debian-openssl-3.0.x" to `binaryTargets` in the "schema.prisma" file and run `prisma generate` after saving it:\n' +
    '\n' +
    'generator client {\n' +
    '  provider      = "prisma-client-js"\n' +
    '  binaryTargets = ["native", "debian-openssl-3.0.x"]\n' +
    '}\n' +
    '\n' +
    'The following locations have been searched:\n' +
    '  /var/www/Cosaif/node_modules/.prisma/client\n' +
    '  /var/www/Cosaif/node_modules/@prisma/client\n' +
    '  /Users/viankodesarrollo/Documents/CosaifBack/BackCosaif/node_modules/@prisma/client\n' +
    '  /tmp/prisma-engines\n' +
    '  /var/www/Cosaif/prisma\n' +
    '    at yl (/var/www/Cosaif/node_modules/@prisma/client/runtime/library.js:64:805)\n' +
    '    at async Object.loadLibrary (/var/www/Cosaif/node_modules/@prisma/client/runtime/library.js:111:7966)\n' +
    '    at async Gr.loadEngine (/var/www/Cosaif/node_modules/@prisma/client/runtime/library.js:112:448)\n' +
    '    at async Gr.instantiateLibrary (/var/www/Cosaif/node_modules/@prisma/client/runtime/library.js:111:11869)',
  stack: 'PrismaClientInitializationError: Prisma Client could not locate the Query Engine for runtime "debian-openssl-3.0.x".\n' +
    '\n' +
    'This happened because Prisma Client was generated for "darwin-arm64", but the actual deployment required "debian-openssl-3.0.x".\n' +
    'Add "debian-openssl-3.0.x" to `binaryTargets` in the "schema.prisma" file and run `prisma generate` after saving it:\n' +
    '\n' +
    'generator client {\n' +
    '  provider      = "prisma-client-js"\n' +
    '  binaryTargets = ["native", "debian-openssl-3.0.x"]\n' +
    '}\n' +
    '\n' +
    'The following locations have been searched:\n' +
    '  /var/www/Cosaif/node_modules/.prisma/client\n' +
    '  /var/www/Cosaif/node_modules/@prisma/client\n' +
    '  /Users/viankodesarrollo/Documents/CosaifBack/BackCosaif/node_modules/@prisma/client\n' +
    '  /tmp/prisma-engines\n' +
    '  /var/www/Cosaif/prisma\n' +
    '    at yl (/var/www/Cosaif/node_modules/@prisma/client/runtime/library.js:64:805)\n' +
    '    at async Object.loadLibrary (/var/www/Cosaif/node_modules/@prisma/client/runtime/library.js:111:7966)\n' +
    '    at async Gr.loadEngine (/var/www/Cosaif/node_modules/@prisma/client/runtime/library.js:112:448)\n' +
    '    at async Gr.instantiateLibrary (/var/www/Cosaif/node_modules/@prisma/client/runtime/library.js:111:11869)',
  rejection: true,
  date: 'Thu Jul 24 2025 16:40:24 GMT+0000 (Coordinated Universal Time)',
  process: {
    pid: 274303,
    uid: 0,
    gid: 0,
    cwd: '/var/www/Cosaif',
    execPath: '/usr/bin/node',
    version: 'v20.19.2',
    argv: [
      '/usr/bin/node',
      '/usr/lib/node_modules/pm2/lib/ProcessContainerFork.js'
    ],
    memoryUsage: {
      rss: 106000384,
      heapTotal: 55369728,
      heapUsed: 22467352,
      external: 2578084,
      arrayBuffers: 61506
    }
  },
  os: { loadavg: [ 0.06, 0.03, 0 ], uptime: 2508623.98 },
  trace: [
    {
      column: 805,
      file: '/var/www/Cosaif/node_modules/@prisma/client/runtime/library.js',
      function: 'yl',
      line: 64,
      method: null,
      native: false
    },
    {
      column: 7966,
      file: '/var/www/Cosaif/node_modules/@prisma/client/runtime/library.js',
      function: 'async Object.loadLibrary',
      line: 111,
      method: 'loadLibrary',
      native: false
    },
    {
      column: 448,
      file: '/var/www/Cosaif/node_modules/@prisma/client/runtime/library.js',
      function: 'async Gr.loadEngine',
      line: 112,
      method: 'loadEngine',
      native: false
    },
    {
      column: 11869,
      file: '/var/www/Cosaif/node_modules/@prisma/client/runtime/library.js',
      function: 'async Gr.instantiateLibrary',
      line: 111,
      method: 'instantiateLibrary',
      native: false
    }
  ],
  service: 'IncidenteModel',
  module: 'Movimientos/Incidente',
  timestamp: '2025-07-24 16:40:24'
}
{
  error: PrismaClientInitializationError: Prisma Client could not locate the Query Engine for runtime "debian-openssl-3.0.x".
  
  This happened because Prisma Client was generated for "darwin-arm64", but the actual deployment required "debian-openssl-3.0.x".
  Add "debian-openssl-3.0.x" to `binaryTargets` in the "schema.prisma" file and run `prisma generate` after saving it:
  
  generator client {
    provider      = "prisma-client-js"
    binaryTargets = ["native", "debian-openssl-3.0.x"]
  }
  
  The following locations have been searched:
    /var/www/Cosaif/node_modules/.prisma/client
    /var/www/Cosaif/node_modules/@prisma/client
    /Users/viankodesarrollo/Documents/CosaifBack/BackCosaif/node_modules/@prisma/client
    /tmp/prisma-engines
    /var/www/Cosaif/prisma
      at yl (/var/www/Cosaif/node_modules/@prisma/client/runtime/library.js:64:805)
      at async Object.loadLibrary (/var/www/Cosaif/node_modules/@prisma/client/runtime/library.js:111:7966)
      at async Gr.loadEngine (/var/www/Cosaif/node_modules/@prisma/client/runtime/library.js:112:448)
      at async Gr.instantiateLibrary (/var/www/Cosaif/node_modules/@prisma/client/runtime/library.js:111:11869) {
    clientVersion: '6.12.0',
    errorCode: undefined,
    retryable: undefined
  },
  level: 'error',
  message: 'unhandledRejection: Prisma Client could not locate the Query Engine for runtime "debian-openssl-3.0.x".\n' +
    '\n' +
    'This happened because Prisma Client was generated for "darwin-arm64", but the actual deployment required "debian-openssl-3.0.x".\n' +
    'Add "debian-openssl-3.0.x" to `binaryTargets` in the "schema.prisma" file and run `prisma generate` after saving it:\n' +
    '\n' +
    'generator client {\n' +
    '  provider      = "prisma-client-js"\n' +
    '  binaryTargets = ["native", "debian-openssl-3.0.x"]\n' +
    '}\n' +
    '\n' +
    'The following locations have been searched:\n' +
    '  /var/www/Cosaif/node_modules/.prisma/client\n' +
    '  /var/www/Cosaif/node_modules/@prisma/client\n' +
    '  /Users/viankodesarrollo/Documents/CosaifBack/BackCosaif/node_modules/@prisma/client\n' +
    '  /tmp/prisma-engines\n' +
    '  /var/www/Cosaif/prisma\n' +
    'PrismaClientInitializationError: Prisma Client could not locate the Query Engine for runtime "debian-openssl-3.0.x".\n' +
    '\n' +
    'This happened because Prisma Client was generated for "darwin-arm64", but the actual deployment required "debian-openssl-3.0.x".\n' +
    'Add "debian-openssl-3.0.x" to `binaryTargets` in the "schema.prisma" file and run `prisma generate` after saving it:\n' +
    '\n' +
    'generator client {\n' +
    '  provider      = "prisma-client-js"\n' +
    '  binaryTargets = ["native", "debian-openssl-3.0.x"]\n' +
    '}\n' +
    '\n' +
    'The following locations have been searched:\n' +
    '  /var/www/Cosaif/node_modules/.prisma/client\n' +
    '  /var/www/Cosaif/node_modules/@prisma/client\n' +
    '  /Users/viankodesarrollo/Documents/CosaifBack/BackCosaif/node_modules/@prisma/client\n' +
    '  /tmp/prisma-engines\n' +
    '  /var/www/Cosaif/prisma\n' +
    '    at yl (/var/www/Cosaif/node_modules/@prisma/client/runtime/library.js:64:805)\n' +
    '    at async Object.loadLibrary (/var/www/Cosaif/node_modules/@prisma/client/runtime/library.js:111:7966)\n' +
    '    at async Gr.loadEngine (/var/www/Cosaif/node_modules/@prisma/client/runtime/library.js:112:448)\n' +
    '    at async Gr.instantiateLibrary (/var/www/Cosaif/node_modules/@prisma/client/runtime/library.js:111:11869)',
  stack: 'PrismaClientInitializationError: Prisma Client could not locate the Query Engine for runtime "debian-openssl-3.0.x".\n' +
    '\n' +
    'This happened because Prisma Client was generated for "darwin-arm64", but the actual deployment required "debian-openssl-3.0.x".\n' +
    'Add "debian-openssl-3.0.x" to `binaryTargets` in the "schema.prisma" file and run `prisma generate` after saving it:\n' +
    '\n' +
    'generator client {\n' +
    '  provider      = "prisma-client-js"\n' +
    '  binaryTargets = ["native", "debian-openssl-3.0.x"]\n' +
    '}\n' +
    '\n' +
    'The following locations have been searched:\n' +
    '  /var/www/Cosaif/node_modules/.prisma/client\n' +
    '  /var/www/Cosaif/node_modules/@prisma/client\n' +
    '  /Users/viankodesarrollo/Documents/CosaifBack/BackCosaif/node_modules/@prisma/client\n' +
    '  /tmp/prisma-engines\n' +
    '  /var/www/Cosaif/prisma\n' +
    '    at yl (/var/www/Cosaif/node_modules/@prisma/client/runtime/library.js:64:805)\n' +
    '    at async Object.loadLibrary (/var/www/Cosaif/node_modules/@prisma/client/runtime/library.js:111:7966)\n' +
    '    at async Gr.loadEngine (/var/www/Cosaif/node_modules/@prisma/client/runtime/library.js:112:448)\n' +
    '    at async Gr.instantiateLibrary (/var/www/Cosaif/node_modules/@prisma/client/runtime/library.js:111:11869)',
  rejection: true,
  date: 'Thu Jul 24 2025 16:40:25 GMT+0000 (Coordinated Universal Time)',
  process: {
    pid: 274314,
    uid: 0,
    gid: 0,
    cwd: '/var/www/Cosaif',
    execPath: '/usr/bin/node',
    version: 'v20.19.2',
    argv: [
      '/usr/bin/node',
      '/usr/lib/node_modules/pm2/lib/ProcessContainerFork.js'
    ],
    memoryUsage: {
      rss: 106913792,
      heapTotal: 38330368,
      heapUsed: 22609872,
      external: 2578099,
      arrayBuffers: 61521
    }
  },
  os: { loadavg: [ 0.45, 0.12, 0.03 ], uptime: 2508624.49 },
  trace: [
    {
      column: 805,
      file: '/var/www/Cosaif/node_modules/@prisma/client/runtime/library.js',
      function: 'yl',
      line: 64,
      method: null,
      native: false
    },
    {
      column: 7966,
      file: '/var/www/Cosaif/node_modules/@prisma/client/runtime/library.js',
      function: 'async Object.loadLibrary',
      line: 111,
      method: 'loadLibrary',
      native: false
    },
    {
      column: 448,
      file: '/var/www/Cosaif/node_modules/@prisma/client/runtime/library.js',
      function: 'async Gr.loadEngine',
      line: 112,
      method: 'loadEngine',
      native: false
    },
    {
      column: 11869,
      file: '/var/www/Cosaif/node_modules/@prisma/client/runtime/library.js',
      function: 'async Gr.instantiateLibrary',
      line: 111,
      method: 'instantiateLibrary',
      native: false
    }
  ],
  service: 'IncidenteModel',
  module: 'Movimientos/Incidente',
  timestamp: '2025-07-24 16:40:25'
}
{
  error: PrismaClientInitializationError: Prisma Client could not locate the Query Engine for runtime "debian-openssl-3.0.x".
  
  This happened because Prisma Client was generated for "darwin-arm64", but the actual deployment required "debian-openssl-3.0.x".
  Add "debian-openssl-3.0.x" to `binaryTargets` in the "schema.prisma" file and run `prisma generate` after saving it:
  
  generator client {
    provider      = "prisma-client-js"
    binaryTargets = ["native", "debian-openssl-3.0.x"]
  }
  
  The following locations have been searched:
    /var/www/Cosaif/node_modules/.prisma/client
    /var/www/Cosaif/node_modules/@prisma/client
    /Users/viankodesarrollo/Documents/CosaifBack/BackCosaif/node_modules/@prisma/client
    /tmp/prisma-engines
    /var/www/Cosaif/prisma
      at yl (/var/www/Cosaif/node_modules/@prisma/client/runtime/library.js:64:805)
      at async Object.loadLibrary (/var/www/Cosaif/node_modules/@prisma/client/runtime/library.js:111:7966)
      at async Gr.loadEngine (/var/www/Cosaif/node_modules/@prisma/client/runtime/library.js:112:448)
      at async Gr.instantiateLibrary (/var/www/Cosaif/node_modules/@prisma/client/runtime/library.js:111:11869) {
    clientVersion: '6.12.0',
    errorCode: undefined,
    retryable: undefined
  },
  level: 'error',
  message: 'unhandledRejection: Prisma Client could not locate the Query Engine for runtime "debian-openssl-3.0.x".\n' +
    '\n' +
    'This happened because Prisma Client was generated for "darwin-arm64", but the actual deployment required "debian-openssl-3.0.x".\n' +
    'Add "debian-openssl-3.0.x" to `binaryTargets` in the "schema.prisma" file and run `prisma generate` after saving it:\n' +
    '\n' +
    'generator client {\n' +
    '  provider      = "prisma-client-js"\n' +
    '  binaryTargets = ["native", "debian-openssl-3.0.x"]\n' +
    '}\n' +
    '\n' +
    'The following locations have been searched:\n' +
    '  /var/www/Cosaif/node_modules/.prisma/client\n' +
    '  /var/www/Cosaif/node_modules/@prisma/client\n' +
    '  /Users/viankodesarrollo/Documents/CosaifBack/BackCosaif/node_modules/@prisma/client\n' +
    '  /tmp/prisma-engines\n' +
    '  /var/www/Cosaif/prisma\n' +
    'PrismaClientInitializationError: Prisma Client could not locate the Query Engine for runtime "debian-openssl-3.0.x".\n' +
    '\n' +
    'This happened because Prisma Client was generated for "darwin-arm64", but the actual deployment required "debian-openssl-3.0.x".\n' +
    'Add "debian-openssl-3.0.x" to `binaryTargets` in the "schema.prisma" file and run `prisma generate` after saving it:\n' +
    '\n' +
    'generator client {\n' +
    '  provider      = "prisma-client-js"\n' +
    '  binaryTargets = ["native", "debian-openssl-3.0.x"]\n' +
    '}\n' +
    '\n' +
    'The following locations have been searched:\n' +
    '  /var/www/Cosaif/node_modules/.prisma/client\n' +
    '  /var/www/Cosaif/node_modules/@prisma/client\n' +
    '  /Users/viankodesarrollo/Documents/CosaifBack/BackCosaif/node_modules/@prisma/client\n' +
    '  /tmp/prisma-engines\n' +
    '  /var/www/Cosaif/prisma\n' +
    '    at yl (/var/www/Cosaif/node_modules/@prisma/client/runtime/library.js:64:805)\n' +
    '    at async Object.loadLibrary (/var/www/Cosaif/node_modules/@prisma/client/runtime/library.js:111:7966)\n' +
    '    at async Gr.loadEngine (/var/www/Cosaif/node_modules/@prisma/client/runtime/library.js:112:448)\n' +
    '    at async Gr.instantiateLibrary (/var/www/Cosaif/node_modules/@prisma/client/runtime/library.js:111:11869)',
  stack: 'PrismaClientInitializationError: Prisma Client could not locate the Query Engine for runtime "debian-openssl-3.0.x".\n' +
    '\n' +
    'This happened because Prisma Client was generated for "darwin-arm64", but the actual deployment required "debian-openssl-3.0.x".\n' +
    'Add "debian-openssl-3.0.x" to `binaryTargets` in the "schema.prisma" file and run `prisma generate` after saving it:\n' +
    '\n' +
    'generator client {\n' +
    '  provider      = "prisma-client-js"\n' +
    '  binaryTargets = ["native", "debian-openssl-3.0.x"]\n' +
    '}\n' +
    '\n' +
    'The following locations have been searched:\n' +
    '  /var/www/Cosaif/node_modules/.prisma/client\n' +
    '  /var/www/Cosaif/node_modules/@prisma/client\n' +
    '  /Users/viankodesarrollo/Documents/CosaifBack/BackCosaif/node_modules/@prisma/client\n' +
    '  /tmp/prisma-engines\n' +
    '  /var/www/Cosaif/prisma\n' +
    '    at yl (/var/www/Cosaif/node_modules/@prisma/client/runtime/library.js:64:805)\n' +
    '    at async Object.loadLibrary (/var/www/Cosaif/node_modules/@prisma/client/runtime/library.js:111:7966)\n' +
    '    at async Gr.loadEngine (/var/www/Cosaif/node_modules/@prisma/client/runtime/library.js:112:448)\n' +
    '    at async Gr.instantiateLibrary (/var/www/Cosaif/node_modules/@prisma/client/runtime/library.js:111:11869)',
  rejection: true,
  date: 'Thu Jul 24 2025 16:40:25 GMT+0000 (Coordinated Universal Time)',
  process: {
    pid: 274325,
    uid: 0,
    gid: 0,
    cwd: '/var/www/Cosaif',
    execPath: '/usr/bin/node',
    version: 'v20.19.2',
    argv: [
      '/usr/bin/node',
      '/usr/lib/node_modules/pm2/lib/ProcessContainerFork.js'
    ],
    memoryUsage: {
      rss: 106323968,
      heapTotal: 38592512,
      heapUsed: 22601032,
      external: 2578099,
      arrayBuffers: 61521
    }
  },
  os: { loadavg: [ 0.45, 0.12, 0.03 ], uptime: 2508625.01 },
  trace: [
    {
      column: 805,
      file: '/var/www/Cosaif/node_modules/@prisma/client/runtime/library.js',
      function: 'yl',
      line: 64,
      method: null,
      native: false
    },
    {
      column: 7966,
      file: '/var/www/Cosaif/node_modules/@prisma/client/runtime/library.js',
      function: 'async Object.loadLibrary',
      line: 111,
      method: 'loadLibrary',
      native: false
    },
    {
      column: 448,
      file: '/var/www/Cosaif/node_modules/@prisma/client/runtime/library.js',
      function: 'async Gr.loadEngine',
      line: 112,
      method: 'loadEngine',
      native: false
    },
    {
      column: 11869,
      file: '/var/www/Cosaif/node_modules/@prisma/client/runtime/library.js',
      function: 'async Gr.instantiateLibrary',
      line: 111,
      method: 'instantiateLibrary',
      native: false
    }
  ],
  service: 'IncidenteModel',
  module: 'Movimientos/Incidente',
  timestamp: '2025-07-24 16:40:25'
}
{
  error: PrismaClientInitializationError: Prisma Client could not locate the Query Engine for runtime "debian-openssl-3.0.x".
  
  This happened because Prisma Client was generated for "darwin-arm64", but the actual deployment required "debian-openssl-3.0.x".
  Add "debian-openssl-3.0.x" to `binaryTargets` in the "schema.prisma" file and run `prisma generate` after saving it:
  
  generator client {
    provider      = "prisma-client-js"
    binaryTargets = ["native", "debian-openssl-3.0.x"]
  }
  
  The following locations have been searched:
    /var/www/Cosaif/node_modules/.prisma/client
    /var/www/Cosaif/node_modules/@prisma/client
    /Users/viankodesarrollo/Documents/CosaifBack/BackCosaif/node_modules/@prisma/client
    /tmp/prisma-engines
    /var/www/Cosaif/prisma
      at yl (/var/www/Cosaif/node_modules/@prisma/client/runtime/library.js:64:805)
      at async Object.loadLibrary (/var/www/Cosaif/node_modules/@prisma/client/runtime/library.js:111:7966)
      at async Gr.loadEngine (/var/www/Cosaif/node_modules/@prisma/client/runtime/library.js:112:448)
      at async Gr.instantiateLibrary (/var/www/Cosaif/node_modules/@prisma/client/runtime/library.js:111:11869) {
    clientVersion: '6.12.0',
    errorCode: undefined,
    retryable: undefined
  },
  level: 'error',
  message: 'unhandledRejection: Prisma Client could not locate the Query Engine for runtime "debian-openssl-3.0.x".\n' +
    '\n' +
    'This happened because Prisma Client was generated for "darwin-arm64", but the actual deployment required "debian-openssl-3.0.x".\n' +
    'Add "debian-openssl-3.0.x" to `binaryTargets` in the "schema.prisma" file and run `prisma generate` after saving it:\n' +
    '\n' +
    'generator client {\n' +
    '  provider      = "prisma-client-js"\n' +
    '  binaryTargets = ["native", "debian-openssl-3.0.x"]\n' +
    '}\n' +
    '\n' +
    'The following locations have been searched:\n' +
    '  /var/www/Cosaif/node_modules/.prisma/client\n' +
    '  /var/www/Cosaif/node_modules/@prisma/client\n' +
    '  /Users/viankodesarrollo/Documents/CosaifBack/BackCosaif/node_modules/@prisma/client\n' +
    '  /tmp/prisma-engines\n' +
    '  /var/www/Cosaif/prisma\n' +
    'PrismaClientInitializationError: Prisma Client could not locate the Query Engine for runtime "debian-openssl-3.0.x".\n' +
    '\n' +
    'This happened because Prisma Client was generated for "darwin-arm64", but the actual deployment required "debian-openssl-3.0.x".\n' +
    'Add "debian-openssl-3.0.x" to `binaryTargets` in the "schema.prisma" file and run `prisma generate` after saving it:\n' +
    '\n' +
    'generator client {\n' +
    '  provider      = "prisma-client-js"\n' +
    '  binaryTargets = ["native", "debian-openssl-3.0.x"]\n' +
    '}\n' +
    '\n' +
    'The following locations have been searched:\n' +
    '  /var/www/Cosaif/node_modules/.prisma/client\n' +
    '  /var/www/Cosaif/node_modules/@prisma/client\n' +
    '  /Users/viankodesarrollo/Documents/CosaifBack/BackCosaif/node_modules/@prisma/client\n' +
    '  /tmp/prisma-engines\n' +
    '  /var/www/Cosaif/prisma\n' +
    '    at yl (/var/www/Cosaif/node_modules/@prisma/client/runtime/library.js:64:805)\n' +
    '    at async Object.loadLibrary (/var/www/Cosaif/node_modules/@prisma/client/runtime/library.js:111:7966)\n' +
    '    at async Gr.loadEngine (/var/www/Cosaif/node_modules/@prisma/client/runtime/library.js:112:448)\n' +
    '    at async Gr.instantiateLibrary (/var/www/Cosaif/node_modules/@prisma/client/runtime/library.js:111:11869)',
  stack: 'PrismaClientInitializationError: Prisma Client could not locate the Query Engine for runtime "debian-openssl-3.0.x".\n' +
    '\n' +
    'This happened because Prisma Client was generated for "darwin-arm64", but the actual deployment required "debian-openssl-3.0.x".\n' +
    'Add "debian-openssl-3.0.x" to `binaryTargets` in the "schema.prisma" file and run `prisma generate` after saving it:\n' +
    '\n' +
    'generator client {\n' +
    '  provider      = "prisma-client-js"\n' +
    '  binaryTargets = ["native", "debian-openssl-3.0.x"]\n' +
    '}\n' +
    '\n' +
    'The following locations have been searched:\n' +
    '  /var/www/Cosaif/node_modules/.prisma/client\n' +
    '  /var/www/Cosaif/node_modules/@prisma/client\n' +
    '  /Users/viankodesarrollo/Documents/CosaifBack/BackCosaif/node_modules/@prisma/client\n' +
    '  /tmp/prisma-engines\n' +
    '  /var/www/Cosaif/prisma\n' +
    '    at yl (/var/www/Cosaif/node_modules/@prisma/client/runtime/library.js:64:805)\n' +
    '    at async Object.loadLibrary (/var/www/Cosaif/node_modules/@prisma/client/runtime/library.js:111:7966)\n' +
    '    at async Gr.loadEngine (/var/www/Cosaif/node_modules/@prisma/client/runtime/library.js:112:448)\n' +
    '    at async Gr.instantiateLibrary (/var/www/Cosaif/node_modules/@prisma/client/runtime/library.js:111:11869)',
  rejection: true,
  date: 'Thu Jul 24 2025 16:40:26 GMT+0000 (Coordinated Universal Time)',
  process: {
    pid: 274336,
    uid: 0,
    gid: 0,
    cwd: '/var/www/Cosaif',
    execPath: '/usr/bin/node',
    version: 'v20.19.2',
    argv: [
      '/usr/bin/node',
      '/usr/lib/node_modules/pm2/lib/ProcessContainerFork.js'
    ],
    memoryUsage: {
      rss: 105308160,
      heapTotal: 38592512,
      heapUsed: 22509544,
      external: 2578099,
      arrayBuffers: 61521
    }
  },
  os: { loadavg: [ 0.45, 0.12, 0.03 ], uptime: 2508625.49 },
  trace: [
    {
      column: 805,
      file: '/var/www/Cosaif/node_modules/@prisma/client/runtime/library.js',
      function: 'yl',
      line: 64,
      method: null,
      native: false
    },
    {
      column: 7966,
      file: '/var/www/Cosaif/node_modules/@prisma/client/runtime/library.js',
      function: 'async Object.loadLibrary',
      line: 111,
      method: 'loadLibrary',
      native: false
    },
    {
      column: 448,
      file: '/var/www/Cosaif/node_modules/@prisma/client/runtime/library.js',
      function: 'async Gr.loadEngine',
      line: 112,
      method: 'loadEngine',
      native: false
    },
    {
      column: 11869,
      file: '/var/www/Cosaif/node_modules/@prisma/client/runtime/library.js',
      function: 'async Gr.instantiateLibrary',
      line: 111,
      method: 'instantiateLibrary',
      native: false
    }
  ],
  service: 'IncidenteModel',
  module: 'Movimientos/Incidente',
  timestamp: '2025-07-24 16:40:26'
}
{
  error: PrismaClientInitializationError: Prisma Client could not locate the Query Engine for runtime "debian-openssl-3.0.x".
  
  This happened because Prisma Client was generated for "darwin-arm64", but the actual deployment required "debian-openssl-3.0.x".
  Add "debian-openssl-3.0.x" to `binaryTargets` in the "schema.prisma" file and run `prisma generate` after saving it:
  
  generator client {
    provider      = "prisma-client-js"
    binaryTargets = ["native", "debian-openssl-3.0.x"]
  }
  
  The following locations have been searched:
    /var/www/Cosaif/node_modules/.prisma/client
    /var/www/Cosaif/node_modules/@prisma/client
    /Users/viankodesarrollo/Documents/CosaifBack/BackCosaif/node_modules/@prisma/client
    /tmp/prisma-engines
    /var/www/Cosaif/prisma
      at yl (/var/www/Cosaif/node_modules/@prisma/client/runtime/library.js:64:805)
      at async Object.loadLibrary (/var/www/Cosaif/node_modules/@prisma/client/runtime/library.js:111:7966)
      at async Gr.loadEngine (/var/www/Cosaif/node_modules/@prisma/client/runtime/library.js:112:448)
      at async Gr.instantiateLibrary (/var/www/Cosaif/node_modules/@prisma/client/runtime/library.js:111:11869) {
    clientVersion: '6.12.0',
    errorCode: undefined,
    retryable: undefined
  },
  level: 'error',
  message: 'unhandledRejection: Prisma Client could not locate the Query Engine for runtime "debian-openssl-3.0.x".\n' +
    '\n' +
    'This happened because Prisma Client was generated for "darwin-arm64", but the actual deployment required "debian-openssl-3.0.x".\n' +
    'Add "debian-openssl-3.0.x" to `binaryTargets` in the "schema.prisma" file and run `prisma generate` after saving it:\n' +
    '\n' +
    'generator client {\n' +
    '  provider      = "prisma-client-js"\n' +
    '  binaryTargets = ["native", "debian-openssl-3.0.x"]\n' +
    '}\n' +
    '\n' +
    'The following locations have been searched:\n' +
    '  /var/www/Cosaif/node_modules/.prisma/client\n' +
    '  /var/www/Cosaif/node_modules/@prisma/client\n' +
    '  /Users/viankodesarrollo/Documents/CosaifBack/BackCosaif/node_modules/@prisma/client\n' +
    '  /tmp/prisma-engines\n' +
    '  /var/www/Cosaif/prisma\n' +
    'PrismaClientInitializationError: Prisma Client could not locate the Query Engine for runtime "debian-openssl-3.0.x".\n' +
    '\n' +
    'This happened because Prisma Client was generated for "darwin-arm64", but the actual deployment required "debian-openssl-3.0.x".\n' +
    'Add "debian-openssl-3.0.x" to `binaryTargets` in the "schema.prisma" file and run `prisma generate` after saving it:\n' +
    '\n' +
    'generator client {\n' +
    '  provider      = "prisma-client-js"\n' +
    '  binaryTargets = ["native", "debian-openssl-3.0.x"]\n' +
    '}\n' +
    '\n' +
    'The following locations have been searched:\n' +
    '  /var/www/Cosaif/node_modules/.prisma/client\n' +
    '  /var/www/Cosaif/node_modules/@prisma/client\n' +
    '  /Users/viankodesarrollo/Documents/CosaifBack/BackCosaif/node_modules/@prisma/client\n' +
    '  /tmp/prisma-engines\n' +
    '  /var/www/Cosaif/prisma\n' +
    '    at yl (/var/www/Cosaif/node_modules/@prisma/client/runtime/library.js:64:805)\n' +
    '    at async Object.loadLibrary (/var/www/Cosaif/node_modules/@prisma/client/runtime/library.js:111:7966)\n' +
    '    at async Gr.loadEngine (/var/www/Cosaif/node_modules/@prisma/client/runtime/library.js:112:448)\n' +
    '    at async Gr.instantiateLibrary (/var/www/Cosaif/node_modules/@prisma/client/runtime/library.js:111:11869)',
  stack: 'PrismaClientInitializationError: Prisma Client could not locate the Query Engine for runtime "debian-openssl-3.0.x".\n' +
    '\n' +
    'This happened because Prisma Client was generated for "darwin-arm64", but the actual deployment required "debian-openssl-3.0.x".\n' +
    'Add "debian-openssl-3.0.x" to `binaryTargets` in the "schema.prisma" file and run `prisma generate` after saving it:\n' +
    '\n' +
    'generator client {\n' +
    '  provider      = "prisma-client-js"\n' +
    '  binaryTargets = ["native", "debian-openssl-3.0.x"]\n' +
    '}\n' +
    '\n' +
    'The following locations have been searched:\n' +
    '  /var/www/Cosaif/node_modules/.prisma/client\n' +
    '  /var/www/Cosaif/node_modules/@prisma/client\n' +
    '  /Users/viankodesarrollo/Documents/CosaifBack/BackCosaif/node_modules/@prisma/client\n' +
    '  /tmp/prisma-engines\n' +
    '  /var/www/Cosaif/prisma\n' +
    '    at yl (/var/www/Cosaif/node_modules/@prisma/client/runtime/library.js:64:805)\n' +
    '    at async Object.loadLibrary (/var/www/Cosaif/node_modules/@prisma/client/runtime/library.js:111:7966)\n' +
    '    at async Gr.loadEngine (/var/www/Cosaif/node_modules/@prisma/client/runtime/library.js:112:448)\n' +
    '    at async Gr.instantiateLibrary (/var/www/Cosaif/node_modules/@prisma/client/runtime/library.js:111:11869)',
  rejection: true,
  date: 'Thu Jul 24 2025 16:40:26 GMT+0000 (Coordinated Universal Time)',
  process: {
    pid: 274347,
    uid: 0,
    gid: 0,
    cwd: '/var/www/Cosaif',
    execPath: '/usr/bin/node',
    version: 'v20.19.2',
    argv: [
      '/usr/bin/node',
      '/usr/lib/node_modules/pm2/lib/ProcessContainerFork.js'
    ],
    memoryUsage: {
      rss: 104472576,
      heapTotal: 38068224,
      heapUsed: 22607784,
      external: 2578084,
      arrayBuffers: 61506
    }
  },
  os: { loadavg: [ 0.45, 0.12, 0.03 ], uptime: 2508626 },
  trace: [
    {
      column: 805,
      file: '/var/www/Cosaif/node_modules/@prisma/client/runtime/library.js',
      function: 'yl',
      line: 64,
      method: null,
      native: false
    },
    {
      column: 7966,
      file: '/var/www/Cosaif/node_modules/@prisma/client/runtime/library.js',
      function: 'async Object.loadLibrary',
      line: 111,
      method: 'loadLibrary',
      native: false
    },
    {
      column: 448,
      file: '/var/www/Cosaif/node_modules/@prisma/client/runtime/library.js',
      function: 'async Gr.loadEngine',
      line: 112,
      method: 'loadEngine',
      native: false
    },
    {
      column: 11869,
      file: '/var/www/Cosaif/node_modules/@prisma/client/runtime/library.js',
      function: 'async Gr.instantiateLibrary',
      line: 111,
      method: 'instantiateLibrary',
      native: false
    }
  ],
  service: 'IncidenteModel',
  module: 'Movimientos/Incidente',
  timestamp: '2025-07-24 16:40:26'
}
{
  error: PrismaClientInitializationError: Prisma Client could not locate the Query Engine for runtime "debian-openssl-3.0.x".
  
  This happened because Prisma Client was generated for "darwin-arm64", but the actual deployment required "debian-openssl-3.0.x".
  Add "debian-openssl-3.0.x" to `binaryTargets` in the "schema.prisma" file and run `prisma generate` after saving it:
  
  generator client {
    provider      = "prisma-client-js"
    binaryTargets = ["native", "debian-openssl-3.0.x"]
  }
  
  The following locations have been searched:
    /var/www/Cosaif/node_modules/.prisma/client
    /var/www/Cosaif/node_modules/@prisma/client
    /Users/viankodesarrollo/Documents/CosaifBack/BackCosaif/node_modules/@prisma/client
    /tmp/prisma-engines
    /var/www/Cosaif/prisma
      at yl (/var/www/Cosaif/node_modules/@prisma/client/runtime/library.js:64:805)
      at async Object.loadLibrary (/var/www/Cosaif/node_modules/@prisma/client/runtime/library.js:111:7966)
      at async Gr.loadEngine (/var/www/Cosaif/node_modules/@prisma/client/runtime/library.js:112:448)
      at async Gr.instantiateLibrary (/var/www/Cosaif/node_modules/@prisma/client/runtime/library.js:111:11869) {
    clientVersion: '6.12.0',
    errorCode: undefined,
    retryable: undefined
  },
  level: 'error',
  message: 'unhandledRejection: Prisma Client could not locate the Query Engine for runtime "debian-openssl-3.0.x".\n' +
    '\n' +
    'This happened because Prisma Client was generated for "darwin-arm64", but the actual deployment required "debian-openssl-3.0.x".\n' +
    'Add "debian-openssl-3.0.x" to `binaryTargets` in the "schema.prisma" file and run `prisma generate` after saving it:\n' +
    '\n' +
    'generator client {\n' +
    '  provider      = "prisma-client-js"\n' +
    '  binaryTargets = ["native", "debian-openssl-3.0.x"]\n' +
    '}\n' +
    '\n' +
    'The following locations have been searched:\n' +
    '  /var/www/Cosaif/node_modules/.prisma/client\n' +
    '  /var/www/Cosaif/node_modules/@prisma/client\n' +
    '  /Users/viankodesarrollo/Documents/CosaifBack/BackCosaif/node_modules/@prisma/client\n' +
    '  /tmp/prisma-engines\n' +
    '  /var/www/Cosaif/prisma\n' +
    'PrismaClientInitializationError: Prisma Client could not locate the Query Engine for runtime "debian-openssl-3.0.x".\n' +
    '\n' +
    'This happened because Prisma Client was generated for "darwin-arm64", but the actual deployment required "debian-openssl-3.0.x".\n' +
    'Add "debian-openssl-3.0.x" to `binaryTargets` in the "schema.prisma" file and run `prisma generate` after saving it:\n' +
    '\n' +
    'generator client {\n' +
    '  provider      = "prisma-client-js"\n' +
    '  binaryTargets = ["native", "debian-openssl-3.0.x"]\n' +
    '}\n' +
    '\n' +
    'The following locations have been searched:\n' +
    '  /var/www/Cosaif/node_modules/.prisma/client\n' +
    '  /var/www/Cosaif/node_modules/@prisma/client\n' +
    '  /Users/viankodesarrollo/Documents/CosaifBack/BackCosaif/node_modules/@prisma/client\n' +
    '  /tmp/prisma-engines\n' +
    '  /var/www/Cosaif/prisma\n' +
    '    at yl (/var/www/Cosaif/node_modules/@prisma/client/runtime/library.js:64:805)\n' +
    '    at async Object.loadLibrary (/var/www/Cosaif/node_modules/@prisma/client/runtime/library.js:111:7966)\n' +
    '    at async Gr.loadEngine (/var/www/Cosaif/node_modules/@prisma/client/runtime/library.js:112:448)\n' +
    '    at async Gr.instantiateLibrary (/var/www/Cosaif/node_modules/@prisma/client/runtime/library.js:111:11869)',
  stack: 'PrismaClientInitializationError: Prisma Client could not locate the Query Engine for runtime "debian-openssl-3.0.x".\n' +
    '\n' +
    'This happened because Prisma Client was generated for "darwin-arm64", but the actual deployment required "debian-openssl-3.0.x".\n' +
    'Add "debian-openssl-3.0.x" to `binaryTargets` in the "schema.prisma" file and run `prisma generate` after saving it:\n' +
    '\n' +
    'generator client {\n' +
    '  provider      = "prisma-client-js"\n' +
    '  binaryTargets = ["native", "debian-openssl-3.0.x"]\n' +
    '}\n' +
    '\n' +
    'The following locations have been searched:\n' +
    '  /var/www/Cosaif/node_modules/.prisma/client\n' +
    '  /var/www/Cosaif/node_modules/@prisma/client\n' +
    '  /Users/viankodesarrollo/Documents/CosaifBack/BackCosaif/node_modules/@prisma/client\n' +
    '  /tmp/prisma-engines\n' +
    '  /var/www/Cosaif/prisma\n' +
    '    at yl (/var/www/Cosaif/node_modules/@prisma/client/runtime/library.js:64:805)\n' +
    '    at async Object.loadLibrary (/var/www/Cosaif/node_modules/@prisma/client/runtime/library.js:111:7966)\n' +
    '    at async Gr.loadEngine (/var/www/Cosaif/node_modules/@prisma/client/runtime/library.js:112:448)\n' +
    '    at async Gr.instantiateLibrary (/var/www/Cosaif/node_modules/@prisma/client/runtime/library.js:111:11869)',
  rejection: true,
  date: 'Thu Jul 24 2025 16:40:27 GMT+0000 (Coordinated Universal Time)',
  process: {
    pid: 274358,
    uid: 0,
    gid: 0,
    cwd: '/var/www/Cosaif',
    execPath: '/usr/bin/node',
    version: 'v20.19.2',
    argv: [
      '/usr/bin/node',
      '/usr/lib/node_modules/pm2/lib/ProcessContainerFork.js'
    ],
    memoryUsage: {
      rss: 105365504,
      heapTotal: 37806080,
      heapUsed: 22591200,
      external: 2578099,
      arrayBuffers: 61521
    }
  },
  os: { loadavg: [ 0.45, 0.12, 0.03 ], uptime: 2508626.48 },
  trace: [
    {
      column: 805,
      file: '/var/www/Cosaif/node_modules/@prisma/client/runtime/library.js',
      function: 'yl',
      line: 64,
      method: null,
      native: false
    },
    {
      column: 7966,
      file: '/var/www/Cosaif/node_modules/@prisma/client/runtime/library.js',
      function: 'async Object.loadLibrary',
      line: 111,
      method: 'loadLibrary',
      native: false
    },
    {
      column: 448,
      file: '/var/www/Cosaif/node_modules/@prisma/client/runtime/library.js',
      function: 'async Gr.loadEngine',
      line: 112,
      method: 'loadEngine',
      native: false
    },
    {
      column: 11869,
      file: '/var/www/Cosaif/node_modules/@prisma/client/runtime/library.js',
      function: 'async Gr.instantiateLibrary',
      line: 111,
      method: 'instantiateLibrary',
      native: false
    }
  ],
  service: 'IncidenteModel',
  module: 'Movimientos/Incidente',
  timestamp: '2025-07-24 16:40:27'
}
{
  error: PrismaClientInitializationError: Prisma Client could not locate the Query Engine for runtime "debian-openssl-3.0.x".
  
  This happened because Prisma Client was generated for "darwin-arm64", but the actual deployment required "debian-openssl-3.0.x".
  Add "debian-openssl-3.0.x" to `binaryTargets` in the "schema.prisma" file and run `prisma generate` after saving it:
  
  generator client {
    provider      = "prisma-client-js"
    binaryTargets = ["native", "debian-openssl-3.0.x"]
  }
  
  The following locations have been searched:
    /var/www/Cosaif/node_modules/.prisma/client
    /var/www/Cosaif/node_modules/@prisma/client
    /Users/viankodesarrollo/Documents/CosaifBack/BackCosaif/node_modules/@prisma/client
    /tmp/prisma-engines
    /var/www/Cosaif/prisma
      at yl (/var/www/Cosaif/node_modules/@prisma/client/runtime/library.js:64:805)
      at async Object.loadLibrary (/var/www/Cosaif/node_modules/@prisma/client/runtime/library.js:111:7966)
      at async Gr.loadEngine (/var/www/Cosaif/node_modules/@prisma/client/runtime/library.js:112:448)
      at async Gr.instantiateLibrary (/var/www/Cosaif/node_modules/@prisma/client/runtime/library.js:111:11869) {
    clientVersion: '6.12.0',
    errorCode: undefined,
    retryable: undefined
  },
  level: 'error',
  message: 'unhandledRejection: Prisma Client could not locate the Query Engine for runtime "debian-openssl-3.0.x".\n' +
    '\n' +
    'This happened because Prisma Client was generated for "darwin-arm64", but the actual deployment required "debian-openssl-3.0.x".\n' +
    'Add "debian-openssl-3.0.x" to `binaryTargets` in the "schema.prisma" file and run `prisma generate` after saving it:\n' +
    '\n' +
    'generator client {\n' +
    '  provider      = "prisma-client-js"\n' +
    '  binaryTargets = ["native", "debian-openssl-3.0.x"]\n' +
    '}\n' +
    '\n' +
    'The following locations have been searched:\n' +
    '  /var/www/Cosaif/node_modules/.prisma/client\n' +
    '  /var/www/Cosaif/node_modules/@prisma/client\n' +
    '  /Users/viankodesarrollo/Documents/CosaifBack/BackCosaif/node_modules/@prisma/client\n' +
    '  /tmp/prisma-engines\n' +
    '  /var/www/Cosaif/prisma\n' +
    'PrismaClientInitializationError: Prisma Client could not locate the Query Engine for runtime "debian-openssl-3.0.x".\n' +
    '\n' +
    'This happened because Prisma Client was generated for "darwin-arm64", but the actual deployment required "debian-openssl-3.0.x".\n' +
    'Add "debian-openssl-3.0.x" to `binaryTargets` in the "schema.prisma" file and run `prisma generate` after saving it:\n' +
    '\n' +
    'generator client {\n' +
    '  provider      = "prisma-client-js"\n' +
    '  binaryTargets = ["native", "debian-openssl-3.0.x"]\n' +
    '}\n' +
    '\n' +
    'The following locations have been searched:\n' +
    '  /var/www/Cosaif/node_modules/.prisma/client\n' +
    '  /var/www/Cosaif/node_modules/@prisma/client\n' +
    '  /Users/viankodesarrollo/Documents/CosaifBack/BackCosaif/node_modules/@prisma/client\n' +
    '  /tmp/prisma-engines\n' +
    '  /var/www/Cosaif/prisma\n' +
    '    at yl (/var/www/Cosaif/node_modules/@prisma/client/runtime/library.js:64:805)\n' +
    '    at async Object.loadLibrary (/var/www/Cosaif/node_modules/@prisma/client/runtime/library.js:111:7966)\n' +
    '    at async Gr.loadEngine (/var/www/Cosaif/node_modules/@prisma/client/runtime/library.js:112:448)\n' +
    '    at async Gr.instantiateLibrary (/var/www/Cosaif/node_modules/@prisma/client/runtime/library.js:111:11869)',
  stack: 'PrismaClientInitializationError: Prisma Client could not locate the Query Engine for runtime "debian-openssl-3.0.x".\n' +
    '\n' +
    'This happened because Prisma Client was generated for "darwin-arm64", but the actual deployment required "debian-openssl-3.0.x".\n' +
    'Add "debian-openssl-3.0.x" to `binaryTargets` in the "schema.prisma" file and run `prisma generate` after saving it:\n' +
    '\n' +
    'generator client {\n' +
    '  provider      = "prisma-client-js"\n' +
    '  binaryTargets = ["native", "debian-openssl-3.0.x"]\n' +
    '}\n' +
    '\n' +
    'The following locations have been searched:\n' +
    '  /var/www/Cosaif/node_modules/.prisma/client\n' +
    '  /var/www/Cosaif/node_modules/@prisma/client\n' +
    '  /Users/viankodesarrollo/Documents/CosaifBack/BackCosaif/node_modules/@prisma/client\n' +
    '  /tmp/prisma-engines\n' +
    '  /var/www/Cosaif/prisma\n' +
    '    at yl (/var/www/Cosaif/node_modules/@prisma/client/runtime/library.js:64:805)\n' +
    '    at async Object.loadLibrary (/var/www/Cosaif/node_modules/@prisma/client/runtime/library.js:111:7966)\n' +
    '    at async Gr.loadEngine (/var/www/Cosaif/node_modules/@prisma/client/runtime/library.js:112:448)\n' +
    '    at async Gr.instantiateLibrary (/var/www/Cosaif/node_modules/@prisma/client/runtime/library.js:111:11869)',
  rejection: true,
  date: 'Thu Jul 24 2025 16:40:27 GMT+0000 (Coordinated Universal Time)',
  process: {
    pid: 274369,
    uid: 0,
    gid: 0,
    cwd: '/var/www/Cosaif',
    execPath: '/usr/bin/node',
    version: 'v20.19.2',
    argv: [
      '/usr/bin/node',
      '/usr/lib/node_modules/pm2/lib/ProcessContainerFork.js'
    ],
    memoryUsage: {
      rss: 104792064,
      heapTotal: 38592512,
      heapUsed: 22642968,
      external: 2578099,
      arrayBuffers: 61521
    }
  },
  os: { loadavg: [ 0.45, 0.12, 0.03 ], uptime: 2508626.95 },
  trace: [
    {
      column: 805,
      file: '/var/www/Cosaif/node_modules/@prisma/client/runtime/library.js',
      function: 'yl',
      line: 64,
      method: null,
      native: false
    },
    {
      column: 7966,
      file: '/var/www/Cosaif/node_modules/@prisma/client/runtime/library.js',
      function: 'async Object.loadLibrary',
      line: 111,
      method: 'loadLibrary',
      native: false
    },
    {
      column: 448,
      file: '/var/www/Cosaif/node_modules/@prisma/client/runtime/library.js',
      function: 'async Gr.loadEngine',
      line: 112,
      method: 'loadEngine',
      native: false
    },
    {
      column: 11869,
      file: '/var/www/Cosaif/node_modules/@prisma/client/runtime/library.js',
      function: 'async Gr.instantiateLibrary',
      line: 111,
      method: 'instantiateLibrary',
      native: false
    }
  ],
  service: 'IncidenteModel',
  module: 'Movimientos/Incidente',
  timestamp: '2025-07-24 16:40:27'
}
{
  error: PrismaClientInitializationError: Prisma Client could not locate the Query Engine for runtime "debian-openssl-3.0.x".
  
  This happened because Prisma Client was generated for "darwin-arm64", but the actual deployment required "debian-openssl-3.0.x".
  Add "debian-openssl-3.0.x" to `binaryTargets` in the "schema.prisma" file and run `prisma generate` after saving it:
  
  generator client {
    provider      = "prisma-client-js"
    binaryTargets = ["native", "debian-openssl-3.0.x"]
  }
  
  The following locations have been searched:
    /var/www/Cosaif/node_modules/.prisma/client
    /var/www/Cosaif/node_modules/@prisma/client
    /Users/viankodesarrollo/Documents/CosaifBack/BackCosaif/node_modules/@prisma/client
    /tmp/prisma-engines
    /var/www/Cosaif/prisma
      at yl (/var/www/Cosaif/node_modules/@prisma/client/runtime/library.js:64:805)
      at async Object.loadLibrary (/var/www/Cosaif/node_modules/@prisma/client/runtime/library.js:111:7966)
      at async Gr.loadEngine (/var/www/Cosaif/node_modules/@prisma/client/runtime/library.js:112:448)
      at async Gr.instantiateLibrary (/var/www/Cosaif/node_modules/@prisma/client/runtime/library.js:111:11869) {
    clientVersion: '6.12.0',
    errorCode: undefined,
    retryable: undefined
  },
  level: 'error',
  message: 'unhandledRejection: Prisma Client could not locate the Query Engine for runtime "debian-openssl-3.0.x".\n' +
    '\n' +
    'This happened because Prisma Client was generated for "darwin-arm64", but the actual deployment required "debian-openssl-3.0.x".\n' +
    'Add "debian-openssl-3.0.x" to `binaryTargets` in the "schema.prisma" file and run `prisma generate` after saving it:\n' +
    '\n' +
    'generator client {\n' +
    '  provider      = "prisma-client-js"\n' +
    '  binaryTargets = ["native", "debian-openssl-3.0.x"]\n' +
    '}\n' +
    '\n' +
    'The following locations have been searched:\n' +
    '  /var/www/Cosaif/node_modules/.prisma/client\n' +
    '  /var/www/Cosaif/node_modules/@prisma/client\n' +
    '  /Users/viankodesarrollo/Documents/CosaifBack/BackCosaif/node_modules/@prisma/client\n' +
    '  /tmp/prisma-engines\n' +
    '  /var/www/Cosaif/prisma\n' +
    'PrismaClientInitializationError: Prisma Client could not locate the Query Engine for runtime "debian-openssl-3.0.x".\n' +
    '\n' +
    'This happened because Prisma Client was generated for "darwin-arm64", but the actual deployment required "debian-openssl-3.0.x".\n' +
    'Add "debian-openssl-3.0.x" to `binaryTargets` in the "schema.prisma" file and run `prisma generate` after saving it:\n' +
    '\n' +
    'generator client {\n' +
    '  provider      = "prisma-client-js"\n' +
    '  binaryTargets = ["native", "debian-openssl-3.0.x"]\n' +
    '}\n' +
    '\n' +
    'The following locations have been searched:\n' +
    '  /var/www/Cosaif/node_modules/.prisma/client\n' +
    '  /var/www/Cosaif/node_modules/@prisma/client\n' +
    '  /Users/viankodesarrollo/Documents/CosaifBack/BackCosaif/node_modules/@prisma/client\n' +
    '  /tmp/prisma-engines\n' +
    '  /var/www/Cosaif/prisma\n' +
    '    at yl (/var/www/Cosaif/node_modules/@prisma/client/runtime/library.js:64:805)\n' +
    '    at async Object.loadLibrary (/var/www/Cosaif/node_modules/@prisma/client/runtime/library.js:111:7966)\n' +
    '    at async Gr.loadEngine (/var/www/Cosaif/node_modules/@prisma/client/runtime/library.js:112:448)\n' +
    '    at async Gr.instantiateLibrary (/var/www/Cosaif/node_modules/@prisma/client/runtime/library.js:111:11869)',
  stack: 'PrismaClientInitializationError: Prisma Client could not locate the Query Engine for runtime "debian-openssl-3.0.x".\n' +
    '\n' +
    'This happened because Prisma Client was generated for "darwin-arm64", but the actual deployment required "debian-openssl-3.0.x".\n' +
    'Add "debian-openssl-3.0.x" to `binaryTargets` in the "schema.prisma" file and run `prisma generate` after saving it:\n' +
    '\n' +
    'generator client {\n' +
    '  provider      = "prisma-client-js"\n' +
    '  binaryTargets = ["native", "debian-openssl-3.0.x"]\n' +
    '}\n' +
    '\n' +
    'The following locations have been searched:\n' +
    '  /var/www/Cosaif/node_modules/.prisma/client\n' +
    '  /var/www/Cosaif/node_modules/@prisma/client\n' +
    '  /Users/viankodesarrollo/Documents/CosaifBack/BackCosaif/node_modules/@prisma/client\n' +
    '  /tmp/prisma-engines\n' +
    '  /var/www/Cosaif/prisma\n' +
    '    at yl (/var/www/Cosaif/node_modules/@prisma/client/runtime/library.js:64:805)\n' +
    '    at async Object.loadLibrary (/var/www/Cosaif/node_modules/@prisma/client/runtime/library.js:111:7966)\n' +
    '    at async Gr.loadEngine (/var/www/Cosaif/node_modules/@prisma/client/runtime/library.js:112:448)\n' +
    '    at async Gr.instantiateLibrary (/var/www/Cosaif/node_modules/@prisma/client/runtime/library.js:111:11869)',
  rejection: true,
  date: 'Thu Jul 24 2025 16:40:28 GMT+0000 (Coordinated Universal Time)',
  process: {
    pid: 274380,
    uid: 0,
    gid: 0,
    cwd: '/var/www/Cosaif',
    execPath: '/usr/bin/node',
    version: 'v20.19.2',
    argv: [
      '/usr/bin/node',
      '/usr/lib/node_modules/pm2/lib/ProcessContainerFork.js'
    ],
    memoryUsage: {
      rss: 106266624,
      heapTotal: 37806080,
      heapUsed: 22669200,
      external: 2578099,
      arrayBuffers: 61521
    }
  },
  os: { loadavg: [ 0.45, 0.12, 0.03 ], uptime: 2508627.44 },
  trace: [
    {
      column: 805,
      file: '/var/www/Cosaif/node_modules/@prisma/client/runtime/library.js',
      function: 'yl',
      line: 64,
      method: null,
      native: false
    },
    {
      column: 7966,
      file: '/var/www/Cosaif/node_modules/@prisma/client/runtime/library.js',
      function: 'async Object.loadLibrary',
      line: 111,
      method: 'loadLibrary',
      native: false
    },
    {
      column: 448,
      file: '/var/www/Cosaif/node_modules/@prisma/client/runtime/library.js',
      function: 'async Gr.loadEngine',
      line: 112,
      method: 'loadEngine',
      native: false
    },
    {
      column: 11869,
      file: '/var/www/Cosaif/node_modules/@prisma/client/runtime/library.js',
      function: 'async Gr.instantiateLibrary',
      line: 111,
      method: 'instantiateLibrary',
      native: false
    }
  ],
  service: 'IncidenteModel',
  module: 'Movimientos/Incidente',
  timestamp: '2025-07-24 16:40:28'
}
{
  error: PrismaClientInitializationError: Prisma Client could not locate the Query Engine for runtime "debian-openssl-3.0.x".
  
  This happened because Prisma Client was generated for "darwin-arm64", but the actual deployment required "debian-openssl-3.0.x".
  Add "debian-openssl-3.0.x" to `binaryTargets` in the "schema.prisma" file and run `prisma generate` after saving it:
  
  generator client {
    provider      = "prisma-client-js"
    binaryTargets = ["native", "debian-openssl-3.0.x"]
  }
  
  The following locations have been searched:
    /var/www/Cosaif/node_modules/.prisma/client
    /var/www/Cosaif/node_modules/@prisma/client
    /Users/viankodesarrollo/Documents/CosaifBack/BackCosaif/node_modules/@prisma/client
    /tmp/prisma-engines
    /var/www/Cosaif/prisma
      at yl (/var/www/Cosaif/node_modules/@prisma/client/runtime/library.js:64:805)
      at async Object.loadLibrary (/var/www/Cosaif/node_modules/@prisma/client/runtime/library.js:111:7966)
      at async Gr.loadEngine (/var/www/Cosaif/node_modules/@prisma/client/runtime/library.js:112:448)
      at async Gr.instantiateLibrary (/var/www/Cosaif/node_modules/@prisma/client/runtime/library.js:111:11869) {
    clientVersion: '6.12.0',
    errorCode: undefined,
    retryable: undefined
  },
  level: 'error',
  message: 'unhandledRejection: Prisma Client could not locate the Query Engine for runtime "debian-openssl-3.0.x".\n' +
    '\n' +
    'This happened because Prisma Client was generated for "darwin-arm64", but the actual deployment required "debian-openssl-3.0.x".\n' +
    'Add "debian-openssl-3.0.x" to `binaryTargets` in the "schema.prisma" file and run `prisma generate` after saving it:\n' +
    '\n' +
    'generator client {\n' +
    '  provider      = "prisma-client-js"\n' +
    '  binaryTargets = ["native", "debian-openssl-3.0.x"]\n' +
    '}\n' +
    '\n' +
    'The following locations have been searched:\n' +
    '  /var/www/Cosaif/node_modules/.prisma/client\n' +
    '  /var/www/Cosaif/node_modules/@prisma/client\n' +
    '  /Users/viankodesarrollo/Documents/CosaifBack/BackCosaif/node_modules/@prisma/client\n' +
    '  /tmp/prisma-engines\n' +
    '  /var/www/Cosaif/prisma\n' +
    'PrismaClientInitializationError: Prisma Client could not locate the Query Engine for runtime "debian-openssl-3.0.x".\n' +
    '\n' +
    'This happened because Prisma Client was generated for "darwin-arm64", but the actual deployment required "debian-openssl-3.0.x".\n' +
    'Add "debian-openssl-3.0.x" to `binaryTargets` in the "schema.prisma" file and run `prisma generate` after saving it:\n' +
    '\n' +
    'generator client {\n' +
    '  provider      = "prisma-client-js"\n' +
    '  binaryTargets = ["native", "debian-openssl-3.0.x"]\n' +
    '}\n' +
    '\n' +
    'The following locations have been searched:\n' +
    '  /var/www/Cosaif/node_modules/.prisma/client\n' +
    '  /var/www/Cosaif/node_modules/@prisma/client\n' +
    '  /Users/viankodesarrollo/Documents/CosaifBack/BackCosaif/node_modules/@prisma/client\n' +
    '  /tmp/prisma-engines\n' +
    '  /var/www/Cosaif/prisma\n' +
    '    at yl (/var/www/Cosaif/node_modules/@prisma/client/runtime/library.js:64:805)\n' +
    '    at async Object.loadLibrary (/var/www/Cosaif/node_modules/@prisma/client/runtime/library.js:111:7966)\n' +
    '    at async Gr.loadEngine (/var/www/Cosaif/node_modules/@prisma/client/runtime/library.js:112:448)\n' +
    '    at async Gr.instantiateLibrary (/var/www/Cosaif/node_modules/@prisma/client/runtime/library.js:111:11869)',
  stack: 'PrismaClientInitializationError: Prisma Client could not locate the Query Engine for runtime "debian-openssl-3.0.x".\n' +
    '\n' +
    'This happened because Prisma Client was generated for "darwin-arm64", but the actual deployment required "debian-openssl-3.0.x".\n' +
    'Add "debian-openssl-3.0.x" to `binaryTargets` in the "schema.prisma" file and run `prisma generate` after saving it:\n' +
    '\n' +
    'generator client {\n' +
    '  provider      = "prisma-client-js"\n' +
    '  binaryTargets = ["native", "debian-openssl-3.0.x"]\n' +
    '}\n' +
    '\n' +
    'The following locations have been searched:\n' +
    '  /var/www/Cosaif/node_modules/.prisma/client\n' +
    '  /var/www/Cosaif/node_modules/@prisma/client\n' +
    '  /Users/viankodesarrollo/Documents/CosaifBack/BackCosaif/node_modules/@prisma/client\n' +
    '  /tmp/prisma-engines\n' +
    '  /var/www/Cosaif/prisma\n' +
    '    at yl (/var/www/Cosaif/node_modules/@prisma/client/runtime/library.js:64:805)\n' +
    '    at async Object.loadLibrary (/var/www/Cosaif/node_modules/@prisma/client/runtime/library.js:111:7966)\n' +
    '    at async Gr.loadEngine (/var/www/Cosaif/node_modules/@prisma/client/runtime/library.js:112:448)\n' +
    '    at async Gr.instantiateLibrary (/var/www/Cosaif/node_modules/@prisma/client/runtime/library.js:111:11869)',
  rejection: true,
  date: 'Thu Jul 24 2025 16:40:28 GMT+0000 (Coordinated Universal Time)',
  process: {
    pid: 274391,
    uid: 0,
    gid: 0,
    cwd: '/var/www/Cosaif',
    execPath: '/usr/bin/node',
    version: 'v20.19.2',
    argv: [
      '/usr/bin/node',
      '/usr/lib/node_modules/pm2/lib/ProcessContainerFork.js'
    ],
    memoryUsage: {
      rss: 105304064,
      heapTotal: 37806080,
      heapUsed: 22382640,
      external: 2578099,
      arrayBuffers: 61521
    }
  },
  os: { loadavg: [ 0.45, 0.12, 0.03 ], uptime: 2508627.95 },
  trace: [
    {
      column: 805,
      file: '/var/www/Cosaif/node_modules/@prisma/client/runtime/library.js',
      function: 'yl',
      line: 64,
      method: null,
      native: false
    },
    {
      column: 7966,
      file: '/var/www/Cosaif/node_modules/@prisma/client/runtime/library.js',
      function: 'async Object.loadLibrary',
      line: 111,
      method: 'loadLibrary',
      native: false
    },
    {
      column: 448,
      file: '/var/www/Cosaif/node_modules/@prisma/client/runtime/library.js',
      function: 'async Gr.loadEngine',
      line: 112,
      method: 'loadEngine',
      native: false
    },
    {
      column: 11869,
      file: '/var/www/Cosaif/node_modules/@prisma/client/runtime/library.js',
      function: 'async Gr.instantiateLibrary',
      line: 111,
      method: 'instantiateLibrary',
      native: false
    }
  ],
  service: 'IncidenteModel',
  module: 'Movimientos/Incidente',
  timestamp: '2025-07-24 16:40:28'
}
{
  error: PrismaClientInitializationError: Prisma Client could not locate the Query Engine for runtime "debian-openssl-3.0.x".
  
  This happened because Prisma Client was generated for "darwin-arm64", but the actual deployment required "debian-openssl-3.0.x".
  Add "debian-openssl-3.0.x" to `binaryTargets` in the "schema.prisma" file and run `prisma generate` after saving it:
  
  generator client {
    provider      = "prisma-client-js"
    binaryTargets = ["native", "debian-openssl-3.0.x"]
  }
  
  The following locations have been searched:
    /var/www/Cosaif/node_modules/.prisma/client
    /var/www/Cosaif/node_modules/@prisma/client
    /Users/viankodesarrollo/Documents/CosaifBack/BackCosaif/node_modules/@prisma/client
    /tmp/prisma-engines
    /var/www/Cosaif/prisma
      at yl (/var/www/Cosaif/node_modules/@prisma/client/runtime/library.js:64:805)
      at async Object.loadLibrary (/var/www/Cosaif/node_modules/@prisma/client/runtime/library.js:111:7966)
      at async Gr.loadEngine (/var/www/Cosaif/node_modules/@prisma/client/runtime/library.js:112:448)
      at async Gr.instantiateLibrary (/var/www/Cosaif/node_modules/@prisma/client/runtime/library.js:111:11869) {
    clientVersion: '6.12.0',
    errorCode: undefined,
    retryable: undefined
  },
  level: 'error',
  message: 'unhandledRejection: Prisma Client could not locate the Query Engine for runtime "debian-openssl-3.0.x".\n' +
    '\n' +
    'This happened because Prisma Client was generated for "darwin-arm64", but the actual deployment required "debian-openssl-3.0.x".\n' +
    'Add "debian-openssl-3.0.x" to `binaryTargets` in the "schema.prisma" file and run `prisma generate` after saving it:\n' +
    '\n' +
    'generator client {\n' +
    '  provider      = "prisma-client-js"\n' +
    '  binaryTargets = ["native", "debian-openssl-3.0.x"]\n' +
    '}\n' +
    '\n' +
    'The following locations have been searched:\n' +
    '  /var/www/Cosaif/node_modules/.prisma/client\n' +
    '  /var/www/Cosaif/node_modules/@prisma/client\n' +
    '  /Users/viankodesarrollo/Documents/CosaifBack/BackCosaif/node_modules/@prisma/client\n' +
    '  /tmp/prisma-engines\n' +
    '  /var/www/Cosaif/prisma\n' +
    'PrismaClientInitializationError: Prisma Client could not locate the Query Engine for runtime "debian-openssl-3.0.x".\n' +
    '\n' +
    'This happened because Prisma Client was generated for "darwin-arm64", but the actual deployment required "debian-openssl-3.0.x".\n' +
    'Add "debian-openssl-3.0.x" to `binaryTargets` in the "schema.prisma" file and run `prisma generate` after saving it:\n' +
    '\n' +
    'generator client {\n' +
    '  provider      = "prisma-client-js"\n' +
    '  binaryTargets = ["native", "debian-openssl-3.0.x"]\n' +
    '}\n' +
    '\n' +
    'The following locations have been searched:\n' +
    '  /var/www/Cosaif/node_modules/.prisma/client\n' +
    '  /var/www/Cosaif/node_modules/@prisma/client\n' +
    '  /Users/viankodesarrollo/Documents/CosaifBack/BackCosaif/node_modules/@prisma/client\n' +
    '  /tmp/prisma-engines\n' +
    '  /var/www/Cosaif/prisma\n' +
    '    at yl (/var/www/Cosaif/node_modules/@prisma/client/runtime/library.js:64:805)\n' +
    '    at async Object.loadLibrary (/var/www/Cosaif/node_modules/@prisma/client/runtime/library.js:111:7966)\n' +
    '    at async Gr.loadEngine (/var/www/Cosaif/node_modules/@prisma/client/runtime/library.js:112:448)\n' +
    '    at async Gr.instantiateLibrary (/var/www/Cosaif/node_modules/@prisma/client/runtime/library.js:111:11869)',
  stack: 'PrismaClientInitializationError: Prisma Client could not locate the Query Engine for runtime "debian-openssl-3.0.x".\n' +
    '\n' +
    'This happened because Prisma Client was generated for "darwin-arm64", but the actual deployment required "debian-openssl-3.0.x".\n' +
    'Add "debian-openssl-3.0.x" to `binaryTargets` in the "schema.prisma" file and run `prisma generate` after saving it:\n' +
    '\n' +
    'generator client {\n' +
    '  provider      = "prisma-client-js"\n' +
    '  binaryTargets = ["native", "debian-openssl-3.0.x"]\n' +
    '}\n' +
    '\n' +
    'The following locations have been searched:\n' +
    '  /var/www/Cosaif/node_modules/.prisma/client\n' +
    '  /var/www/Cosaif/node_modules/@prisma/client\n' +
    '  /Users/viankodesarrollo/Documents/CosaifBack/BackCosaif/node_modules/@prisma/client\n' +
    '  /tmp/prisma-engines\n' +
    '  /var/www/Cosaif/prisma\n' +
    '    at yl (/var/www/Cosaif/node_modules/@prisma/client/runtime/library.js:64:805)\n' +
    '    at async Object.loadLibrary (/var/www/Cosaif/node_modules/@prisma/client/runtime/library.js:111:7966)\n' +
    '    at async Gr.loadEngine (/var/www/Cosaif/node_modules/@prisma/client/runtime/library.js:112:448)\n' +
    '    at async Gr.instantiateLibrary (/var/www/Cosaif/node_modules/@prisma/client/runtime/library.js:111:11869)',
  rejection: true,
  date: 'Thu Jul 24 2025 16:40:29 GMT+0000 (Coordinated Universal Time)',
  process: {
    pid: 274402,
    uid: 0,
    gid: 0,
    cwd: '/var/www/Cosaif',
    execPath: '/usr/bin/node',
    version: 'v20.19.2',
    argv: [
      '/usr/bin/node',
      '/usr/lib/node_modules/pm2/lib/ProcessContainerFork.js'
    ],
    memoryUsage: {
      rss: 106303488,
      heapTotal: 38068224,
      heapUsed: 22388352,
      external: 2578099,
      arrayBuffers: 61521
    }
  },
  os: { loadavg: [ 0.45, 0.12, 0.03 ], uptime: 2508628.48 },
  trace: [
    {
      column: 805,
      file: '/var/www/Cosaif/node_modules/@prisma/client/runtime/library.js',
      function: 'yl',
      line: 64,
      method: null,
      native: false
    },
    {
      column: 7966,
      file: '/var/www/Cosaif/node_modules/@prisma/client/runtime/library.js',
      function: 'async Object.loadLibrary',
      line: 111,
      method: 'loadLibrary',
      native: false
    },
    {
      column: 448,
      file: '/var/www/Cosaif/node_modules/@prisma/client/runtime/library.js',
      function: 'async Gr.loadEngine',
      line: 112,
      method: 'loadEngine',
      native: false
    },
    {
      column: 11869,
      file: '/var/www/Cosaif/node_modules/@prisma/client/runtime/library.js',
      function: 'async Gr.instantiateLibrary',
      line: 111,
      method: 'instantiateLibrary',
      native: false
    }
  ],
  service: 'IncidenteModel',
  module: 'Movimientos/Incidente',
  timestamp: '2025-07-24 16:40:29'
}
{
  error: PrismaClientInitializationError: Prisma Client could not locate the Query Engine for runtime "debian-openssl-3.0.x".
  
  This happened because Prisma Client was generated for "darwin-arm64", but the actual deployment required "debian-openssl-3.0.x".
  Add "debian-openssl-3.0.x" to `binaryTargets` in the "schema.prisma" file and run `prisma generate` after saving it:
  
  generator client {
    provider      = "prisma-client-js"
    binaryTargets = ["native", "debian-openssl-3.0.x"]
  }
  
  The following locations have been searched:
    /var/www/Cosaif/node_modules/.prisma/client
    /var/www/Cosaif/node_modules/@prisma/client
    /Users/viankodesarrollo/Documents/CosaifBack/BackCosaif/node_modules/@prisma/client
    /tmp/prisma-engines
    /var/www/Cosaif/prisma
      at yl (/var/www/Cosaif/node_modules/@prisma/client/runtime/library.js:64:805)
      at async Object.loadLibrary (/var/www/Cosaif/node_modules/@prisma/client/runtime/library.js:111:7966)
      at async Gr.loadEngine (/var/www/Cosaif/node_modules/@prisma/client/runtime/library.js:112:448)
      at async Gr.instantiateLibrary (/var/www/Cosaif/node_modules/@prisma/client/runtime/library.js:111:11869) {
    clientVersion: '6.12.0',
    errorCode: undefined,
    retryable: undefined
  },
  level: 'error',
  message: 'unhandledRejection: Prisma Client could not locate the Query Engine for runtime "debian-openssl-3.0.x".\n' +
    '\n' +
    'This happened because Prisma Client was generated for "darwin-arm64", but the actual deployment required "debian-openssl-3.0.x".\n' +
    'Add "debian-openssl-3.0.x" to `binaryTargets` in the "schema.prisma" file and run `prisma generate` after saving it:\n' +
    '\n' +
    'generator client {\n' +
    '  provider      = "prisma-client-js"\n' +
    '  binaryTargets = ["native", "debian-openssl-3.0.x"]\n' +
    '}\n' +
    '\n' +
    'The following locations have been searched:\n' +
    '  /var/www/Cosaif/node_modules/.prisma/client\n' +
    '  /var/www/Cosaif/node_modules/@prisma/client\n' +
    '  /Users/viankodesarrollo/Documents/CosaifBack/BackCosaif/node_modules/@prisma/client\n' +
    '  /tmp/prisma-engines\n' +
    '  /var/www/Cosaif/prisma\n' +
    'PrismaClientInitializationError: Prisma Client could not locate the Query Engine for runtime "debian-openssl-3.0.x".\n' +
    '\n' +
    'This happened because Prisma Client was generated for "darwin-arm64", but the actual deployment required "debian-openssl-3.0.x".\n' +
    'Add "debian-openssl-3.0.x" to `binaryTargets` in the "schema.prisma" file and run `prisma generate` after saving it:\n' +
    '\n' +
    'generator client {\n' +
    '  provider      = "prisma-client-js"\n' +
    '  binaryTargets = ["native", "debian-openssl-3.0.x"]\n' +
    '}\n' +
    '\n' +
    'The following locations have been searched:\n' +
    '  /var/www/Cosaif/node_modules/.prisma/client\n' +
    '  /var/www/Cosaif/node_modules/@prisma/client\n' +
    '  /Users/viankodesarrollo/Documents/CosaifBack/BackCosaif/node_modules/@prisma/client\n' +
    '  /tmp/prisma-engines\n' +
    '  /var/www/Cosaif/prisma\n' +
    '    at yl (/var/www/Cosaif/node_modules/@prisma/client/runtime/library.js:64:805)\n' +
    '    at async Object.loadLibrary (/var/www/Cosaif/node_modules/@prisma/client/runtime/library.js:111:7966)\n' +
    '    at async Gr.loadEngine (/var/www/Cosaif/node_modules/@prisma/client/runtime/library.js:112:448)\n' +
    '    at async Gr.instantiateLibrary (/var/www/Cosaif/node_modules/@prisma/client/runtime/library.js:111:11869)',
  stack: 'PrismaClientInitializationError: Prisma Client could not locate the Query Engine for runtime "debian-openssl-3.0.x".\n' +
    '\n' +
    'This happened because Prisma Client was generated for "darwin-arm64", but the actual deployment required "debian-openssl-3.0.x".\n' +
    'Add "debian-openssl-3.0.x" to `binaryTargets` in the "schema.prisma" file and run `prisma generate` after saving it:\n' +
    '\n' +
    'generator client {\n' +
    '  provider      = "prisma-client-js"\n' +
    '  binaryTargets = ["native", "debian-openssl-3.0.x"]\n' +
    '}\n' +
    '\n' +
    'The following locations have been searched:\n' +
    '  /var/www/Cosaif/node_modules/.prisma/client\n' +
    '  /var/www/Cosaif/node_modules/@prisma/client\n' +
    '  /Users/viankodesarrollo/Documents/CosaifBack/BackCosaif/node_modules/@prisma/client\n' +
    '  /tmp/prisma-engines\n' +
    '  /var/www/Cosaif/prisma\n' +
    '    at yl (/var/www/Cosaif/node_modules/@prisma/client/runtime/library.js:64:805)\n' +
    '    at async Object.loadLibrary (/var/www/Cosaif/node_modules/@prisma/client/runtime/library.js:111:7966)\n' +
    '    at async Gr.loadEngine (/var/www/Cosaif/node_modules/@prisma/client/runtime/library.js:112:448)\n' +
    '    at async Gr.instantiateLibrary (/var/www/Cosaif/node_modules/@prisma/client/runtime/library.js:111:11869)',
  rejection: true,
  date: 'Thu Jul 24 2025 16:40:29 GMT+0000 (Coordinated Universal Time)',
  process: {
    pid: 274413,
    uid: 0,
    gid: 0,
    cwd: '/var/www/Cosaif',
    execPath: '/usr/bin/node',
    version: 'v20.19.2',
    argv: [
      '/usr/bin/node',
      '/usr/lib/node_modules/pm2/lib/ProcessContainerFork.js'
    ],
    memoryUsage: {
      rss: 105095168,
      heapTotal: 54845440,
      heapUsed: 22578312,
      external: 2578093,
      arrayBuffers: 61515
    }
  },
  os: { loadavg: [ 0.45, 0.12, 0.03 ], uptime: 2508629 },
  trace: [
    {
      column: 805,
      file: '/var/www/Cosaif/node_modules/@prisma/client/runtime/library.js',
      function: 'yl',
      line: 64,
      method: null,
      native: false
    },
    {
      column: 7966,
      file: '/var/www/Cosaif/node_modules/@prisma/client/runtime/library.js',
      function: 'async Object.loadLibrary',
      line: 111,
      method: 'loadLibrary',
      native: false
    },
    {
      column: 448,
      file: '/var/www/Cosaif/node_modules/@prisma/client/runtime/library.js',
      function: 'async Gr.loadEngine',
      line: 112,
      method: 'loadEngine',
      native: false
    },
    {
      column: 11869,
      file: '/var/www/Cosaif/node_modules/@prisma/client/runtime/library.js',
      function: 'async Gr.instantiateLibrary',
      line: 111,
      method: 'instantiateLibrary',
      native: false
    }
  ],
  service: 'IncidenteModel',
  module: 'Movimientos/Incidente',
  timestamp: '2025-07-24 16:40:29'
}
{
  error: PrismaClientInitializationError: Prisma Client could not locate the Query Engine for runtime "debian-openssl-3.0.x".
  
  This happened because Prisma Client was generated for "darwin-arm64", but the actual deployment required "debian-openssl-3.0.x".
  Add "debian-openssl-3.0.x" to `binaryTargets` in the "schema.prisma" file and run `prisma generate` after saving it:
  
  generator client {
    provider      = "prisma-client-js"
    binaryTargets = ["native", "debian-openssl-3.0.x"]
  }
  
  The following locations have been searched:
    /var/www/Cosaif/node_modules/.prisma/client
    /var/www/Cosaif/node_modules/@prisma/client
    /Users/viankodesarrollo/Documents/CosaifBack/BackCosaif/node_modules/@prisma/client
    /tmp/prisma-engines
    /var/www/Cosaif/prisma
      at yl (/var/www/Cosaif/node_modules/@prisma/client/runtime/library.js:64:805)
      at async Object.loadLibrary (/var/www/Cosaif/node_modules/@prisma/client/runtime/library.js:111:7966)
      at async Gr.loadEngine (/var/www/Cosaif/node_modules/@prisma/client/runtime/library.js:112:448)
      at async Gr.instantiateLibrary (/var/www/Cosaif/node_modules/@prisma/client/runtime/library.js:111:11869) {
    clientVersion: '6.12.0',
    errorCode: undefined,
    retryable: undefined
  },
  level: 'error',
  message: 'unhandledRejection: Prisma Client could not locate the Query Engine for runtime "debian-openssl-3.0.x".\n' +
    '\n' +
    'This happened because Prisma Client was generated for "darwin-arm64", but the actual deployment required "debian-openssl-3.0.x".\n' +
    'Add "debian-openssl-3.0.x" to `binaryTargets` in the "schema.prisma" file and run `prisma generate` after saving it:\n' +
    '\n' +
    'generator client {\n' +
    '  provider      = "prisma-client-js"\n' +
    '  binaryTargets = ["native", "debian-openssl-3.0.x"]\n' +
    '}\n' +
    '\n' +
    'The following locations have been searched:\n' +
    '  /var/www/Cosaif/node_modules/.prisma/client\n' +
    '  /var/www/Cosaif/node_modules/@prisma/client\n' +
    '  /Users/viankodesarrollo/Documents/CosaifBack/BackCosaif/node_modules/@prisma/client\n' +
    '  /tmp/prisma-engines\n' +
    '  /var/www/Cosaif/prisma\n' +
    'PrismaClientInitializationError: Prisma Client could not locate the Query Engine for runtime "debian-openssl-3.0.x".\n' +
    '\n' +
    'This happened because Prisma Client was generated for "darwin-arm64", but the actual deployment required "debian-openssl-3.0.x".\n' +
    'Add "debian-openssl-3.0.x" to `binaryTargets` in the "schema.prisma" file and run `prisma generate` after saving it:\n' +
    '\n' +
    'generator client {\n' +
    '  provider      = "prisma-client-js"\n' +
    '  binaryTargets = ["native", "debian-openssl-3.0.x"]\n' +
    '}\n' +
    '\n' +
    'The following locations have been searched:\n' +
    '  /var/www/Cosaif/node_modules/.prisma/client\n' +
    '  /var/www/Cosaif/node_modules/@prisma/client\n' +
    '  /Users/viankodesarrollo/Documents/CosaifBack/BackCosaif/node_modules/@prisma/client\n' +
    '  /tmp/prisma-engines\n' +
    '  /var/www/Cosaif/prisma\n' +
    '    at yl (/var/www/Cosaif/node_modules/@prisma/client/runtime/library.js:64:805)\n' +
    '    at async Object.loadLibrary (/var/www/Cosaif/node_modules/@prisma/client/runtime/library.js:111:7966)\n' +
    '    at async Gr.loadEngine (/var/www/Cosaif/node_modules/@prisma/client/runtime/library.js:112:448)\n' +
    '    at async Gr.instantiateLibrary (/var/www/Cosaif/node_modules/@prisma/client/runtime/library.js:111:11869)',
  stack: 'PrismaClientInitializationError: Prisma Client could not locate the Query Engine for runtime "debian-openssl-3.0.x".\n' +
    '\n' +
    'This happened because Prisma Client was generated for "darwin-arm64", but the actual deployment required "debian-openssl-3.0.x".\n' +
    'Add "debian-openssl-3.0.x" to `binaryTargets` in the "schema.prisma" file and run `prisma generate` after saving it:\n' +
    '\n' +
    'generator client {\n' +
    '  provider      = "prisma-client-js"\n' +
    '  binaryTargets = ["native", "debian-openssl-3.0.x"]\n' +
    '}\n' +
    '\n' +
    'The following locations have been searched:\n' +
    '  /var/www/Cosaif/node_modules/.prisma/client\n' +
    '  /var/www/Cosaif/node_modules/@prisma/client\n' +
    '  /Users/viankodesarrollo/Documents/CosaifBack/BackCosaif/node_modules/@prisma/client\n' +
    '  /tmp/prisma-engines\n' +
    '  /var/www/Cosaif/prisma\n' +
    '    at yl (/var/www/Cosaif/node_modules/@prisma/client/runtime/library.js:64:805)\n' +
    '    at async Object.loadLibrary (/var/www/Cosaif/node_modules/@prisma/client/runtime/library.js:111:7966)\n' +
    '    at async Gr.loadEngine (/var/www/Cosaif/node_modules/@prisma/client/runtime/library.js:112:448)\n' +
    '    at async Gr.instantiateLibrary (/var/www/Cosaif/node_modules/@prisma/client/runtime/library.js:111:11869)',
  rejection: true,
  date: 'Thu Jul 24 2025 16:40:30 GMT+0000 (Coordinated Universal Time)',
  process: {
    pid: 274424,
    uid: 0,
    gid: 0,
    cwd: '/var/www/Cosaif',
    execPath: '/usr/bin/node',
    version: 'v20.19.2',
    argv: [
      '/usr/bin/node',
      '/usr/lib/node_modules/pm2/lib/ProcessContainerFork.js'
    ],
    memoryUsage: {
      rss: 105385984,
      heapTotal: 38592512,
      heapUsed: 22420152,
      external: 2578094,
      arrayBuffers: 61516
    }
  },
  os: { loadavg: [ 0.66, 0.16, 0.05 ], uptime: 2508629.5 },
  trace: [
    {
      column: 805,
      file: '/var/www/Cosaif/node_modules/@prisma/client/runtime/library.js',
      function: 'yl',
      line: 64,
      method: null,
      native: false
    },
    {
      column: 7966,
      file: '/var/www/Cosaif/node_modules/@prisma/client/runtime/library.js',
      function: 'async Object.loadLibrary',
      line: 111,
      method: 'loadLibrary',
      native: false
    },
    {
      column: 448,
      file: '/var/www/Cosaif/node_modules/@prisma/client/runtime/library.js',
      function: 'async Gr.loadEngine',
      line: 112,
      method: 'loadEngine',
      native: false
    },
    {
      column: 11869,
      file: '/var/www/Cosaif/node_modules/@prisma/client/runtime/library.js',
      function: 'async Gr.instantiateLibrary',
      line: 111,
      method: 'instantiateLibrary',
      native: false
    }
  ],
  service: 'IncidenteModel',
  module: 'Movimientos/Incidente',
  timestamp: '2025-07-24 16:40:30'
}
{
  error: PrismaClientInitializationError: Prisma Client could not locate the Query Engine for runtime "debian-openssl-3.0.x".
  
  This happened because Prisma Client was generated for "darwin-arm64", but the actual deployment required "debian-openssl-3.0.x".
  Add "debian-openssl-3.0.x" to `binaryTargets` in the "schema.prisma" file and run `prisma generate` after saving it:
  
  generator client {
    provider      = "prisma-client-js"
    binaryTargets = ["native", "debian-openssl-3.0.x"]
  }
  
  The following locations have been searched:
    /var/www/Cosaif/node_modules/.prisma/client
    /var/www/Cosaif/node_modules/@prisma/client
    /Users/viankodesarrollo/Documents/CosaifBack/BackCosaif/node_modules/@prisma/client
    /tmp/prisma-engines
    /var/www/Cosaif/prisma
      at yl (/var/www/Cosaif/node_modules/@prisma/client/runtime/library.js:64:805)
      at async Object.loadLibrary (/var/www/Cosaif/node_modules/@prisma/client/runtime/library.js:111:7966)
      at async Gr.loadEngine (/var/www/Cosaif/node_modules/@prisma/client/runtime/library.js:112:448)
      at async Gr.instantiateLibrary (/var/www/Cosaif/node_modules/@prisma/client/runtime/library.js:111:11869) {
    clientVersion: '6.12.0',
    errorCode: undefined,
    retryable: undefined
  },
  level: 'error',
  message: 'unhandledRejection: Prisma Client could not locate the Query Engine for runtime "debian-openssl-3.0.x".\n' +
    '\n' +
    'This happened because Prisma Client was generated for "darwin-arm64", but the actual deployment required "debian-openssl-3.0.x".\n' +
    'Add "debian-openssl-3.0.x" to `binaryTargets` in the "schema.prisma" file and run `prisma generate` after saving it:\n' +
    '\n' +
    'generator client {\n' +
    '  provider      = "prisma-client-js"\n' +
    '  binaryTargets = ["native", "debian-openssl-3.0.x"]\n' +
    '}\n' +
    '\n' +
    'The following locations have been searched:\n' +
    '  /var/www/Cosaif/node_modules/.prisma/client\n' +
    '  /var/www/Cosaif/node_modules/@prisma/client\n' +
    '  /Users/viankodesarrollo/Documents/CosaifBack/BackCosaif/node_modules/@prisma/client\n' +
    '  /tmp/prisma-engines\n' +
    '  /var/www/Cosaif/prisma\n' +
    'PrismaClientInitializationError: Prisma Client could not locate the Query Engine for runtime "debian-openssl-3.0.x".\n' +
    '\n' +
    'This happened because Prisma Client was generated for "darwin-arm64", but the actual deployment required "debian-openssl-3.0.x".\n' +
    'Add "debian-openssl-3.0.x" to `binaryTargets` in the "schema.prisma" file and run `prisma generate` after saving it:\n' +
    '\n' +
    'generator client {\n' +
    '  provider      = "prisma-client-js"\n' +
    '  binaryTargets = ["native", "debian-openssl-3.0.x"]\n' +
    '}\n' +
    '\n' +
    'The following locations have been searched:\n' +
    '  /var/www/Cosaif/node_modules/.prisma/client\n' +
    '  /var/www/Cosaif/node_modules/@prisma/client\n' +
    '  /Users/viankodesarrollo/Documents/CosaifBack/BackCosaif/node_modules/@prisma/client\n' +
    '  /tmp/prisma-engines\n' +
    '  /var/www/Cosaif/prisma\n' +
    '    at yl (/var/www/Cosaif/node_modules/@prisma/client/runtime/library.js:64:805)\n' +
    '    at async Object.loadLibrary (/var/www/Cosaif/node_modules/@prisma/client/runtime/library.js:111:7966)\n' +
    '    at async Gr.loadEngine (/var/www/Cosaif/node_modules/@prisma/client/runtime/library.js:112:448)\n' +
    '    at async Gr.instantiateLibrary (/var/www/Cosaif/node_modules/@prisma/client/runtime/library.js:111:11869)',
  stack: 'PrismaClientInitializationError: Prisma Client could not locate the Query Engine for runtime "debian-openssl-3.0.x".\n' +
    '\n' +
    'This happened because Prisma Client was generated for "darwin-arm64", but the actual deployment required "debian-openssl-3.0.x".\n' +
    'Add "debian-openssl-3.0.x" to `binaryTargets` in the "schema.prisma" file and run `prisma generate` after saving it:\n' +
    '\n' +
    'generator client {\n' +
    '  provider      = "prisma-client-js"\n' +
    '  binaryTargets = ["native", "debian-openssl-3.0.x"]\n' +
    '}\n' +
    '\n' +
    'The following locations have been searched:\n' +
    '  /var/www/Cosaif/node_modules/.prisma/client\n' +
    '  /var/www/Cosaif/node_modules/@prisma/client\n' +
    '  /Users/viankodesarrollo/Documents/CosaifBack/BackCosaif/node_modules/@prisma/client\n' +
    '  /tmp/prisma-engines\n' +
    '  /var/www/Cosaif/prisma\n' +
    '    at yl (/var/www/Cosaif/node_modules/@prisma/client/runtime/library.js:64:805)\n' +
    '    at async Object.loadLibrary (/var/www/Cosaif/node_modules/@prisma/client/runtime/library.js:111:7966)\n' +
    '    at async Gr.loadEngine (/var/www/Cosaif/node_modules/@prisma/client/runtime/library.js:112:448)\n' +
    '    at async Gr.instantiateLibrary (/var/www/Cosaif/node_modules/@prisma/client/runtime/library.js:111:11869)',
  rejection: true,
  date: 'Thu Jul 24 2025 16:40:30 GMT+0000 (Coordinated Universal Time)',
  process: {
    pid: 274424,
    uid: 0,
    gid: 0,
    cwd: '/var/www/Cosaif',
    execPath: '/usr/bin/node',
    version: 'v20.19.2',
    argv: [
      '/usr/bin/node',
      '/usr/lib/node_modules/pm2/lib/ProcessContainerFork.js'
    ],
    memoryUsage: {
      rss: 105779200,
      heapTotal: 38592512,
      heapUsed: 23503808,
      external: 2638761,
      arrayBuffers: 122183
    }
  },
  os: { loadavg: [ 0.66, 0.16, 0.05 ], uptime: 2508629.51 },
  trace: [
    {
      column: 805,
      file: '/var/www/Cosaif/node_modules/@prisma/client/runtime/library.js',
      function: 'yl',
      line: 64,
      method: null,
      native: false
    },
    {
      column: 7966,
      file: '/var/www/Cosaif/node_modules/@prisma/client/runtime/library.js',
      function: 'async Object.loadLibrary',
      line: 111,
      method: 'loadLibrary',
      native: false
    },
    {
      column: 448,
      file: '/var/www/Cosaif/node_modules/@prisma/client/runtime/library.js',
      function: 'async Gr.loadEngine',
      line: 112,
      method: 'loadEngine',
      native: false
    },
    {
      column: 11869,
      file: '/var/www/Cosaif/node_modules/@prisma/client/runtime/library.js',
      function: 'async Gr.instantiateLibrary',
      line: 111,
      method: 'instantiateLibrary',
      native: false
    }
  ],
  service: 'IncidenteModel',
  module: 'Movimientos/Incidente',
  timestamp: '2025-07-24 16:40:30'
}
{
  error: PrismaClientInitializationError: Prisma Client could not locate the Query Engine for runtime "debian-openssl-3.0.x".
  
  This happened because Prisma Client was generated for "darwin-arm64", but the actual deployment required "debian-openssl-3.0.x".
  Add "debian-openssl-3.0.x" to `binaryTargets` in the "schema.prisma" file and run `prisma generate` after saving it:
  
  generator client {
    provider      = "prisma-client-js"
    binaryTargets = ["native", "debian-openssl-3.0.x"]
  }
  
  The following locations have been searched:
    /var/www/Cosaif/node_modules/.prisma/client
    /var/www/Cosaif/node_modules/@prisma/client
    /Users/viankodesarrollo/Documents/CosaifBack/BackCosaif/node_modules/@prisma/client
    /tmp/prisma-engines
    /var/www/Cosaif/prisma
      at yl (/var/www/Cosaif/node_modules/@prisma/client/runtime/library.js:64:805)
      at async Object.loadLibrary (/var/www/Cosaif/node_modules/@prisma/client/runtime/library.js:111:7966)
      at async Gr.loadEngine (/var/www/Cosaif/node_modules/@prisma/client/runtime/library.js:112:448)
      at async Gr.instantiateLibrary (/var/www/Cosaif/node_modules/@prisma/client/runtime/library.js:111:11869) {
    clientVersion: '6.12.0',
    errorCode: undefined,
    retryable: undefined
  },
  level: 'error',
  message: 'unhandledRejection: Prisma Client could not locate the Query Engine for runtime "debian-openssl-3.0.x".\n' +
    '\n' +
    'This happened because Prisma Client was generated for "darwin-arm64", but the actual deployment required "debian-openssl-3.0.x".\n' +
    'Add "debian-openssl-3.0.x" to `binaryTargets` in the "schema.prisma" file and run `prisma generate` after saving it:\n' +
    '\n' +
    'generator client {\n' +
    '  provider      = "prisma-client-js"\n' +
    '  binaryTargets = ["native", "debian-openssl-3.0.x"]\n' +
    '}\n' +
    '\n' +
    'The following locations have been searched:\n' +
    '  /var/www/Cosaif/node_modules/.prisma/client\n' +
    '  /var/www/Cosaif/node_modules/@prisma/client\n' +
    '  /Users/viankodesarrollo/Documents/CosaifBack/BackCosaif/node_modules/@prisma/client\n' +
    '  /tmp/prisma-engines\n' +
    '  /var/www/Cosaif/prisma\n' +
    'PrismaClientInitializationError: Prisma Client could not locate the Query Engine for runtime "debian-openssl-3.0.x".\n' +
    '\n' +
    'This happened because Prisma Client was generated for "darwin-arm64", but the actual deployment required "debian-openssl-3.0.x".\n' +
    'Add "debian-openssl-3.0.x" to `binaryTargets` in the "schema.prisma" file and run `prisma generate` after saving it:\n' +
    '\n' +
    'generator client {\n' +
    '  provider      = "prisma-client-js"\n' +
    '  binaryTargets = ["native", "debian-openssl-3.0.x"]\n' +
    '}\n' +
    '\n' +
    'The following locations have been searched:\n' +
    '  /var/www/Cosaif/node_modules/.prisma/client\n' +
    '  /var/www/Cosaif/node_modules/@prisma/client\n' +
    '  /Users/viankodesarrollo/Documents/CosaifBack/BackCosaif/node_modules/@prisma/client\n' +
    '  /tmp/prisma-engines\n' +
    '  /var/www/Cosaif/prisma\n' +
    '    at yl (/var/www/Cosaif/node_modules/@prisma/client/runtime/library.js:64:805)\n' +
    '    at async Object.loadLibrary (/var/www/Cosaif/node_modules/@prisma/client/runtime/library.js:111:7966)\n' +
    '    at async Gr.loadEngine (/var/www/Cosaif/node_modules/@prisma/client/runtime/library.js:112:448)\n' +
    '    at async Gr.instantiateLibrary (/var/www/Cosaif/node_modules/@prisma/client/runtime/library.js:111:11869)',
  stack: 'PrismaClientInitializationError: Prisma Client could not locate the Query Engine for runtime "debian-openssl-3.0.x".\n' +
    '\n' +
    'This happened because Prisma Client was generated for "darwin-arm64", but the actual deployment required "debian-openssl-3.0.x".\n' +
    'Add "debian-openssl-3.0.x" to `binaryTargets` in the "schema.prisma" file and run `prisma generate` after saving it:\n' +
    '\n' +
    'generator client {\n' +
    '  provider      = "prisma-client-js"\n' +
    '  binaryTargets = ["native", "debian-openssl-3.0.x"]\n' +
    '}\n' +
    '\n' +
    'The following locations have been searched:\n' +
    '  /var/www/Cosaif/node_modules/.prisma/client\n' +
    '  /var/www/Cosaif/node_modules/@prisma/client\n' +
    '  /Users/viankodesarrollo/Documents/CosaifBack/BackCosaif/node_modules/@prisma/client\n' +
    '  /tmp/prisma-engines\n' +
    '  /var/www/Cosaif/prisma\n' +
    '    at yl (/var/www/Cosaif/node_modules/@prisma/client/runtime/library.js:64:805)\n' +
    '    at async Object.loadLibrary (/var/www/Cosaif/node_modules/@prisma/client/runtime/library.js:111:7966)\n' +
    '    at async Gr.loadEngine (/var/www/Cosaif/node_modules/@prisma/client/runtime/library.js:112:448)\n' +
    '    at async Gr.instantiateLibrary (/var/www/Cosaif/node_modules/@prisma/client/runtime/library.js:111:11869)',
  rejection: true,
  date: 'Thu Jul 24 2025 16:40:30 GMT+0000 (Coordinated Universal Time)',
  process: {
    pid: 274424,
    uid: 0,
    gid: 0,
    cwd: '/var/www/Cosaif',
    execPath: '/usr/bin/node',
    version: 'v20.19.2',
    argv: [
      '/usr/bin/node',
      '/usr/lib/node_modules/pm2/lib/ProcessContainerFork.js'
    ],
    memoryUsage: {
      rss: 105779200,
      heapTotal: 38592512,
      heapUsed: 24342824,
      external: 2699440,
      arrayBuffers: 182862
    }
  },
  os: { loadavg: [ 0.66, 0.16, 0.05 ], uptime: 2508629.52 },
  trace: [
    {
      column: 805,
      file: '/var/www/Cosaif/node_modules/@prisma/client/runtime/library.js',
      function: 'yl',
      line: 64,
      method: null,
      native: false
    },
    {
      column: 7966,
      file: '/var/www/Cosaif/node_modules/@prisma/client/runtime/library.js',
      function: 'async Object.loadLibrary',
      line: 111,
      method: 'loadLibrary',
      native: false
    },
    {
      column: 448,
      file: '/var/www/Cosaif/node_modules/@prisma/client/runtime/library.js',
      function: 'async Gr.loadEngine',
      line: 112,
      method: 'loadEngine',
      native: false
    },
    {
      column: 11869,
      file: '/var/www/Cosaif/node_modules/@prisma/client/runtime/library.js',
      function: 'async Gr.instantiateLibrary',
      line: 111,
      method: 'instantiateLibrary',
      native: false
    }
  ],
  service: 'IncidenteModel',
  module: 'Movimientos/Incidente',
  timestamp: '2025-07-24 16:40:30'
}
{
  error: PrismaClientInitializationError: Prisma Client could not locate the Query Engine for runtime "debian-openssl-3.0.x".
  
  This happened because Prisma Client was generated for "darwin-arm64", but the actual deployment required "debian-openssl-3.0.x".
  Add "debian-openssl-3.0.x" to `binaryTargets` in the "schema.prisma" file and run `prisma generate` after saving it:
  
  generator client {
    provider      = "prisma-client-js"
    binaryTargets = ["native", "debian-openssl-3.0.x"]
  }
  
  The following locations have been searched:
    /var/www/Cosaif/node_modules/.prisma/client
    /var/www/Cosaif/node_modules/@prisma/client
    /Users/viankodesarrollo/Documents/CosaifBack/BackCosaif/node_modules/@prisma/client
    /tmp/prisma-engines
    /var/www/Cosaif/prisma
      at yl (/var/www/Cosaif/node_modules/@prisma/client/runtime/library.js:64:805)
      at async Object.loadLibrary (/var/www/Cosaif/node_modules/@prisma/client/runtime/library.js:111:7966)
      at async Gr.loadEngine (/var/www/Cosaif/node_modules/@prisma/client/runtime/library.js:112:448)
      at async Gr.instantiateLibrary (/var/www/Cosaif/node_modules/@prisma/client/runtime/library.js:111:11869) {
    clientVersion: '6.12.0',
    errorCode: undefined,
    retryable: undefined
  },
  level: 'error',
  message: 'unhandledRejection: Prisma Client could not locate the Query Engine for runtime "debian-openssl-3.0.x".\n' +
    '\n' +
    'This happened because Prisma Client was generated for "darwin-arm64", but the actual deployment required "debian-openssl-3.0.x".\n' +
    'Add "debian-openssl-3.0.x" to `binaryTargets` in the "schema.prisma" file and run `prisma generate` after saving it:\n' +
    '\n' +
    'generator client {\n' +
    '  provider      = "prisma-client-js"\n' +
    '  binaryTargets = ["native", "debian-openssl-3.0.x"]\n' +
    '}\n' +
    '\n' +
    'The following locations have been searched:\n' +
    '  /var/www/Cosaif/node_modules/.prisma/client\n' +
    '  /var/www/Cosaif/node_modules/@prisma/client\n' +
    '  /Users/viankodesarrollo/Documents/CosaifBack/BackCosaif/node_modules/@prisma/client\n' +
    '  /tmp/prisma-engines\n' +
    '  /var/www/Cosaif/prisma\n' +
    'PrismaClientInitializationError: Prisma Client could not locate the Query Engine for runtime "debian-openssl-3.0.x".\n' +
    '\n' +
    'This happened because Prisma Client was generated for "darwin-arm64", but the actual deployment required "debian-openssl-3.0.x".\n' +
    'Add "debian-openssl-3.0.x" to `binaryTargets` in the "schema.prisma" file and run `prisma generate` after saving it:\n' +
    '\n' +
    'generator client {\n' +
    '  provider      = "prisma-client-js"\n' +
    '  binaryTargets = ["native", "debian-openssl-3.0.x"]\n' +
    '}\n' +
    '\n' +
    'The following locations have been searched:\n' +
    '  /var/www/Cosaif/node_modules/.prisma/client\n' +
    '  /var/www/Cosaif/node_modules/@prisma/client\n' +
    '  /Users/viankodesarrollo/Documents/CosaifBack/BackCosaif/node_modules/@prisma/client\n' +
    '  /tmp/prisma-engines\n' +
    '  /var/www/Cosaif/prisma\n' +
    '    at yl (/var/www/Cosaif/node_modules/@prisma/client/runtime/library.js:64:805)\n' +
    '    at async Object.loadLibrary (/var/www/Cosaif/node_modules/@prisma/client/runtime/library.js:111:7966)\n' +
    '    at async Gr.loadEngine (/var/www/Cosaif/node_modules/@prisma/client/runtime/library.js:112:448)\n' +
    '    at async Gr.instantiateLibrary (/var/www/Cosaif/node_modules/@prisma/client/runtime/library.js:111:11869)',
  stack: 'PrismaClientInitializationError: Prisma Client could not locate the Query Engine for runtime "debian-openssl-3.0.x".\n' +
    '\n' +
    'This happened because Prisma Client was generated for "darwin-arm64", but the actual deployment required "debian-openssl-3.0.x".\n' +
    'Add "debian-openssl-3.0.x" to `binaryTargets` in the "schema.prisma" file and run `prisma generate` after saving it:\n' +
    '\n' +
    'generator client {\n' +
    '  provider      = "prisma-client-js"\n' +
    '  binaryTargets = ["native", "debian-openssl-3.0.x"]\n' +
    '}\n' +
    '\n' +
    'The following locations have been searched:\n' +
    '  /var/www/Cosaif/node_modules/.prisma/client\n' +
    '  /var/www/Cosaif/node_modules/@prisma/client\n' +
    '  /Users/viankodesarrollo/Documents/CosaifBack/BackCosaif/node_modules/@prisma/client\n' +
    '  /tmp/prisma-engines\n' +
    '  /var/www/Cosaif/prisma\n' +
    '    at yl (/var/www/Cosaif/node_modules/@prisma/client/runtime/library.js:64:805)\n' +
    '    at async Object.loadLibrary (/var/www/Cosaif/node_modules/@prisma/client/runtime/library.js:111:7966)\n' +
    '    at async Gr.loadEngine (/var/www/Cosaif/node_modules/@prisma/client/runtime/library.js:112:448)\n' +
    '    at async Gr.instantiateLibrary (/var/www/Cosaif/node_modules/@prisma/client/runtime/library.js:111:11869)',
  rejection: true,
  date: 'Thu Jul 24 2025 16:40:30 GMT+0000 (Coordinated Universal Time)',
  process: {
    pid: 274435,
    uid: 0,
    gid: 0,
    cwd: '/var/www/Cosaif',
    execPath: '/usr/bin/node',
    version: 'v20.19.2',
    argv: [
      '/usr/bin/node',
      '/usr/lib/node_modules/pm2/lib/ProcessContainerFork.js'
    ],
    memoryUsage: {
      rss: 105037824,
      heapTotal: 37806080,
      heapUsed: 22438608,
      external: 2578099,
      arrayBuffers: 61521
    }
  },
  os: { loadavg: [ 0.66, 0.16, 0.05 ], uptime: 2508630.06 },
  trace: [
    {
      column: 805,
      file: '/var/www/Cosaif/node_modules/@prisma/client/runtime/library.js',
      function: 'yl',
      line: 64,
      method: null,
      native: false
    },
    {
      column: 7966,
      file: '/var/www/Cosaif/node_modules/@prisma/client/runtime/library.js',
      function: 'async Object.loadLibrary',
      line: 111,
      method: 'loadLibrary',
      native: false
    },
    {
      column: 448,
      file: '/var/www/Cosaif/node_modules/@prisma/client/runtime/library.js',
      function: 'async Gr.loadEngine',
      line: 112,
      method: 'loadEngine',
      native: false
    },
    {
      column: 11869,
      file: '/var/www/Cosaif/node_modules/@prisma/client/runtime/library.js',
      function: 'async Gr.instantiateLibrary',
      line: 111,
      method: 'instantiateLibrary',
      native: false
    }
  ],
  service: 'IncidenteModel',
  module: 'Movimientos/Incidente',
  timestamp: '2025-07-24 16:40:30'
}
{
  error: PrismaClientInitializationError: Prisma Client could not locate the Query Engine for runtime "debian-openssl-3.0.x".
  
  This happened because Prisma Client was generated for "darwin-arm64", but the actual deployment required "debian-openssl-3.0.x".
  Add "debian-openssl-3.0.x" to `binaryTargets` in the "schema.prisma" file and run `prisma generate` after saving it:
  
  generator client {
    provider      = "prisma-client-js"
    binaryTargets = ["native", "debian-openssl-3.0.x"]
  }
  
  The following locations have been searched:
    /var/www/Cosaif/node_modules/.prisma/client
    /var/www/Cosaif/node_modules/@prisma/client
    /Users/viankodesarrollo/Documents/CosaifBack/BackCosaif/node_modules/@prisma/client
    /tmp/prisma-engines
    /var/www/Cosaif/prisma
      at yl (/var/www/Cosaif/node_modules/@prisma/client/runtime/library.js:64:805)
      at async Object.loadLibrary (/var/www/Cosaif/node_modules/@prisma/client/runtime/library.js:111:7966)
      at async Gr.loadEngine (/var/www/Cosaif/node_modules/@prisma/client/runtime/library.js:112:448)
      at async Gr.instantiateLibrary (/var/www/Cosaif/node_modules/@prisma/client/runtime/library.js:111:11869) {
    clientVersion: '6.12.0',
    errorCode: undefined,
    retryable: undefined
  },
  level: 'error',
  message: 'unhandledRejection: Prisma Client could not locate the Query Engine for runtime "debian-openssl-3.0.x".\n' +
    '\n' +
    'This happened because Prisma Client was generated for "darwin-arm64", but the actual deployment required "debian-openssl-3.0.x".\n' +
    'Add "debian-openssl-3.0.x" to `binaryTargets` in the "schema.prisma" file and run `prisma generate` after saving it:\n' +
    '\n' +
    'generator client {\n' +
    '  provider      = "prisma-client-js"\n' +
    '  binaryTargets = ["native", "debian-openssl-3.0.x"]\n' +
    '}\n' +
    '\n' +
    'The following locations have been searched:\n' +
    '  /var/www/Cosaif/node_modules/.prisma/client\n' +
    '  /var/www/Cosaif/node_modules/@prisma/client\n' +
    '  /Users/viankodesarrollo/Documents/CosaifBack/BackCosaif/node_modules/@prisma/client\n' +
    '  /tmp/prisma-engines\n' +
    '  /var/www/Cosaif/prisma\n' +
    'PrismaClientInitializationError: Prisma Client could not locate the Query Engine for runtime "debian-openssl-3.0.x".\n' +
    '\n' +
    'This happened because Prisma Client was generated for "darwin-arm64", but the actual deployment required "debian-openssl-3.0.x".\n' +
    'Add "debian-openssl-3.0.x" to `binaryTargets` in the "schema.prisma" file and run `prisma generate` after saving it:\n' +
    '\n' +
    'generator client {\n' +
    '  provider      = "prisma-client-js"\n' +
    '  binaryTargets = ["native", "debian-openssl-3.0.x"]\n' +
    '}\n' +
    '\n' +
    'The following locations have been searched:\n' +
    '  /var/www/Cosaif/node_modules/.prisma/client\n' +
    '  /var/www/Cosaif/node_modules/@prisma/client\n' +
    '  /Users/viankodesarrollo/Documents/CosaifBack/BackCosaif/node_modules/@prisma/client\n' +
    '  /tmp/prisma-engines\n' +
    '  /var/www/Cosaif/prisma\n' +
    '    at yl (/var/www/Cosaif/node_modules/@prisma/client/runtime/library.js:64:805)\n' +
    '    at async Object.loadLibrary (/var/www/Cosaif/node_modules/@prisma/client/runtime/library.js:111:7966)\n' +
    '    at async Gr.loadEngine (/var/www/Cosaif/node_modules/@prisma/client/runtime/library.js:112:448)\n' +
    '    at async Gr.instantiateLibrary (/var/www/Cosaif/node_modules/@prisma/client/runtime/library.js:111:11869)',
  stack: 'PrismaClientInitializationError: Prisma Client could not locate the Query Engine for runtime "debian-openssl-3.0.x".\n' +
    '\n' +
    'This happened because Prisma Client was generated for "darwin-arm64", but the actual deployment required "debian-openssl-3.0.x".\n' +
    'Add "debian-openssl-3.0.x" to `binaryTargets` in the "schema.prisma" file and run `prisma generate` after saving it:\n' +
    '\n' +
    'generator client {\n' +
    '  provider      = "prisma-client-js"\n' +
    '  binaryTargets = ["native", "debian-openssl-3.0.x"]\n' +
    '}\n' +
    '\n' +
    'The following locations have been searched:\n' +
    '  /var/www/Cosaif/node_modules/.prisma/client\n' +
    '  /var/www/Cosaif/node_modules/@prisma/client\n' +
    '  /Users/viankodesarrollo/Documents/CosaifBack/BackCosaif/node_modules/@prisma/client\n' +
    '  /tmp/prisma-engines\n' +
    '  /var/www/Cosaif/prisma\n' +
    '    at yl (/var/www/Cosaif/node_modules/@prisma/client/runtime/library.js:64:805)\n' +
    '    at async Object.loadLibrary (/var/www/Cosaif/node_modules/@prisma/client/runtime/library.js:111:7966)\n' +
    '    at async Gr.loadEngine (/var/www/Cosaif/node_modules/@prisma/client/runtime/library.js:112:448)\n' +
    '    at async Gr.instantiateLibrary (/var/www/Cosaif/node_modules/@prisma/client/runtime/library.js:111:11869)',
  rejection: true,
  date: 'Thu Jul 24 2025 16:40:30 GMT+0000 (Coordinated Universal Time)',
  process: {
    pid: 274435,
    uid: 0,
    gid: 0,
    cwd: '/var/www/Cosaif',
    execPath: '/usr/bin/node',
    version: 'v20.19.2',
    argv: [
      '/usr/bin/node',
      '/usr/lib/node_modules/pm2/lib/ProcessContainerFork.js'
    ],
    memoryUsage: {
      rss: 105299968,
      heapTotal: 37806080,
      heapUsed: 23293624,
      external: 2638772,
      arrayBuffers: 122194
    }
  },
  os: { loadavg: [ 0.66, 0.16, 0.05 ], uptime: 2508630.07 },
  trace: [
    {
      column: 805,
      file: '/var/www/Cosaif/node_modules/@prisma/client/runtime/library.js',
      function: 'yl',
      line: 64,
      method: null,
      native: false
    },
    {
      column: 7966,
      file: '/var/www/Cosaif/node_modules/@prisma/client/runtime/library.js',
      function: 'async Object.loadLibrary',
      line: 111,
      method: 'loadLibrary',
      native: false
    },
    {
      column: 448,
      file: '/var/www/Cosaif/node_modules/@prisma/client/runtime/library.js',
      function: 'async Gr.loadEngine',
      line: 112,
      method: 'loadEngine',
      native: false
    },
    {
      column: 11869,
      file: '/var/www/Cosaif/node_modules/@prisma/client/runtime/library.js',
      function: 'async Gr.instantiateLibrary',
      line: 111,
      method: 'instantiateLibrary',
      native: false
    }
  ],
  service: 'IncidenteModel',
  module: 'Movimientos/Incidente',
  timestamp: '2025-07-24 16:40:30'
}
{
  error: PrismaClientInitializationError: Prisma Client could not locate the Query Engine for runtime "debian-openssl-3.0.x".
  
  This happened because Prisma Client was generated for "darwin-arm64", but the actual deployment required "debian-openssl-3.0.x".
  Add "debian-openssl-3.0.x" to `binaryTargets` in the "schema.prisma" file and run `prisma generate` after saving it:
  
  generator client {
    provider      = "prisma-client-js"
    binaryTargets = ["native", "debian-openssl-3.0.x"]
  }
  
  The following locations have been searched:
    /var/www/Cosaif/node_modules/.prisma/client
    /var/www/Cosaif/node_modules/@prisma/client
    /Users/viankodesarrollo/Documents/CosaifBack/BackCosaif/node_modules/@prisma/client
    /tmp/prisma-engines
    /var/www/Cosaif/prisma
      at yl (/var/www/Cosaif/node_modules/@prisma/client/runtime/library.js:64:805)
      at async Object.loadLibrary (/var/www/Cosaif/node_modules/@prisma/client/runtime/library.js:111:7966)
      at async Gr.loadEngine (/var/www/Cosaif/node_modules/@prisma/client/runtime/library.js:112:448)
      at async Gr.instantiateLibrary (/var/www/Cosaif/node_modules/@prisma/client/runtime/library.js:111:11869) {
    clientVersion: '6.12.0',
    errorCode: undefined,
    retryable: undefined
  },
  level: 'error',
  message: 'unhandledRejection: Prisma Client could not locate the Query Engine for runtime "debian-openssl-3.0.x".\n' +
    '\n' +
    'This happened because Prisma Client was generated for "darwin-arm64", but the actual deployment required "debian-openssl-3.0.x".\n' +
    'Add "debian-openssl-3.0.x" to `binaryTargets` in the "schema.prisma" file and run `prisma generate` after saving it:\n' +
    '\n' +
    'generator client {\n' +
    '  provider      = "prisma-client-js"\n' +
    '  binaryTargets = ["native", "debian-openssl-3.0.x"]\n' +
    '}\n' +
    '\n' +
    'The following locations have been searched:\n' +
    '  /var/www/Cosaif/node_modules/.prisma/client\n' +
    '  /var/www/Cosaif/node_modules/@prisma/client\n' +
    '  /Users/viankodesarrollo/Documents/CosaifBack/BackCosaif/node_modules/@prisma/client\n' +
    '  /tmp/prisma-engines\n' +
    '  /var/www/Cosaif/prisma\n' +
    'PrismaClientInitializationError: Prisma Client could not locate the Query Engine for runtime "debian-openssl-3.0.x".\n' +
    '\n' +
    'This happened because Prisma Client was generated for "darwin-arm64", but the actual deployment required "debian-openssl-3.0.x".\n' +
    'Add "debian-openssl-3.0.x" to `binaryTargets` in the "schema.prisma" file and run `prisma generate` after saving it:\n' +
    '\n' +
    'generator client {\n' +
    '  provider      = "prisma-client-js"\n' +
    '  binaryTargets = ["native", "debian-openssl-3.0.x"]\n' +
    '}\n' +
    '\n' +
    'The following locations have been searched:\n' +
    '  /var/www/Cosaif/node_modules/.prisma/client\n' +
    '  /var/www/Cosaif/node_modules/@prisma/client\n' +
    '  /Users/viankodesarrollo/Documents/CosaifBack/BackCosaif/node_modules/@prisma/client\n' +
    '  /tmp/prisma-engines\n' +
    '  /var/www/Cosaif/prisma\n' +
    '    at yl (/var/www/Cosaif/node_modules/@prisma/client/runtime/library.js:64:805)\n' +
    '    at async Object.loadLibrary (/var/www/Cosaif/node_modules/@prisma/client/runtime/library.js:111:7966)\n' +
    '    at async Gr.loadEngine (/var/www/Cosaif/node_modules/@prisma/client/runtime/library.js:112:448)\n' +
    '    at async Gr.instantiateLibrary (/var/www/Cosaif/node_modules/@prisma/client/runtime/library.js:111:11869)',
  stack: 'PrismaClientInitializationError: Prisma Client could not locate the Query Engine for runtime "debian-openssl-3.0.x".\n' +
    '\n' +
    'This happened because Prisma Client was generated for "darwin-arm64", but the actual deployment required "debian-openssl-3.0.x".\n' +
    'Add "debian-openssl-3.0.x" to `binaryTargets` in the "schema.prisma" file and run `prisma generate` after saving it:\n' +
    '\n' +
    'generator client {\n' +
    '  provider      = "prisma-client-js"\n' +
    '  binaryTargets = ["native", "debian-openssl-3.0.x"]\n' +
    '}\n' +
    '\n' +
    'The following locations have been searched:\n' +
    '  /var/www/Cosaif/node_modules/.prisma/client\n' +
    '  /var/www/Cosaif/node_modules/@prisma/client\n' +
    '  /Users/viankodesarrollo/Documents/CosaifBack/BackCosaif/node_modules/@prisma/client\n' +
    '  /tmp/prisma-engines\n' +
    '  /var/www/Cosaif/prisma\n' +
    '    at yl (/var/www/Cosaif/node_modules/@prisma/client/runtime/library.js:64:805)\n' +
    '    at async Object.loadLibrary (/var/www/Cosaif/node_modules/@prisma/client/runtime/library.js:111:7966)\n' +
    '    at async Gr.loadEngine (/var/www/Cosaif/node_modules/@prisma/client/runtime/library.js:112:448)\n' +
    '    at async Gr.instantiateLibrary (/var/www/Cosaif/node_modules/@prisma/client/runtime/library.js:111:11869)',
  rejection: true,
  date: 'Thu Jul 24 2025 16:40:30 GMT+0000 (Coordinated Universal Time)',
  process: {
    pid: 274435,
    uid: 0,
    gid: 0,
    cwd: '/var/www/Cosaif',
    execPath: '/usr/bin/node',
    version: 'v20.19.2',
    argv: [
      '/usr/bin/node',
      '/usr/lib/node_modules/pm2/lib/ProcessContainerFork.js'
    ],
    memoryUsage: {
      rss: 105431040,
      heapTotal: 37806080,
      heapUsed: 24145136,
      external: 2699451,
      arrayBuffers: 182873
    }
  },
  os: { loadavg: [ 0.66, 0.16, 0.05 ], uptime: 2508630.07 },
  trace: [
    {
      column: 805,
      file: '/var/www/Cosaif/node_modules/@prisma/client/runtime/library.js',
      function: 'yl',
      line: 64,
      method: null,
      native: false
    },
    {
      column: 7966,
      file: '/var/www/Cosaif/node_modules/@prisma/client/runtime/library.js',
      function: 'async Object.loadLibrary',
      line: 111,
      method: 'loadLibrary',
      native: false
    },
    {
      column: 448,
      file: '/var/www/Cosaif/node_modules/@prisma/client/runtime/library.js',
      function: 'async Gr.loadEngine',
      line: 112,
      method: 'loadEngine',
      native: false
    },
    {
      column: 11869,
      file: '/var/www/Cosaif/node_modules/@prisma/client/runtime/library.js',
      function: 'async Gr.instantiateLibrary',
      line: 111,
      method: 'instantiateLibrary',
      native: false
    }
  ],
  service: 'IncidenteModel',
  module: 'Movimientos/Incidente',
  timestamp: '2025-07-24 16:40:30'
}
{
  error: PrismaClientInitializationError: Prisma Client could not locate the Query Engine for runtime "debian-openssl-3.0.x".
  
  This happened because Prisma Client was generated for "darwin-arm64", but the actual deployment required "debian-openssl-3.0.x".
  Add "debian-openssl-3.0.x" to `binaryTargets` in the "schema.prisma" file and run `prisma generate` after saving it:
  
  generator client {
    provider      = "prisma-client-js"
    binaryTargets = ["native", "debian-openssl-3.0.x"]
  }
  
  The following locations have been searched:
    /var/www/Cosaif/node_modules/.prisma/client
    /var/www/Cosaif/node_modules/@prisma/client
    /Users/viankodesarrollo/Documents/CosaifBack/BackCosaif/node_modules/@prisma/client
    /tmp/prisma-engines
    /var/www/Cosaif/prisma
      at yl (/var/www/Cosaif/node_modules/@prisma/client/runtime/library.js:64:805)
      at async Object.loadLibrary (/var/www/Cosaif/node_modules/@prisma/client/runtime/library.js:111:7966)
      at async Gr.loadEngine (/var/www/Cosaif/node_modules/@prisma/client/runtime/library.js:112:448)
      at async Gr.instantiateLibrary (/var/www/Cosaif/node_modules/@prisma/client/runtime/library.js:111:11869) {
    clientVersion: '6.12.0',
    errorCode: undefined,
    retryable: undefined
  },
  level: 'error',
  message: 'unhandledRejection: Prisma Client could not locate the Query Engine for runtime "debian-openssl-3.0.x".\n' +
    '\n' +
    'This happened because Prisma Client was generated for "darwin-arm64", but the actual deployment required "debian-openssl-3.0.x".\n' +
    'Add "debian-openssl-3.0.x" to `binaryTargets` in the "schema.prisma" file and run `prisma generate` after saving it:\n' +
    '\n' +
    'generator client {\n' +
    '  provider      = "prisma-client-js"\n' +
    '  binaryTargets = ["native", "debian-openssl-3.0.x"]\n' +
    '}\n' +
    '\n' +
    'The following locations have been searched:\n' +
    '  /var/www/Cosaif/node_modules/.prisma/client\n' +
    '  /var/www/Cosaif/node_modules/@prisma/client\n' +
    '  /Users/viankodesarrollo/Documents/CosaifBack/BackCosaif/node_modules/@prisma/client\n' +
    '  /tmp/prisma-engines\n' +
    '  /var/www/Cosaif/prisma\n' +
    'PrismaClientInitializationError: Prisma Client could not locate the Query Engine for runtime "debian-openssl-3.0.x".\n' +
    '\n' +
    'This happened because Prisma Client was generated for "darwin-arm64", but the actual deployment required "debian-openssl-3.0.x".\n' +
    'Add "debian-openssl-3.0.x" to `binaryTargets` in the "schema.prisma" file and run `prisma generate` after saving it:\n' +
    '\n' +
    'generator client {\n' +
    '  provider      = "prisma-client-js"\n' +
    '  binaryTargets = ["native", "debian-openssl-3.0.x"]\n' +
    '}\n' +
    '\n' +
    'The following locations have been searched:\n' +
    '  /var/www/Cosaif/node_modules/.prisma/client\n' +
    '  /var/www/Cosaif/node_modules/@prisma/client\n' +
    '  /Users/viankodesarrollo/Documents/CosaifBack/BackCosaif/node_modules/@prisma/client\n' +
    '  /tmp/prisma-engines\n' +
    '  /var/www/Cosaif/prisma\n' +
    '    at yl (/var/www/Cosaif/node_modules/@prisma/client/runtime/library.js:64:805)\n' +
    '    at async Object.loadLibrary (/var/www/Cosaif/node_modules/@prisma/client/runtime/library.js:111:7966)\n' +
    '    at async Gr.loadEngine (/var/www/Cosaif/node_modules/@prisma/client/runtime/library.js:112:448)\n' +
    '    at async Gr.instantiateLibrary (/var/www/Cosaif/node_modules/@prisma/client/runtime/library.js:111:11869)',
  stack: 'PrismaClientInitializationError: Prisma Client could not locate the Query Engine for runtime "debian-openssl-3.0.x".\n' +
    '\n' +
    'This happened because Prisma Client was generated for "darwin-arm64", but the actual deployment required "debian-openssl-3.0.x".\n' +
    'Add "debian-openssl-3.0.x" to `binaryTargets` in the "schema.prisma" file and run `prisma generate` after saving it:\n' +
    '\n' +
    'generator client {\n' +
    '  provider      = "prisma-client-js"\n' +
    '  binaryTargets = ["native", "debian-openssl-3.0.x"]\n' +
    '}\n' +
    '\n' +
    'The following locations have been searched:\n' +
    '  /var/www/Cosaif/node_modules/.prisma/client\n' +
    '  /var/www/Cosaif/node_modules/@prisma/client\n' +
    '  /Users/viankodesarrollo/Documents/CosaifBack/BackCosaif/node_modules/@prisma/client\n' +
    '  /tmp/prisma-engines\n' +
    '  /var/www/Cosaif/prisma\n' +
    '    at yl (/var/www/Cosaif/node_modules/@prisma/client/runtime/library.js:64:805)\n' +
    '    at async Object.loadLibrary (/var/www/Cosaif/node_modules/@prisma/client/runtime/library.js:111:7966)\n' +
    '    at async Gr.loadEngine (/var/www/Cosaif/node_modules/@prisma/client/runtime/library.js:112:448)\n' +
    '    at async Gr.instantiateLibrary (/var/www/Cosaif/node_modules/@prisma/client/runtime/library.js:111:11869)',
  rejection: true,
  date: 'Thu Jul 24 2025 16:40:31 GMT+0000 (Coordinated Universal Time)',
  process: {
    pid: 274446,
    uid: 0,
    gid: 0,
    cwd: '/var/www/Cosaif',
    execPath: '/usr/bin/node',
    version: 'v20.19.2',
    argv: [
      '/usr/bin/node',
      '/usr/lib/node_modules/pm2/lib/ProcessContainerFork.js'
    ],
    memoryUsage: {
      rss: 106143744,
      heapTotal: 38330368,
      heapUsed: 22424360,
      external: 2578097,
      arrayBuffers: 61519
    }
  },
  os: { loadavg: [ 0.66, 0.16, 0.05 ], uptime: 2508630.61 },
  trace: [
    {
      column: 805,
      file: '/var/www/Cosaif/node_modules/@prisma/client/runtime/library.js',
      function: 'yl',
      line: 64,
      method: null,
      native: false
    },
    {
      column: 7966,
      file: '/var/www/Cosaif/node_modules/@prisma/client/runtime/library.js',
      function: 'async Object.loadLibrary',
      line: 111,
      method: 'loadLibrary',
      native: false
    },
    {
      column: 448,
      file: '/var/www/Cosaif/node_modules/@prisma/client/runtime/library.js',
      function: 'async Gr.loadEngine',
      line: 112,
      method: 'loadEngine',
      native: false
    },
    {
      column: 11869,
      file: '/var/www/Cosaif/node_modules/@prisma/client/runtime/library.js',
      function: 'async Gr.instantiateLibrary',
      line: 111,
      method: 'instantiateLibrary',
      native: false
    }
  ],
  service: 'IncidenteModel',
  module: 'Movimientos/Incidente',
  timestamp: '2025-07-24 16:40:31'
}
{
  error: PrismaClientInitializationError: Prisma Client could not locate the Query Engine for runtime "debian-openssl-3.0.x".
  
  This happened because Prisma Client was generated for "darwin-arm64", but the actual deployment required "debian-openssl-3.0.x".
  Add "debian-openssl-3.0.x" to `binaryTargets` in the "schema.prisma" file and run `prisma generate` after saving it:
  
  generator client {
    provider      = "prisma-client-js"
    binaryTargets = ["native", "debian-openssl-3.0.x"]
  }
  
  The following locations have been searched:
    /var/www/Cosaif/node_modules/.prisma/client
    /var/www/Cosaif/node_modules/@prisma/client
    /Users/viankodesarrollo/Documents/CosaifBack/BackCosaif/node_modules/@prisma/client
    /tmp/prisma-engines
    /var/www/Cosaif/prisma
      at yl (/var/www/Cosaif/node_modules/@prisma/client/runtime/library.js:64:805)
      at async Object.loadLibrary (/var/www/Cosaif/node_modules/@prisma/client/runtime/library.js:111:7966)
      at async Gr.loadEngine (/var/www/Cosaif/node_modules/@prisma/client/runtime/library.js:112:448)
      at async Gr.instantiateLibrary (/var/www/Cosaif/node_modules/@prisma/client/runtime/library.js:111:11869) {
    clientVersion: '6.12.0',
    errorCode: undefined,
    retryable: undefined
  },
  level: 'error',
  message: 'unhandledRejection: Prisma Client could not locate the Query Engine for runtime "debian-openssl-3.0.x".\n' +
    '\n' +
    'This happened because Prisma Client was generated for "darwin-arm64", but the actual deployment required "debian-openssl-3.0.x".\n' +
    'Add "debian-openssl-3.0.x" to `binaryTargets` in the "schema.prisma" file and run `prisma generate` after saving it:\n' +
    '\n' +
    'generator client {\n' +
    '  provider      = "prisma-client-js"\n' +
    '  binaryTargets = ["native", "debian-openssl-3.0.x"]\n' +
    '}\n' +
    '\n' +
    'The following locations have been searched:\n' +
    '  /var/www/Cosaif/node_modules/.prisma/client\n' +
    '  /var/www/Cosaif/node_modules/@prisma/client\n' +
    '  /Users/viankodesarrollo/Documents/CosaifBack/BackCosaif/node_modules/@prisma/client\n' +
    '  /tmp/prisma-engines\n' +
    '  /var/www/Cosaif/prisma\n' +
    'PrismaClientInitializationError: Prisma Client could not locate the Query Engine for runtime "debian-openssl-3.0.x".\n' +
    '\n' +
    'This happened because Prisma Client was generated for "darwin-arm64", but the actual deployment required "debian-openssl-3.0.x".\n' +
    'Add "debian-openssl-3.0.x" to `binaryTargets` in the "schema.prisma" file and run `prisma generate` after saving it:\n' +
    '\n' +
    'generator client {\n' +
    '  provider      = "prisma-client-js"\n' +
    '  binaryTargets = ["native", "debian-openssl-3.0.x"]\n' +
    '}\n' +
    '\n' +
    'The following locations have been searched:\n' +
    '  /var/www/Cosaif/node_modules/.prisma/client\n' +
    '  /var/www/Cosaif/node_modules/@prisma/client\n' +
    '  /Users/viankodesarrollo/Documents/CosaifBack/BackCosaif/node_modules/@prisma/client\n' +
    '  /tmp/prisma-engines\n' +
    '  /var/www/Cosaif/prisma\n' +
    '    at yl (/var/www/Cosaif/node_modules/@prisma/client/runtime/library.js:64:805)\n' +
    '    at async Object.loadLibrary (/var/www/Cosaif/node_modules/@prisma/client/runtime/library.js:111:7966)\n' +
    '    at async Gr.loadEngine (/var/www/Cosaif/node_modules/@prisma/client/runtime/library.js:112:448)\n' +
    '    at async Gr.instantiateLibrary (/var/www/Cosaif/node_modules/@prisma/client/runtime/library.js:111:11869)',
  stack: 'PrismaClientInitializationError: Prisma Client could not locate the Query Engine for runtime "debian-openssl-3.0.x".\n' +
    '\n' +
    'This happened because Prisma Client was generated for "darwin-arm64", but the actual deployment required "debian-openssl-3.0.x".\n' +
    'Add "debian-openssl-3.0.x" to `binaryTargets` in the "schema.prisma" file and run `prisma generate` after saving it:\n' +
    '\n' +
    'generator client {\n' +
    '  provider      = "prisma-client-js"\n' +
    '  binaryTargets = ["native", "debian-openssl-3.0.x"]\n' +
    '}\n' +
    '\n' +
    'The following locations have been searched:\n' +
    '  /var/www/Cosaif/node_modules/.prisma/client\n' +
    '  /var/www/Cosaif/node_modules/@prisma/client\n' +
    '  /Users/viankodesarrollo/Documents/CosaifBack/BackCosaif/node_modules/@prisma/client\n' +
    '  /tmp/prisma-engines\n' +
    '  /var/www/Cosaif/prisma\n' +
    '    at yl (/var/www/Cosaif/node_modules/@prisma/client/runtime/library.js:64:805)\n' +
    '    at async Object.loadLibrary (/var/www/Cosaif/node_modules/@prisma/client/runtime/library.js:111:7966)\n' +
    '    at async Gr.loadEngine (/var/www/Cosaif/node_modules/@prisma/client/runtime/library.js:112:448)\n' +
    '    at async Gr.instantiateLibrary (/var/www/Cosaif/node_modules/@prisma/client/runtime/library.js:111:11869)',
  rejection: true,
  date: 'Thu Jul 24 2025 16:40:31 GMT+0000 (Coordinated Universal Time)',
  process: {
    pid: 274446,
    uid: 0,
    gid: 0,
    cwd: '/var/www/Cosaif',
    execPath: '/usr/bin/node',
    version: 'v20.19.2',
    argv: [
      '/usr/bin/node',
      '/usr/lib/node_modules/pm2/lib/ProcessContainerFork.js'
    ],
    memoryUsage: {
      rss: 106405888,
      heapTotal: 38330368,
      heapUsed: 23516280,
      external: 2638770,
      arrayBuffers: 122192
    }
  },
  os: { loadavg: [ 0.66, 0.16, 0.05 ], uptime: 2508630.62 },
  trace: [
    {
      column: 805,
      file: '/var/www/Cosaif/node_modules/@prisma/client/runtime/library.js',
      function: 'yl',
      line: 64,
      method: null,
      native: false
    },
    {
      column: 7966,
      file: '/var/www/Cosaif/node_modules/@prisma/client/runtime/library.js',
      function: 'async Object.loadLibrary',
      line: 111,
      method: 'loadLibrary',
      native: false
    },
    {
      column: 448,
      file: '/var/www/Cosaif/node_modules/@prisma/client/runtime/library.js',
      function: 'async Gr.loadEngine',
      line: 112,
      method: 'loadEngine',
      native: false
    },
    {
      column: 11869,
      file: '/var/www/Cosaif/node_modules/@prisma/client/runtime/library.js',
      function: 'async Gr.instantiateLibrary',
      line: 111,
      method: 'instantiateLibrary',
      native: false
    }
  ],
  service: 'IncidenteModel',
  module: 'Movimientos/Incidente',
  timestamp: '2025-07-24 16:40:31'
}
{
  error: PrismaClientInitializationError: Prisma Client could not locate the Query Engine for runtime "debian-openssl-3.0.x".
  
  This happened because Prisma Client was generated for "darwin-arm64", but the actual deployment required "debian-openssl-3.0.x".
  Add "debian-openssl-3.0.x" to `binaryTargets` in the "schema.prisma" file and run `prisma generate` after saving it:
  
  generator client {
    provider      = "prisma-client-js"
    binaryTargets = ["native", "debian-openssl-3.0.x"]
  }
  
  The following locations have been searched:
    /var/www/Cosaif/node_modules/.prisma/client
    /var/www/Cosaif/node_modules/@prisma/client
    /Users/viankodesarrollo/Documents/CosaifBack/BackCosaif/node_modules/@prisma/client
    /tmp/prisma-engines
    /var/www/Cosaif/prisma
      at yl (/var/www/Cosaif/node_modules/@prisma/client/runtime/library.js:64:805)
      at async Object.loadLibrary (/var/www/Cosaif/node_modules/@prisma/client/runtime/library.js:111:7966)
      at async Gr.loadEngine (/var/www/Cosaif/node_modules/@prisma/client/runtime/library.js:112:448)
      at async Gr.instantiateLibrary (/var/www/Cosaif/node_modules/@prisma/client/runtime/library.js:111:11869) {
    clientVersion: '6.12.0',
    errorCode: undefined,
    retryable: undefined
  },
  level: 'error',
  message: 'unhandledRejection: Prisma Client could not locate the Query Engine for runtime "debian-openssl-3.0.x".\n' +
    '\n' +
    'This happened because Prisma Client was generated for "darwin-arm64", but the actual deployment required "debian-openssl-3.0.x".\n' +
    'Add "debian-openssl-3.0.x" to `binaryTargets` in the "schema.prisma" file and run `prisma generate` after saving it:\n' +
    '\n' +
    'generator client {\n' +
    '  provider      = "prisma-client-js"\n' +
    '  binaryTargets = ["native", "debian-openssl-3.0.x"]\n' +
    '}\n' +
    '\n' +
    'The following locations have been searched:\n' +
    '  /var/www/Cosaif/node_modules/.prisma/client\n' +
    '  /var/www/Cosaif/node_modules/@prisma/client\n' +
    '  /Users/viankodesarrollo/Documents/CosaifBack/BackCosaif/node_modules/@prisma/client\n' +
    '  /tmp/prisma-engines\n' +
    '  /var/www/Cosaif/prisma\n' +
    'PrismaClientInitializationError: Prisma Client could not locate the Query Engine for runtime "debian-openssl-3.0.x".\n' +
    '\n' +
    'This happened because Prisma Client was generated for "darwin-arm64", but the actual deployment required "debian-openssl-3.0.x".\n' +
    'Add "debian-openssl-3.0.x" to `binaryTargets` in the "schema.prisma" file and run `prisma generate` after saving it:\n' +
    '\n' +
    'generator client {\n' +
    '  provider      = "prisma-client-js"\n' +
    '  binaryTargets = ["native", "debian-openssl-3.0.x"]\n' +
    '}\n' +
    '\n' +
    'The following locations have been searched:\n' +
    '  /var/www/Cosaif/node_modules/.prisma/client\n' +
    '  /var/www/Cosaif/node_modules/@prisma/client\n' +
    '  /Users/viankodesarrollo/Documents/CosaifBack/BackCosaif/node_modules/@prisma/client\n' +
    '  /tmp/prisma-engines\n' +
    '  /var/www/Cosaif/prisma\n' +
    '    at yl (/var/www/Cosaif/node_modules/@prisma/client/runtime/library.js:64:805)\n' +
    '    at async Object.loadLibrary (/var/www/Cosaif/node_modules/@prisma/client/runtime/library.js:111:7966)\n' +
    '    at async Gr.loadEngine (/var/www/Cosaif/node_modules/@prisma/client/runtime/library.js:112:448)\n' +
    '    at async Gr.instantiateLibrary (/var/www/Cosaif/node_modules/@prisma/client/runtime/library.js:111:11869)',
  stack: 'PrismaClientInitializationError: Prisma Client could not locate the Query Engine for runtime "debian-openssl-3.0.x".\n' +
    '\n' +
    'This happened because Prisma Client was generated for "darwin-arm64", but the actual deployment required "debian-openssl-3.0.x".\n' +
    'Add "debian-openssl-3.0.x" to `binaryTargets` in the "schema.prisma" file and run `prisma generate` after saving it:\n' +
    '\n' +
    'generator client {\n' +
    '  provider      = "prisma-client-js"\n' +
    '  binaryTargets = ["native", "debian-openssl-3.0.x"]\n' +
    '}\n' +
    '\n' +
    'The following locations have been searched:\n' +
    '  /var/www/Cosaif/node_modules/.prisma/client\n' +
    '  /var/www/Cosaif/node_modules/@prisma/client\n' +
    '  /Users/viankodesarrollo/Documents/CosaifBack/BackCosaif/node_modules/@prisma/client\n' +
    '  /tmp/prisma-engines\n' +
    '  /var/www/Cosaif/prisma\n' +
    '    at yl (/var/www/Cosaif/node_modules/@prisma/client/runtime/library.js:64:805)\n' +
    '    at async Object.loadLibrary (/var/www/Cosaif/node_modules/@prisma/client/runtime/library.js:111:7966)\n' +
    '    at async Gr.loadEngine (/var/www/Cosaif/node_modules/@prisma/client/runtime/library.js:112:448)\n' +
    '    at async Gr.instantiateLibrary (/var/www/Cosaif/node_modules/@prisma/client/runtime/library.js:111:11869)',
  rejection: true,
  date: 'Thu Jul 24 2025 16:40:31 GMT+0000 (Coordinated Universal Time)',
  process: {
    pid: 274446,
    uid: 0,
    gid: 0,
    cwd: '/var/www/Cosaif',
    execPath: '/usr/bin/node',
    version: 'v20.19.2',
    argv: [
      '/usr/bin/node',
      '/usr/lib/node_modules/pm2/lib/ProcessContainerFork.js'
    ],
    memoryUsage: {
      rss: 106405888,
      heapTotal: 38592512,
      heapUsed: 24387336,
      external: 2699449,
      arrayBuffers: 182871
    }
  },
  os: { loadavg: [ 0.66, 0.16, 0.05 ], uptime: 2508630.62 },
  trace: [
    {
      column: 805,
      file: '/var/www/Cosaif/node_modules/@prisma/client/runtime/library.js',
      function: 'yl',
      line: 64,
      method: null,
      native: false
    },
    {
      column: 7966,
      file: '/var/www/Cosaif/node_modules/@prisma/client/runtime/library.js',
      function: 'async Object.loadLibrary',
      line: 111,
      method: 'loadLibrary',
      native: false
    },
    {
      column: 448,
      file: '/var/www/Cosaif/node_modules/@prisma/client/runtime/library.js',
      function: 'async Gr.loadEngine',
      line: 112,
      method: 'loadEngine',
      native: false
    },
    {
      column: 11869,
      file: '/var/www/Cosaif/node_modules/@prisma/client/runtime/library.js',
      function: 'async Gr.instantiateLibrary',
      line: 111,
      method: 'instantiateLibrary',
      native: false
    }
  ],
  service: 'IncidenteModel',
  module: 'Movimientos/Incidente',
  timestamp: '2025-07-24 16:40:31'
}
{
  error: PrismaClientInitializationError: Prisma Client could not locate the Query Engine for runtime "debian-openssl-3.0.x".
  
  This happened because Prisma Client was generated for "darwin-arm64", but the actual deployment required "debian-openssl-3.0.x".
  Add "debian-openssl-3.0.x" to `binaryTargets` in the "schema.prisma" file and run `prisma generate` after saving it:
  
  generator client {
    provider      = "prisma-client-js"
    binaryTargets = ["native", "debian-openssl-3.0.x"]
  }
  
  The following locations have been searched:
    /var/www/Cosaif/node_modules/.prisma/client
    /var/www/Cosaif/node_modules/@prisma/client
    /Users/viankodesarrollo/Documents/CosaifBack/BackCosaif/node_modules/@prisma/client
    /tmp/prisma-engines
    /var/www/Cosaif/prisma
      at yl (/var/www/Cosaif/node_modules/@prisma/client/runtime/library.js:64:805)
      at async Object.loadLibrary (/var/www/Cosaif/node_modules/@prisma/client/runtime/library.js:111:7966)
      at async Gr.loadEngine (/var/www/Cosaif/node_modules/@prisma/client/runtime/library.js:112:448)
      at async Gr.instantiateLibrary (/var/www/Cosaif/node_modules/@prisma/client/runtime/library.js:111:11869) {
    clientVersion: '6.12.0',
    errorCode: undefined,
    retryable: undefined
  },
  level: 'error',
  message: 'unhandledRejection: Prisma Client could not locate the Query Engine for runtime "debian-openssl-3.0.x".\n' +
    '\n' +
    'This happened because Prisma Client was generated for "darwin-arm64", but the actual deployment required "debian-openssl-3.0.x".\n' +
    'Add "debian-openssl-3.0.x" to `binaryTargets` in the "schema.prisma" file and run `prisma generate` after saving it:\n' +
    '\n' +
    'generator client {\n' +
    '  provider      = "prisma-client-js"\n' +
    '  binaryTargets = ["native", "debian-openssl-3.0.x"]\n' +
    '}\n' +
    '\n' +
    'The following locations have been searched:\n' +
    '  /var/www/Cosaif/node_modules/.prisma/client\n' +
    '  /var/www/Cosaif/node_modules/@prisma/client\n' +
    '  /Users/viankodesarrollo/Documents/CosaifBack/BackCosaif/node_modules/@prisma/client\n' +
    '  /tmp/prisma-engines\n' +
    '  /var/www/Cosaif/prisma\n' +
    'PrismaClientInitializationError: Prisma Client could not locate the Query Engine for runtime "debian-openssl-3.0.x".\n' +
    '\n' +
    'This happened because Prisma Client was generated for "darwin-arm64", but the actual deployment required "debian-openssl-3.0.x".\n' +
    'Add "debian-openssl-3.0.x" to `binaryTargets` in the "schema.prisma" file and run `prisma generate` after saving it:\n' +
    '\n' +
    'generator client {\n' +
    '  provider      = "prisma-client-js"\n' +
    '  binaryTargets = ["native", "debian-openssl-3.0.x"]\n' +
    '}\n' +
    '\n' +
    'The following locations have been searched:\n' +
    '  /var/www/Cosaif/node_modules/.prisma/client\n' +
    '  /var/www/Cosaif/node_modules/@prisma/client\n' +
    '  /Users/viankodesarrollo/Documents/CosaifBack/BackCosaif/node_modules/@prisma/client\n' +
    '  /tmp/prisma-engines\n' +
    '  /var/www/Cosaif/prisma\n' +
    '    at yl (/var/www/Cosaif/node_modules/@prisma/client/runtime/library.js:64:805)\n' +
    '    at async Object.loadLibrary (/var/www/Cosaif/node_modules/@prisma/client/runtime/library.js:111:7966)\n' +
    '    at async Gr.loadEngine (/var/www/Cosaif/node_modules/@prisma/client/runtime/library.js:112:448)\n' +
    '    at async Gr.instantiateLibrary (/var/www/Cosaif/node_modules/@prisma/client/runtime/library.js:111:11869)',
  stack: 'PrismaClientInitializationError: Prisma Client could not locate the Query Engine for runtime "debian-openssl-3.0.x".\n' +
    '\n' +
    'This happened because Prisma Client was generated for "darwin-arm64", but the actual deployment required "debian-openssl-3.0.x".\n' +
    'Add "debian-openssl-3.0.x" to `binaryTargets` in the "schema.prisma" file and run `prisma generate` after saving it:\n' +
    '\n' +
    'generator client {\n' +
    '  provider      = "prisma-client-js"\n' +
    '  binaryTargets = ["native", "debian-openssl-3.0.x"]\n' +
    '}\n' +
    '\n' +
    'The following locations have been searched:\n' +
    '  /var/www/Cosaif/node_modules/.prisma/client\n' +
    '  /var/www/Cosaif/node_modules/@prisma/client\n' +
    '  /Users/viankodesarrollo/Documents/CosaifBack/BackCosaif/node_modules/@prisma/client\n' +
    '  /tmp/prisma-engines\n' +
    '  /var/www/Cosaif/prisma\n' +
    '    at yl (/var/www/Cosaif/node_modules/@prisma/client/runtime/library.js:64:805)\n' +
    '    at async Object.loadLibrary (/var/www/Cosaif/node_modules/@prisma/client/runtime/library.js:111:7966)\n' +
    '    at async Gr.loadEngine (/var/www/Cosaif/node_modules/@prisma/client/runtime/library.js:112:448)\n' +
    '    at async Gr.instantiateLibrary (/var/www/Cosaif/node_modules/@prisma/client/runtime/library.js:111:11869)',
  rejection: true,
  date: 'Thu Jul 24 2025 16:40:34 GMT+0000 (Coordinated Universal Time)',
  process: {
    pid: 274464,
    uid: 0,
    gid: 0,
    cwd: '/var/www/Cosaif',
    execPath: '/usr/bin/node',
    version: 'v20.19.2',
    argv: [
      '/usr/bin/node',
      '/usr/lib/node_modules/pm2/lib/ProcessContainerFork.js'
    ],
    memoryUsage: {
      rss: 105791488,
      heapTotal: 37806080,
      heapUsed: 22457408,
      external: 2578099,
      arrayBuffers: 61521
    }
  },
  os: { loadavg: [ 0.66, 0.16, 0.05 ], uptime: 2508634.06 },
  trace: [
    {
      column: 805,
      file: '/var/www/Cosaif/node_modules/@prisma/client/runtime/library.js',
      function: 'yl',
      line: 64,
      method: null,
      native: false
    },
    {
      column: 7966,
      file: '/var/www/Cosaif/node_modules/@prisma/client/runtime/library.js',
      function: 'async Object.loadLibrary',
      line: 111,
      method: 'loadLibrary',
      native: false
    },
    {
      column: 448,
      file: '/var/www/Cosaif/node_modules/@prisma/client/runtime/library.js',
      function: 'async Gr.loadEngine',
      line: 112,
      method: 'loadEngine',
      native: false
    },
    {
      column: 11869,
      file: '/var/www/Cosaif/node_modules/@prisma/client/runtime/library.js',
      function: 'async Gr.instantiateLibrary',
      line: 111,
      method: 'instantiateLibrary',
      native: false
    }
  ],
  service: 'IncidenteModel',
  module: 'Movimientos/Incidente',
  timestamp: '2025-07-24 16:40:34'
}
{
  error: PrismaClientInitializationError: Prisma Client could not locate the Query Engine for runtime "debian-openssl-3.0.x".
  
  This happened because Prisma Client was generated for "darwin-arm64", but the actual deployment required "debian-openssl-3.0.x".
  Add "debian-openssl-3.0.x" to `binaryTargets` in the "schema.prisma" file and run `prisma generate` after saving it:
  
  generator client {
    provider      = "prisma-client-js"
    binaryTargets = ["native", "debian-openssl-3.0.x"]
  }
  
  The following locations have been searched:
    /var/www/Cosaif/node_modules/.prisma/client
    /var/www/Cosaif/node_modules/@prisma/client
    /Users/viankodesarrollo/Documents/CosaifBack/BackCosaif/node_modules/@prisma/client
    /tmp/prisma-engines
    /var/www/Cosaif/prisma
      at yl (/var/www/Cosaif/node_modules/@prisma/client/runtime/library.js:64:805)
      at async Object.loadLibrary (/var/www/Cosaif/node_modules/@prisma/client/runtime/library.js:111:7966)
      at async Gr.loadEngine (/var/www/Cosaif/node_modules/@prisma/client/runtime/library.js:112:448)
      at async Gr.instantiateLibrary (/var/www/Cosaif/node_modules/@prisma/client/runtime/library.js:111:11869) {
    clientVersion: '6.12.0',
    errorCode: undefined,
    retryable: undefined
  },
  level: 'error',
  message: 'unhandledRejection: Prisma Client could not locate the Query Engine for runtime "debian-openssl-3.0.x".\n' +
    '\n' +
    'This happened because Prisma Client was generated for "darwin-arm64", but the actual deployment required "debian-openssl-3.0.x".\n' +
    'Add "debian-openssl-3.0.x" to `binaryTargets` in the "schema.prisma" file and run `prisma generate` after saving it:\n' +
    '\n' +
    'generator client {\n' +
    '  provider      = "prisma-client-js"\n' +
    '  binaryTargets = ["native", "debian-openssl-3.0.x"]\n' +
    '}\n' +
    '\n' +
    'The following locations have been searched:\n' +
    '  /var/www/Cosaif/node_modules/.prisma/client\n' +
    '  /var/www/Cosaif/node_modules/@prisma/client\n' +
    '  /Users/viankodesarrollo/Documents/CosaifBack/BackCosaif/node_modules/@prisma/client\n' +
    '  /tmp/prisma-engines\n' +
    '  /var/www/Cosaif/prisma\n' +
    'PrismaClientInitializationError: Prisma Client could not locate the Query Engine for runtime "debian-openssl-3.0.x".\n' +
    '\n' +
    'This happened because Prisma Client was generated for "darwin-arm64", but the actual deployment required "debian-openssl-3.0.x".\n' +
    'Add "debian-openssl-3.0.x" to `binaryTargets` in the "schema.prisma" file and run `prisma generate` after saving it:\n' +
    '\n' +
    'generator client {\n' +
    '  provider      = "prisma-client-js"\n' +
    '  binaryTargets = ["native", "debian-openssl-3.0.x"]\n' +
    '}\n' +
    '\n' +
    'The following locations have been searched:\n' +
    '  /var/www/Cosaif/node_modules/.prisma/client\n' +
    '  /var/www/Cosaif/node_modules/@prisma/client\n' +
    '  /Users/viankodesarrollo/Documents/CosaifBack/BackCosaif/node_modules/@prisma/client\n' +
    '  /tmp/prisma-engines\n' +
    '  /var/www/Cosaif/prisma\n' +
    '    at yl (/var/www/Cosaif/node_modules/@prisma/client/runtime/library.js:64:805)\n' +
    '    at async Object.loadLibrary (/var/www/Cosaif/node_modules/@prisma/client/runtime/library.js:111:7966)\n' +
    '    at async Gr.loadEngine (/var/www/Cosaif/node_modules/@prisma/client/runtime/library.js:112:448)\n' +
    '    at async Gr.instantiateLibrary (/var/www/Cosaif/node_modules/@prisma/client/runtime/library.js:111:11869)',
  stack: 'PrismaClientInitializationError: Prisma Client could not locate the Query Engine for runtime "debian-openssl-3.0.x".\n' +
    '\n' +
    'This happened because Prisma Client was generated for "darwin-arm64", but the actual deployment required "debian-openssl-3.0.x".\n' +
    'Add "debian-openssl-3.0.x" to `binaryTargets` in the "schema.prisma" file and run `prisma generate` after saving it:\n' +
    '\n' +
    'generator client {\n' +
    '  provider      = "prisma-client-js"\n' +
    '  binaryTargets = ["native", "debian-openssl-3.0.x"]\n' +
    '}\n' +
    '\n' +
    'The following locations have been searched:\n' +
    '  /var/www/Cosaif/node_modules/.prisma/client\n' +
    '  /var/www/Cosaif/node_modules/@prisma/client\n' +
    '  /Users/viankodesarrollo/Documents/CosaifBack/BackCosaif/node_modules/@prisma/client\n' +
    '  /tmp/prisma-engines\n' +
    '  /var/www/Cosaif/prisma\n' +
    '    at yl (/var/www/Cosaif/node_modules/@prisma/client/runtime/library.js:64:805)\n' +
    '    at async Object.loadLibrary (/var/www/Cosaif/node_modules/@prisma/client/runtime/library.js:111:7966)\n' +
    '    at async Gr.loadEngine (/var/www/Cosaif/node_modules/@prisma/client/runtime/library.js:112:448)\n' +
    '    at async Gr.instantiateLibrary (/var/www/Cosaif/node_modules/@prisma/client/runtime/library.js:111:11869)',
  rejection: true,
  date: 'Thu Jul 24 2025 16:40:35 GMT+0000 (Coordinated Universal Time)',
  process: {
    pid: 274475,
    uid: 0,
    gid: 0,
    cwd: '/var/www/Cosaif',
    execPath: '/usr/bin/node',
    version: 'v20.19.2',
    argv: [
      '/usr/bin/node',
      '/usr/lib/node_modules/pm2/lib/ProcessContainerFork.js'
    ],
    memoryUsage: {
      rss: 105480192,
      heapTotal: 54845440,
      heapUsed: 22361544,
      external: 2578099,
      arrayBuffers: 61521
    }
  },
  os: { loadavg: [ 0.68, 0.18, 0.05 ], uptime: 2508634.57 },
  trace: [
    {
      column: 805,
      file: '/var/www/Cosaif/node_modules/@prisma/client/runtime/library.js',
      function: 'yl',
      line: 64,
      method: null,
      native: false
    },
    {
      column: 7966,
      file: '/var/www/Cosaif/node_modules/@prisma/client/runtime/library.js',
      function: 'async Object.loadLibrary',
      line: 111,
      method: 'loadLibrary',
      native: false
    },
    {
      column: 448,
      file: '/var/www/Cosaif/node_modules/@prisma/client/runtime/library.js',
      function: 'async Gr.loadEngine',
      line: 112,
      method: 'loadEngine',
      native: false
    },
    {
      column: 11869,
      file: '/var/www/Cosaif/node_modules/@prisma/client/runtime/library.js',
      function: 'async Gr.instantiateLibrary',
      line: 111,
      method: 'instantiateLibrary',
      native: false
    }
  ],
  service: 'IncidenteModel',
  module: 'Movimientos/Incidente',
  timestamp: '2025-07-24 16:40:35'
}
{
  error: PrismaClientInitializationError: Prisma Client could not locate the Query Engine for runtime "debian-openssl-3.0.x".
  
  This happened because Prisma Client was generated for "darwin-arm64", but the actual deployment required "debian-openssl-3.0.x".
  Add "debian-openssl-3.0.x" to `binaryTargets` in the "schema.prisma" file and run `prisma generate` after saving it:
  
  generator client {
    provider      = "prisma-client-js"
    binaryTargets = ["native", "debian-openssl-3.0.x"]
  }
  
  The following locations have been searched:
    /var/www/Cosaif/node_modules/.prisma/client
    /var/www/Cosaif/node_modules/@prisma/client
    /Users/viankodesarrollo/Documents/CosaifBack/BackCosaif/node_modules/@prisma/client
    /tmp/prisma-engines
    /var/www/Cosaif/prisma
      at yl (/var/www/Cosaif/node_modules/@prisma/client/runtime/library.js:64:805)
      at async Object.loadLibrary (/var/www/Cosaif/node_modules/@prisma/client/runtime/library.js:111:7966)
      at async Gr.loadEngine (/var/www/Cosaif/node_modules/@prisma/client/runtime/library.js:112:448)
      at async Gr.instantiateLibrary (/var/www/Cosaif/node_modules/@prisma/client/runtime/library.js:111:11869) {
    clientVersion: '6.12.0',
    errorCode: undefined,
    retryable: undefined
  },
  level: 'error',
  message: 'unhandledRejection: Prisma Client could not locate the Query Engine for runtime "debian-openssl-3.0.x".\n' +
    '\n' +
    'This happened because Prisma Client was generated for "darwin-arm64", but the actual deployment required "debian-openssl-3.0.x".\n' +
    'Add "debian-openssl-3.0.x" to `binaryTargets` in the "schema.prisma" file and run `prisma generate` after saving it:\n' +
    '\n' +
    'generator client {\n' +
    '  provider      = "prisma-client-js"\n' +
    '  binaryTargets = ["native", "debian-openssl-3.0.x"]\n' +
    '}\n' +
    '\n' +
    'The following locations have been searched:\n' +
    '  /var/www/Cosaif/node_modules/.prisma/client\n' +
    '  /var/www/Cosaif/node_modules/@prisma/client\n' +
    '  /Users/viankodesarrollo/Documents/CosaifBack/BackCosaif/node_modules/@prisma/client\n' +
    '  /tmp/prisma-engines\n' +
    '  /var/www/Cosaif/prisma\n' +
    'PrismaClientInitializationError: Prisma Client could not locate the Query Engine for runtime "debian-openssl-3.0.x".\n' +
    '\n' +
    'This happened because Prisma Client was generated for "darwin-arm64", but the actual deployment required "debian-openssl-3.0.x".\n' +
    'Add "debian-openssl-3.0.x" to `binaryTargets` in the "schema.prisma" file and run `prisma generate` after saving it:\n' +
    '\n' +
    'generator client {\n' +
    '  provider      = "prisma-client-js"\n' +
    '  binaryTargets = ["native", "debian-openssl-3.0.x"]\n' +
    '}\n' +
    '\n' +
    'The following locations have been searched:\n' +
    '  /var/www/Cosaif/node_modules/.prisma/client\n' +
    '  /var/www/Cosaif/node_modules/@prisma/client\n' +
    '  /Users/viankodesarrollo/Documents/CosaifBack/BackCosaif/node_modules/@prisma/client\n' +
    '  /tmp/prisma-engines\n' +
    '  /var/www/Cosaif/prisma\n' +
    '    at yl (/var/www/Cosaif/node_modules/@prisma/client/runtime/library.js:64:805)\n' +
    '    at async Object.loadLibrary (/var/www/Cosaif/node_modules/@prisma/client/runtime/library.js:111:7966)\n' +
    '    at async Gr.loadEngine (/var/www/Cosaif/node_modules/@prisma/client/runtime/library.js:112:448)\n' +
    '    at async Gr.instantiateLibrary (/var/www/Cosaif/node_modules/@prisma/client/runtime/library.js:111:11869)',
  stack: 'PrismaClientInitializationError: Prisma Client could not locate the Query Engine for runtime "debian-openssl-3.0.x".\n' +
    '\n' +
    'This happened because Prisma Client was generated for "darwin-arm64", but the actual deployment required "debian-openssl-3.0.x".\n' +
    'Add "debian-openssl-3.0.x" to `binaryTargets` in the "schema.prisma" file and run `prisma generate` after saving it:\n' +
    '\n' +
    'generator client {\n' +
    '  provider      = "prisma-client-js"\n' +
    '  binaryTargets = ["native", "debian-openssl-3.0.x"]\n' +
    '}\n' +
    '\n' +
    'The following locations have been searched:\n' +
    '  /var/www/Cosaif/node_modules/.prisma/client\n' +
    '  /var/www/Cosaif/node_modules/@prisma/client\n' +
    '  /Users/viankodesarrollo/Documents/CosaifBack/BackCosaif/node_modules/@prisma/client\n' +
    '  /tmp/prisma-engines\n' +
    '  /var/www/Cosaif/prisma\n' +
    '    at yl (/var/www/Cosaif/node_modules/@prisma/client/runtime/library.js:64:805)\n' +
    '    at async Object.loadLibrary (/var/www/Cosaif/node_modules/@prisma/client/runtime/library.js:111:7966)\n' +
    '    at async Gr.loadEngine (/var/www/Cosaif/node_modules/@prisma/client/runtime/library.js:112:448)\n' +
    '    at async Gr.instantiateLibrary (/var/www/Cosaif/node_modules/@prisma/client/runtime/library.js:111:11869)',
  rejection: true,
  date: 'Thu Jul 24 2025 16:40:35 GMT+0000 (Coordinated Universal Time)',
  process: {
    pid: 274486,
    uid: 0,
    gid: 0,
    cwd: '/var/www/Cosaif',
    execPath: '/usr/bin/node',
    version: 'v20.19.2',
    argv: [
      '/usr/bin/node',
      '/usr/lib/node_modules/pm2/lib/ProcessContainerFork.js'
    ],
    memoryUsage: {
      rss: 106438656,
      heapTotal: 55107584,
      heapUsed: 22516592,
      external: 2578099,
      arrayBuffers: 61521
    }
  },
  os: { loadavg: [ 0.68, 0.18, 0.05 ], uptime: 2508635.08 },
  trace: [
    {
      column: 805,
      file: '/var/www/Cosaif/node_modules/@prisma/client/runtime/library.js',
      function: 'yl',
      line: 64,
      method: null,
      native: false
    },
    {
      column: 7966,
      file: '/var/www/Cosaif/node_modules/@prisma/client/runtime/library.js',
      function: 'async Object.loadLibrary',
      line: 111,
      method: 'loadLibrary',
      native: false
    },
    {
      column: 448,
      file: '/var/www/Cosaif/node_modules/@prisma/client/runtime/library.js',
      function: 'async Gr.loadEngine',
      line: 112,
      method: 'loadEngine',
      native: false
    },
    {
      column: 11869,
      file: '/var/www/Cosaif/node_modules/@prisma/client/runtime/library.js',
      function: 'async Gr.instantiateLibrary',
      line: 111,
      method: 'instantiateLibrary',
      native: false
    }
  ],
  service: 'IncidenteModel',
  module: 'Movimientos/Incidente',
  timestamp: '2025-07-24 16:40:35'
}
{
  error: PrismaClientInitializationError: Prisma Client could not locate the Query Engine for runtime "debian-openssl-3.0.x".
  
  This happened because Prisma Client was generated for "darwin-arm64", but the actual deployment required "debian-openssl-3.0.x".
  Add "debian-openssl-3.0.x" to `binaryTargets` in the "schema.prisma" file and run `prisma generate` after saving it:
  
  generator client {
    provider      = "prisma-client-js"
    binaryTargets = ["native", "debian-openssl-3.0.x"]
  }
  
  The following locations have been searched:
    /var/www/Cosaif/node_modules/.prisma/client
    /var/www/Cosaif/node_modules/@prisma/client
    /Users/viankodesarrollo/Documents/CosaifBack/BackCosaif/node_modules/@prisma/client
    /tmp/prisma-engines
    /var/www/Cosaif/prisma
      at yl (/var/www/Cosaif/node_modules/@prisma/client/runtime/library.js:64:805)
      at async Object.loadLibrary (/var/www/Cosaif/node_modules/@prisma/client/runtime/library.js:111:7966)
      at async Gr.loadEngine (/var/www/Cosaif/node_modules/@prisma/client/runtime/library.js:112:448)
      at async Gr.instantiateLibrary (/var/www/Cosaif/node_modules/@prisma/client/runtime/library.js:111:11869) {
    clientVersion: '6.12.0',
    errorCode: undefined,
    retryable: undefined
  },
  level: 'error',
  message: 'unhandledRejection: Prisma Client could not locate the Query Engine for runtime "debian-openssl-3.0.x".\n' +
    '\n' +
    'This happened because Prisma Client was generated for "darwin-arm64", but the actual deployment required "debian-openssl-3.0.x".\n' +
    'Add "debian-openssl-3.0.x" to `binaryTargets` in the "schema.prisma" file and run `prisma generate` after saving it:\n' +
    '\n' +
    'generator client {\n' +
    '  provider      = "prisma-client-js"\n' +
    '  binaryTargets = ["native", "debian-openssl-3.0.x"]\n' +
    '}\n' +
    '\n' +
    'The following locations have been searched:\n' +
    '  /var/www/Cosaif/node_modules/.prisma/client\n' +
    '  /var/www/Cosaif/node_modules/@prisma/client\n' +
    '  /Users/viankodesarrollo/Documents/CosaifBack/BackCosaif/node_modules/@prisma/client\n' +
    '  /tmp/prisma-engines\n' +
    '  /var/www/Cosaif/prisma\n' +
    'PrismaClientInitializationError: Prisma Client could not locate the Query Engine for runtime "debian-openssl-3.0.x".\n' +
    '\n' +
    'This happened because Prisma Client was generated for "darwin-arm64", but the actual deployment required "debian-openssl-3.0.x".\n' +
    'Add "debian-openssl-3.0.x" to `binaryTargets` in the "schema.prisma" file and run `prisma generate` after saving it:\n' +
    '\n' +
    'generator client {\n' +
    '  provider      = "prisma-client-js"\n' +
    '  binaryTargets = ["native", "debian-openssl-3.0.x"]\n' +
    '}\n' +
    '\n' +
    'The following locations have been searched:\n' +
    '  /var/www/Cosaif/node_modules/.prisma/client\n' +
    '  /var/www/Cosaif/node_modules/@prisma/client\n' +
    '  /Users/viankodesarrollo/Documents/CosaifBack/BackCosaif/node_modules/@prisma/client\n' +
    '  /tmp/prisma-engines\n' +
    '  /var/www/Cosaif/prisma\n' +
    '    at yl (/var/www/Cosaif/node_modules/@prisma/client/runtime/library.js:64:805)\n' +
    '    at async Object.loadLibrary (/var/www/Cosaif/node_modules/@prisma/client/runtime/library.js:111:7966)\n' +
    '    at async Gr.loadEngine (/var/www/Cosaif/node_modules/@prisma/client/runtime/library.js:112:448)\n' +
    '    at async Gr.instantiateLibrary (/var/www/Cosaif/node_modules/@prisma/client/runtime/library.js:111:11869)',
  stack: 'PrismaClientInitializationError: Prisma Client could not locate the Query Engine for runtime "debian-openssl-3.0.x".\n' +
    '\n' +
    'This happened because Prisma Client was generated for "darwin-arm64", but the actual deployment required "debian-openssl-3.0.x".\n' +
    'Add "debian-openssl-3.0.x" to `binaryTargets` in the "schema.prisma" file and run `prisma generate` after saving it:\n' +
    '\n' +
    'generator client {\n' +
    '  provider      = "prisma-client-js"\n' +
    '  binaryTargets = ["native", "debian-openssl-3.0.x"]\n' +
    '}\n' +
    '\n' +
    'The following locations have been searched:\n' +
    '  /var/www/Cosaif/node_modules/.prisma/client\n' +
    '  /var/www/Cosaif/node_modules/@prisma/client\n' +
    '  /Users/viankodesarrollo/Documents/CosaifBack/BackCosaif/node_modules/@prisma/client\n' +
    '  /tmp/prisma-engines\n' +
    '  /var/www/Cosaif/prisma\n' +
    '    at yl (/var/www/Cosaif/node_modules/@prisma/client/runtime/library.js:64:805)\n' +
    '    at async Object.loadLibrary (/var/www/Cosaif/node_modules/@prisma/client/runtime/library.js:111:7966)\n' +
    '    at async Gr.loadEngine (/var/www/Cosaif/node_modules/@prisma/client/runtime/library.js:112:448)\n' +
    '    at async Gr.instantiateLibrary (/var/www/Cosaif/node_modules/@prisma/client/runtime/library.js:111:11869)',
  rejection: true,
  date: 'Thu Jul 24 2025 16:40:36 GMT+0000 (Coordinated Universal Time)',
  process: {
    pid: 274497,
    uid: 0,
    gid: 0,
    cwd: '/var/www/Cosaif',
    execPath: '/usr/bin/node',
    version: 'v20.19.2',
    argv: [
      '/usr/bin/node',
      '/usr/lib/node_modules/pm2/lib/ProcessContainerFork.js'
    ],
    memoryUsage: {
      rss: 105463808,
      heapTotal: 38068224,
      heapUsed: 22545784,
      external: 2578099,
      arrayBuffers: 61521
    }
  },
  os: { loadavg: [ 0.68, 0.18, 0.05 ], uptime: 2508635.58 },
  trace: [
    {
      column: 805,
      file: '/var/www/Cosaif/node_modules/@prisma/client/runtime/library.js',
      function: 'yl',
      line: 64,
      method: null,
      native: false
    },
    {
      column: 7966,
      file: '/var/www/Cosaif/node_modules/@prisma/client/runtime/library.js',
      function: 'async Object.loadLibrary',
      line: 111,
      method: 'loadLibrary',
      native: false
    },
    {
      column: 448,
      file: '/var/www/Cosaif/node_modules/@prisma/client/runtime/library.js',
      function: 'async Gr.loadEngine',
      line: 112,
      method: 'loadEngine',
      native: false
    },
    {
      column: 11869,
      file: '/var/www/Cosaif/node_modules/@prisma/client/runtime/library.js',
      function: 'async Gr.instantiateLibrary',
      line: 111,
      method: 'instantiateLibrary',
      native: false
    }
  ],
  service: 'IncidenteModel',
  module: 'Movimientos/Incidente',
  timestamp: '2025-07-24 16:40:36'
}
{
  error: PrismaClientInitializationError: Prisma Client could not locate the Query Engine for runtime "debian-openssl-3.0.x".
  
  This happened because Prisma Client was generated for "darwin-arm64", but the actual deployment required "debian-openssl-3.0.x".
  Add "debian-openssl-3.0.x" to `binaryTargets` in the "schema.prisma" file and run `prisma generate` after saving it:
  
  generator client {
    provider      = "prisma-client-js"
    binaryTargets = ["native", "debian-openssl-3.0.x"]
  }
  
  The following locations have been searched:
    /var/www/Cosaif/node_modules/.prisma/client
    /var/www/Cosaif/node_modules/@prisma/client
    /Users/viankodesarrollo/Documents/CosaifBack/BackCosaif/node_modules/@prisma/client
    /tmp/prisma-engines
    /var/www/Cosaif/prisma
      at yl (/var/www/Cosaif/node_modules/@prisma/client/runtime/library.js:64:805)
      at async Object.loadLibrary (/var/www/Cosaif/node_modules/@prisma/client/runtime/library.js:111:7966)
      at async Gr.loadEngine (/var/www/Cosaif/node_modules/@prisma/client/runtime/library.js:112:448)
      at async Gr.instantiateLibrary (/var/www/Cosaif/node_modules/@prisma/client/runtime/library.js:111:11869) {
    clientVersion: '6.12.0',
    errorCode: undefined,
    retryable: undefined
  },
  level: 'error',
  message: 'unhandledRejection: Prisma Client could not locate the Query Engine for runtime "debian-openssl-3.0.x".\n' +
    '\n' +
    'This happened because Prisma Client was generated for "darwin-arm64", but the actual deployment required "debian-openssl-3.0.x".\n' +
    'Add "debian-openssl-3.0.x" to `binaryTargets` in the "schema.prisma" file and run `prisma generate` after saving it:\n' +
    '\n' +
    'generator client {\n' +
    '  provider      = "prisma-client-js"\n' +
    '  binaryTargets = ["native", "debian-openssl-3.0.x"]\n' +
    '}\n' +
    '\n' +
    'The following locations have been searched:\n' +
    '  /var/www/Cosaif/node_modules/.prisma/client\n' +
    '  /var/www/Cosaif/node_modules/@prisma/client\n' +
    '  /Users/viankodesarrollo/Documents/CosaifBack/BackCosaif/node_modules/@prisma/client\n' +
    '  /tmp/prisma-engines\n' +
    '  /var/www/Cosaif/prisma\n' +
    'PrismaClientInitializationError: Prisma Client could not locate the Query Engine for runtime "debian-openssl-3.0.x".\n' +
    '\n' +
    'This happened because Prisma Client was generated for "darwin-arm64", but the actual deployment required "debian-openssl-3.0.x".\n' +
    'Add "debian-openssl-3.0.x" to `binaryTargets` in the "schema.prisma" file and run `prisma generate` after saving it:\n' +
    '\n' +
    'generator client {\n' +
    '  provider      = "prisma-client-js"\n' +
    '  binaryTargets = ["native", "debian-openssl-3.0.x"]\n' +
    '}\n' +
    '\n' +
    'The following locations have been searched:\n' +
    '  /var/www/Cosaif/node_modules/.prisma/client\n' +
    '  /var/www/Cosaif/node_modules/@prisma/client\n' +
    '  /Users/viankodesarrollo/Documents/CosaifBack/BackCosaif/node_modules/@prisma/client\n' +
    '  /tmp/prisma-engines\n' +
    '  /var/www/Cosaif/prisma\n' +
    '    at yl (/var/www/Cosaif/node_modules/@prisma/client/runtime/library.js:64:805)\n' +
    '    at async Object.loadLibrary (/var/www/Cosaif/node_modules/@prisma/client/runtime/library.js:111:7966)\n' +
    '    at async Gr.loadEngine (/var/www/Cosaif/node_modules/@prisma/client/runtime/library.js:112:448)\n' +
    '    at async Gr.instantiateLibrary (/var/www/Cosaif/node_modules/@prisma/client/runtime/library.js:111:11869)',
  stack: 'PrismaClientInitializationError: Prisma Client could not locate the Query Engine for runtime "debian-openssl-3.0.x".\n' +
    '\n' +
    'This happened because Prisma Client was generated for "darwin-arm64", but the actual deployment required "debian-openssl-3.0.x".\n' +
    'Add "debian-openssl-3.0.x" to `binaryTargets` in the "schema.prisma" file and run `prisma generate` after saving it:\n' +
    '\n' +
    'generator client {\n' +
    '  provider      = "prisma-client-js"\n' +
    '  binaryTargets = ["native", "debian-openssl-3.0.x"]\n' +
    '}\n' +
    '\n' +
    'The following locations have been searched:\n' +
    '  /var/www/Cosaif/node_modules/.prisma/client\n' +
    '  /var/www/Cosaif/node_modules/@prisma/client\n' +
    '  /Users/viankodesarrollo/Documents/CosaifBack/BackCosaif/node_modules/@prisma/client\n' +
    '  /tmp/prisma-engines\n' +
    '  /var/www/Cosaif/prisma\n' +
    '    at yl (/var/www/Cosaif/node_modules/@prisma/client/runtime/library.js:64:805)\n' +
    '    at async Object.loadLibrary (/var/www/Cosaif/node_modules/@prisma/client/runtime/library.js:111:7966)\n' +
    '    at async Gr.loadEngine (/var/www/Cosaif/node_modules/@prisma/client/runtime/library.js:112:448)\n' +
    '    at async Gr.instantiateLibrary (/var/www/Cosaif/node_modules/@prisma/client/runtime/library.js:111:11869)',
  rejection: true,
  date: 'Thu Jul 24 2025 16:40:36 GMT+0000 (Coordinated Universal Time)',
  process: {
    pid: 274497,
    uid: 0,
    gid: 0,
    cwd: '/var/www/Cosaif',
    execPath: '/usr/bin/node',
    version: 'v20.19.2',
    argv: [
      '/usr/bin/node',
      '/usr/lib/node_modules/pm2/lib/ProcessContainerFork.js'
    ],
    memoryUsage: {
      rss: 105725952,
      heapTotal: 38330368,
      heapUsed: 23429240,
      external: 2638772,
      arrayBuffers: 122194
    }
  },
  os: { loadavg: [ 0.68, 0.18, 0.05 ], uptime: 2508635.59 },
  trace: [
    {
      column: 805,
      file: '/var/www/Cosaif/node_modules/@prisma/client/runtime/library.js',
      function: 'yl',
      line: 64,
      method: null,
      native: false
    },
    {
      column: 7966,
      file: '/var/www/Cosaif/node_modules/@prisma/client/runtime/library.js',
      function: 'async Object.loadLibrary',
      line: 111,
      method: 'loadLibrary',
      native: false
    },
    {
      column: 448,
      file: '/var/www/Cosaif/node_modules/@prisma/client/runtime/library.js',
      function: 'async Gr.loadEngine',
      line: 112,
      method: 'loadEngine',
      native: false
    },
    {
      column: 11869,
      file: '/var/www/Cosaif/node_modules/@prisma/client/runtime/library.js',
      function: 'async Gr.instantiateLibrary',
      line: 111,
      method: 'instantiateLibrary',
      native: false
    }
  ],
  service: 'IncidenteModel',
  module: 'Movimientos/Incidente',
  timestamp: '2025-07-24 16:40:36'
}
{
  error: PrismaClientInitializationError: Prisma Client could not locate the Query Engine for runtime "debian-openssl-3.0.x".
  
  This happened because Prisma Client was generated for "darwin-arm64", but the actual deployment required "debian-openssl-3.0.x".
  Add "debian-openssl-3.0.x" to `binaryTargets` in the "schema.prisma" file and run `prisma generate` after saving it:
  
  generator client {
    provider      = "prisma-client-js"
    binaryTargets = ["native", "debian-openssl-3.0.x"]
  }
  
  The following locations have been searched:
    /var/www/Cosaif/node_modules/.prisma/client
    /var/www/Cosaif/node_modules/@prisma/client
    /Users/viankodesarrollo/Documents/CosaifBack/BackCosaif/node_modules/@prisma/client
    /tmp/prisma-engines
    /var/www/Cosaif/prisma
      at yl (/var/www/Cosaif/node_modules/@prisma/client/runtime/library.js:64:805)
      at async Object.loadLibrary (/var/www/Cosaif/node_modules/@prisma/client/runtime/library.js:111:7966)
      at async Gr.loadEngine (/var/www/Cosaif/node_modules/@prisma/client/runtime/library.js:112:448)
      at async Gr.instantiateLibrary (/var/www/Cosaif/node_modules/@prisma/client/runtime/library.js:111:11869) {
    clientVersion: '6.12.0',
    errorCode: undefined,
    retryable: undefined
  },
  level: 'error',
  message: 'unhandledRejection: Prisma Client could not locate the Query Engine for runtime "debian-openssl-3.0.x".\n' +
    '\n' +
    'This happened because Prisma Client was generated for "darwin-arm64", but the actual deployment required "debian-openssl-3.0.x".\n' +
    'Add "debian-openssl-3.0.x" to `binaryTargets` in the "schema.prisma" file and run `prisma generate` after saving it:\n' +
    '\n' +
    'generator client {\n' +
    '  provider      = "prisma-client-js"\n' +
    '  binaryTargets = ["native", "debian-openssl-3.0.x"]\n' +
    '}\n' +
    '\n' +
    'The following locations have been searched:\n' +
    '  /var/www/Cosaif/node_modules/.prisma/client\n' +
    '  /var/www/Cosaif/node_modules/@prisma/client\n' +
    '  /Users/viankodesarrollo/Documents/CosaifBack/BackCosaif/node_modules/@prisma/client\n' +
    '  /tmp/prisma-engines\n' +
    '  /var/www/Cosaif/prisma\n' +
    'PrismaClientInitializationError: Prisma Client could not locate the Query Engine for runtime "debian-openssl-3.0.x".\n' +
    '\n' +
    'This happened because Prisma Client was generated for "darwin-arm64", but the actual deployment required "debian-openssl-3.0.x".\n' +
    'Add "debian-openssl-3.0.x" to `binaryTargets` in the "schema.prisma" file and run `prisma generate` after saving it:\n' +
    '\n' +
    'generator client {\n' +
    '  provider      = "prisma-client-js"\n' +
    '  binaryTargets = ["native", "debian-openssl-3.0.x"]\n' +
    '}\n' +
    '\n' +
    'The following locations have been searched:\n' +
    '  /var/www/Cosaif/node_modules/.prisma/client\n' +
    '  /var/www/Cosaif/node_modules/@prisma/client\n' +
    '  /Users/viankodesarrollo/Documents/CosaifBack/BackCosaif/node_modules/@prisma/client\n' +
    '  /tmp/prisma-engines\n' +
    '  /var/www/Cosaif/prisma\n' +
    '    at yl (/var/www/Cosaif/node_modules/@prisma/client/runtime/library.js:64:805)\n' +
    '    at async Object.loadLibrary (/var/www/Cosaif/node_modules/@prisma/client/runtime/library.js:111:7966)\n' +
    '    at async Gr.loadEngine (/var/www/Cosaif/node_modules/@prisma/client/runtime/library.js:112:448)\n' +
    '    at async Gr.instantiateLibrary (/var/www/Cosaif/node_modules/@prisma/client/runtime/library.js:111:11869)',
  stack: 'PrismaClientInitializationError: Prisma Client could not locate the Query Engine for runtime "debian-openssl-3.0.x".\n' +
    '\n' +
    'This happened because Prisma Client was generated for "darwin-arm64", but the actual deployment required "debian-openssl-3.0.x".\n' +
    'Add "debian-openssl-3.0.x" to `binaryTargets` in the "schema.prisma" file and run `prisma generate` after saving it:\n' +
    '\n' +
    'generator client {\n' +
    '  provider      = "prisma-client-js"\n' +
    '  binaryTargets = ["native", "debian-openssl-3.0.x"]\n' +
    '}\n' +
    '\n' +
    'The following locations have been searched:\n' +
    '  /var/www/Cosaif/node_modules/.prisma/client\n' +
    '  /var/www/Cosaif/node_modules/@prisma/client\n' +
    '  /Users/viankodesarrollo/Documents/CosaifBack/BackCosaif/node_modules/@prisma/client\n' +
    '  /tmp/prisma-engines\n' +
    '  /var/www/Cosaif/prisma\n' +
    '    at yl (/var/www/Cosaif/node_modules/@prisma/client/runtime/library.js:64:805)\n' +
    '    at async Object.loadLibrary (/var/www/Cosaif/node_modules/@prisma/client/runtime/library.js:111:7966)\n' +
    '    at async Gr.loadEngine (/var/www/Cosaif/node_modules/@prisma/client/runtime/library.js:112:448)\n' +
    '    at async Gr.instantiateLibrary (/var/www/Cosaif/node_modules/@prisma/client/runtime/library.js:111:11869)',
  rejection: true,
  date: 'Thu Jul 24 2025 16:40:36 GMT+0000 (Coordinated Universal Time)',
  process: {
    pid: 274497,
    uid: 0,
    gid: 0,
    cwd: '/var/www/Cosaif',
    execPath: '/usr/bin/node',
    version: 'v20.19.2',
    argv: [
      '/usr/bin/node',
      '/usr/lib/node_modules/pm2/lib/ProcessContainerFork.js'
    ],
    memoryUsage: {
      rss: 105725952,
      heapTotal: 38330368,
      heapUsed: 24266128,
      external: 2699451,
      arrayBuffers: 182873
    }
  },
  os: { loadavg: [ 0.68, 0.18, 0.05 ], uptime: 2508635.59 },
  trace: [
    {
      column: 805,
      file: '/var/www/Cosaif/node_modules/@prisma/client/runtime/library.js',
      function: 'yl',
      line: 64,
      method: null,
      native: false
    },
    {
      column: 7966,
      file: '/var/www/Cosaif/node_modules/@prisma/client/runtime/library.js',
      function: 'async Object.loadLibrary',
      line: 111,
      method: 'loadLibrary',
      native: false
    },
    {
      column: 448,
      file: '/var/www/Cosaif/node_modules/@prisma/client/runtime/library.js',
      function: 'async Gr.loadEngine',
      line: 112,
      method: 'loadEngine',
      native: false
    },
    {
      column: 11869,
      file: '/var/www/Cosaif/node_modules/@prisma/client/runtime/library.js',
      function: 'async Gr.instantiateLibrary',
      line: 111,
      method: 'instantiateLibrary',
      native: false
    }
  ],
  service: 'IncidenteModel',
  module: 'Movimientos/Incidente',
  timestamp: '2025-07-24 16:40:36'
}
{
  error: PrismaClientInitializationError: Prisma Client could not locate the Query Engine for runtime "debian-openssl-3.0.x".
  
  This happened because Prisma Client was generated for "darwin-arm64", but the actual deployment required "debian-openssl-3.0.x".
  Add "debian-openssl-3.0.x" to `binaryTargets` in the "schema.prisma" file and run `prisma generate` after saving it:
  
  generator client {
    provider      = "prisma-client-js"
    binaryTargets = ["native", "debian-openssl-3.0.x"]
  }
  
  The following locations have been searched:
    /var/www/Cosaif/node_modules/.prisma/client
    /var/www/Cosaif/node_modules/@prisma/client
    /Users/viankodesarrollo/Documents/CosaifBack/BackCosaif/node_modules/@prisma/client
    /tmp/prisma-engines
    /var/www/Cosaif/prisma
      at yl (/var/www/Cosaif/node_modules/@prisma/client/runtime/library.js:64:805)
      at async Object.loadLibrary (/var/www/Cosaif/node_modules/@prisma/client/runtime/library.js:111:7966)
      at async Gr.loadEngine (/var/www/Cosaif/node_modules/@prisma/client/runtime/library.js:112:448)
      at async Gr.instantiateLibrary (/var/www/Cosaif/node_modules/@prisma/client/runtime/library.js:111:11869) {
    clientVersion: '6.12.0',
    errorCode: undefined,
    retryable: undefined
  },
  level: 'error',
  message: 'unhandledRejection: Prisma Client could not locate the Query Engine for runtime "debian-openssl-3.0.x".\n' +
    '\n' +
    'This happened because Prisma Client was generated for "darwin-arm64", but the actual deployment required "debian-openssl-3.0.x".\n' +
    'Add "debian-openssl-3.0.x" to `binaryTargets` in the "schema.prisma" file and run `prisma generate` after saving it:\n' +
    '\n' +
    'generator client {\n' +
    '  provider      = "prisma-client-js"\n' +
    '  binaryTargets = ["native", "debian-openssl-3.0.x"]\n' +
    '}\n' +
    '\n' +
    'The following locations have been searched:\n' +
    '  /var/www/Cosaif/node_modules/.prisma/client\n' +
    '  /var/www/Cosaif/node_modules/@prisma/client\n' +
    '  /Users/viankodesarrollo/Documents/CosaifBack/BackCosaif/node_modules/@prisma/client\n' +
    '  /tmp/prisma-engines\n' +
    '  /var/www/Cosaif/prisma\n' +
    'PrismaClientInitializationError: Prisma Client could not locate the Query Engine for runtime "debian-openssl-3.0.x".\n' +
    '\n' +
    'This happened because Prisma Client was generated for "darwin-arm64", but the actual deployment required "debian-openssl-3.0.x".\n' +
    'Add "debian-openssl-3.0.x" to `binaryTargets` in the "schema.prisma" file and run `prisma generate` after saving it:\n' +
    '\n' +
    'generator client {\n' +
    '  provider      = "prisma-client-js"\n' +
    '  binaryTargets = ["native", "debian-openssl-3.0.x"]\n' +
    '}\n' +
    '\n' +
    'The following locations have been searched:\n' +
    '  /var/www/Cosaif/node_modules/.prisma/client\n' +
    '  /var/www/Cosaif/node_modules/@prisma/client\n' +
    '  /Users/viankodesarrollo/Documents/CosaifBack/BackCosaif/node_modules/@prisma/client\n' +
    '  /tmp/prisma-engines\n' +
    '  /var/www/Cosaif/prisma\n' +
    '    at yl (/var/www/Cosaif/node_modules/@prisma/client/runtime/library.js:64:805)\n' +
    '    at async Object.loadLibrary (/var/www/Cosaif/node_modules/@prisma/client/runtime/library.js:111:7966)\n' +
    '    at async Gr.loadEngine (/var/www/Cosaif/node_modules/@prisma/client/runtime/library.js:112:448)\n' +
    '    at async Gr.instantiateLibrary (/var/www/Cosaif/node_modules/@prisma/client/runtime/library.js:111:11869)',
  stack: 'PrismaClientInitializationError: Prisma Client could not locate the Query Engine for runtime "debian-openssl-3.0.x".\n' +
    '\n' +
    'This happened because Prisma Client was generated for "darwin-arm64", but the actual deployment required "debian-openssl-3.0.x".\n' +
    'Add "debian-openssl-3.0.x" to `binaryTargets` in the "schema.prisma" file and run `prisma generate` after saving it:\n' +
    '\n' +
    'generator client {\n' +
    '  provider      = "prisma-client-js"\n' +
    '  binaryTargets = ["native", "debian-openssl-3.0.x"]\n' +
    '}\n' +
    '\n' +
    'The following locations have been searched:\n' +
    '  /var/www/Cosaif/node_modules/.prisma/client\n' +
    '  /var/www/Cosaif/node_modules/@prisma/client\n' +
    '  /Users/viankodesarrollo/Documents/CosaifBack/BackCosaif/node_modules/@prisma/client\n' +
    '  /tmp/prisma-engines\n' +
    '  /var/www/Cosaif/prisma\n' +
    '    at yl (/var/www/Cosaif/node_modules/@prisma/client/runtime/library.js:64:805)\n' +
    '    at async Object.loadLibrary (/var/www/Cosaif/node_modules/@prisma/client/runtime/library.js:111:7966)\n' +
    '    at async Gr.loadEngine (/var/www/Cosaif/node_modules/@prisma/client/runtime/library.js:112:448)\n' +
    '    at async Gr.instantiateLibrary (/var/www/Cosaif/node_modules/@prisma/client/runtime/library.js:111:11869)',
  rejection: true,
  date: 'Thu Jul 24 2025 16:40:37 GMT+0000 (Coordinated Universal Time)',
  process: {
    pid: 274508,
    uid: 0,
    gid: 0,
    cwd: '/var/www/Cosaif',
    execPath: '/usr/bin/node',
    version: 'v20.19.2',
    argv: [
      '/usr/bin/node',
      '/usr/lib/node_modules/pm2/lib/ProcessContainerFork.js'
    ],
    memoryUsage: {
      rss: 106520576,
      heapTotal: 54583296,
      heapUsed: 22425048,
      external: 2578099,
      arrayBuffers: 61521
    }
  },
  os: { loadavg: [ 0.68, 0.18, 0.05 ], uptime: 2508636.11 },
  trace: [
    {
      column: 805,
      file: '/var/www/Cosaif/node_modules/@prisma/client/runtime/library.js',
      function: 'yl',
      line: 64,
      method: null,
      native: false
    },
    {
      column: 7966,
      file: '/var/www/Cosaif/node_modules/@prisma/client/runtime/library.js',
      function: 'async Object.loadLibrary',
      line: 111,
      method: 'loadLibrary',
      native: false
    },
    {
      column: 448,
      file: '/var/www/Cosaif/node_modules/@prisma/client/runtime/library.js',
      function: 'async Gr.loadEngine',
      line: 112,
      method: 'loadEngine',
      native: false
    },
    {
      column: 11869,
      file: '/var/www/Cosaif/node_modules/@prisma/client/runtime/library.js',
      function: 'async Gr.instantiateLibrary',
      line: 111,
      method: 'instantiateLibrary',
      native: false
    }
  ],
  service: 'IncidenteModel',
  module: 'Movimientos/Incidente',
  timestamp: '2025-07-24 16:40:37'
}
{
  error: PrismaClientInitializationError: Prisma Client could not locate the Query Engine for runtime "debian-openssl-3.0.x".
  
  This happened because Prisma Client was generated for "darwin-arm64", but the actual deployment required "debian-openssl-3.0.x".
  Add "debian-openssl-3.0.x" to `binaryTargets` in the "schema.prisma" file and run `prisma generate` after saving it:
  
  generator client {
    provider      = "prisma-client-js"
    binaryTargets = ["native", "debian-openssl-3.0.x"]
  }
  
  The following locations have been searched:
    /var/www/Cosaif/node_modules/.prisma/client
    /var/www/Cosaif/node_modules/@prisma/client
    /Users/viankodesarrollo/Documents/CosaifBack/BackCosaif/node_modules/@prisma/client
    /tmp/prisma-engines
    /var/www/Cosaif/prisma
      at yl (/var/www/Cosaif/node_modules/@prisma/client/runtime/library.js:64:805)
      at async Object.loadLibrary (/var/www/Cosaif/node_modules/@prisma/client/runtime/library.js:111:7966)
      at async Gr.loadEngine (/var/www/Cosaif/node_modules/@prisma/client/runtime/library.js:112:448)
      at async Gr.instantiateLibrary (/var/www/Cosaif/node_modules/@prisma/client/runtime/library.js:111:11869) {
    clientVersion: '6.12.0',
    errorCode: undefined,
    retryable: undefined
  },
  level: 'error',
  message: 'unhandledRejection: Prisma Client could not locate the Query Engine for runtime "debian-openssl-3.0.x".\n' +
    '\n' +
    'This happened because Prisma Client was generated for "darwin-arm64", but the actual deployment required "debian-openssl-3.0.x".\n' +
    'Add "debian-openssl-3.0.x" to `binaryTargets` in the "schema.prisma" file and run `prisma generate` after saving it:\n' +
    '\n' +
    'generator client {\n' +
    '  provider      = "prisma-client-js"\n' +
    '  binaryTargets = ["native", "debian-openssl-3.0.x"]\n' +
    '}\n' +
    '\n' +
    'The following locations have been searched:\n' +
    '  /var/www/Cosaif/node_modules/.prisma/client\n' +
    '  /var/www/Cosaif/node_modules/@prisma/client\n' +
    '  /Users/viankodesarrollo/Documents/CosaifBack/BackCosaif/node_modules/@prisma/client\n' +
    '  /tmp/prisma-engines\n' +
    '  /var/www/Cosaif/prisma\n' +
    'PrismaClientInitializationError: Prisma Client could not locate the Query Engine for runtime "debian-openssl-3.0.x".\n' +
    '\n' +
    'This happened because Prisma Client was generated for "darwin-arm64", but the actual deployment required "debian-openssl-3.0.x".\n' +
    'Add "debian-openssl-3.0.x" to `binaryTargets` in the "schema.prisma" file and run `prisma generate` after saving it:\n' +
    '\n' +
    'generator client {\n' +
    '  provider      = "prisma-client-js"\n' +
    '  binaryTargets = ["native", "debian-openssl-3.0.x"]\n' +
    '}\n' +
    '\n' +
    'The following locations have been searched:\n' +
    '  /var/www/Cosaif/node_modules/.prisma/client\n' +
    '  /var/www/Cosaif/node_modules/@prisma/client\n' +
    '  /Users/viankodesarrollo/Documents/CosaifBack/BackCosaif/node_modules/@prisma/client\n' +
    '  /tmp/prisma-engines\n' +
    '  /var/www/Cosaif/prisma\n' +
    '    at yl (/var/www/Cosaif/node_modules/@prisma/client/runtime/library.js:64:805)\n' +
    '    at async Object.loadLibrary (/var/www/Cosaif/node_modules/@prisma/client/runtime/library.js:111:7966)\n' +
    '    at async Gr.loadEngine (/var/www/Cosaif/node_modules/@prisma/client/runtime/library.js:112:448)\n' +
    '    at async Gr.instantiateLibrary (/var/www/Cosaif/node_modules/@prisma/client/runtime/library.js:111:11869)',
  stack: 'PrismaClientInitializationError: Prisma Client could not locate the Query Engine for runtime "debian-openssl-3.0.x".\n' +
    '\n' +
    'This happened because Prisma Client was generated for "darwin-arm64", but the actual deployment required "debian-openssl-3.0.x".\n' +
    'Add "debian-openssl-3.0.x" to `binaryTargets` in the "schema.prisma" file and run `prisma generate` after saving it:\n' +
    '\n' +
    'generator client {\n' +
    '  provider      = "prisma-client-js"\n' +
    '  binaryTargets = ["native", "debian-openssl-3.0.x"]\n' +
    '}\n' +
    '\n' +
    'The following locations have been searched:\n' +
    '  /var/www/Cosaif/node_modules/.prisma/client\n' +
    '  /var/www/Cosaif/node_modules/@prisma/client\n' +
    '  /Users/viankodesarrollo/Documents/CosaifBack/BackCosaif/node_modules/@prisma/client\n' +
    '  /tmp/prisma-engines\n' +
    '  /var/www/Cosaif/prisma\n' +
    '    at yl (/var/www/Cosaif/node_modules/@prisma/client/runtime/library.js:64:805)\n' +
    '    at async Object.loadLibrary (/var/www/Cosaif/node_modules/@prisma/client/runtime/library.js:111:7966)\n' +
    '    at async Gr.loadEngine (/var/www/Cosaif/node_modules/@prisma/client/runtime/library.js:112:448)\n' +
    '    at async Gr.instantiateLibrary (/var/www/Cosaif/node_modules/@prisma/client/runtime/library.js:111:11869)',
  rejection: true,
  date: 'Thu Jul 24 2025 16:40:37 GMT+0000 (Coordinated Universal Time)',
  process: {
    pid: 274519,
    uid: 0,
    gid: 0,
    cwd: '/var/www/Cosaif',
    execPath: '/usr/bin/node',
    version: 'v20.19.2',
    argv: [
      '/usr/bin/node',
      '/usr/lib/node_modules/pm2/lib/ProcessContainerFork.js'
    ],
    memoryUsage: {
      rss: 106110976,
      heapTotal: 38330368,
      heapUsed: 22477224,
      external: 2578099,
      arrayBuffers: 61521
    }
  },
  os: { loadavg: [ 0.68, 0.18, 0.05 ], uptime: 2508636.61 },
  trace: [
    {
      column: 805,
      file: '/var/www/Cosaif/node_modules/@prisma/client/runtime/library.js',
      function: 'yl',
      line: 64,
      method: null,
      native: false
    },
    {
      column: 7966,
      file: '/var/www/Cosaif/node_modules/@prisma/client/runtime/library.js',
      function: 'async Object.loadLibrary',
      line: 111,
      method: 'loadLibrary',
      native: false
    },
    {
      column: 448,
      file: '/var/www/Cosaif/node_modules/@prisma/client/runtime/library.js',
      function: 'async Gr.loadEngine',
      line: 112,
      method: 'loadEngine',
      native: false
    },
    {
      column: 11869,
      file: '/var/www/Cosaif/node_modules/@prisma/client/runtime/library.js',
      function: 'async Gr.instantiateLibrary',
      line: 111,
      method: 'instantiateLibrary',
      native: false
    }
  ],
  service: 'IncidenteModel',
  module: 'Movimientos/Incidente',
  timestamp: '2025-07-24 16:40:37'
}
{
  error: PrismaClientInitializationError: Prisma Client could not locate the Query Engine for runtime "debian-openssl-3.0.x".
  
  This happened because Prisma Client was generated for "darwin-arm64", but the actual deployment required "debian-openssl-3.0.x".
  Add "debian-openssl-3.0.x" to `binaryTargets` in the "schema.prisma" file and run `prisma generate` after saving it:
  
  generator client {
    provider      = "prisma-client-js"
    binaryTargets = ["native", "debian-openssl-3.0.x"]
  }
  
  The following locations have been searched:
    /var/www/Cosaif/node_modules/.prisma/client
    /var/www/Cosaif/node_modules/@prisma/client
    /Users/viankodesarrollo/Documents/CosaifBack/BackCosaif/node_modules/@prisma/client
    /tmp/prisma-engines
    /var/www/Cosaif/prisma
      at yl (/var/www/Cosaif/node_modules/@prisma/client/runtime/library.js:64:805)
      at async Object.loadLibrary (/var/www/Cosaif/node_modules/@prisma/client/runtime/library.js:111:7966)
      at async Gr.loadEngine (/var/www/Cosaif/node_modules/@prisma/client/runtime/library.js:112:448)
      at async Gr.instantiateLibrary (/var/www/Cosaif/node_modules/@prisma/client/runtime/library.js:111:11869) {
    clientVersion: '6.12.0',
    errorCode: undefined,
    retryable: undefined
  },
  level: 'error',
  message: 'unhandledRejection: Prisma Client could not locate the Query Engine for runtime "debian-openssl-3.0.x".\n' +
    '\n' +
    'This happened because Prisma Client was generated for "darwin-arm64", but the actual deployment required "debian-openssl-3.0.x".\n' +
    'Add "debian-openssl-3.0.x" to `binaryTargets` in the "schema.prisma" file and run `prisma generate` after saving it:\n' +
    '\n' +
    'generator client {\n' +
    '  provider      = "prisma-client-js"\n' +
    '  binaryTargets = ["native", "debian-openssl-3.0.x"]\n' +
    '}\n' +
    '\n' +
    'The following locations have been searched:\n' +
    '  /var/www/Cosaif/node_modules/.prisma/client\n' +
    '  /var/www/Cosaif/node_modules/@prisma/client\n' +
    '  /Users/viankodesarrollo/Documents/CosaifBack/BackCosaif/node_modules/@prisma/client\n' +
    '  /tmp/prisma-engines\n' +
    '  /var/www/Cosaif/prisma\n' +
    'PrismaClientInitializationError: Prisma Client could not locate the Query Engine for runtime "debian-openssl-3.0.x".\n' +
    '\n' +
    'This happened because Prisma Client was generated for "darwin-arm64", but the actual deployment required "debian-openssl-3.0.x".\n' +
    'Add "debian-openssl-3.0.x" to `binaryTargets` in the "schema.prisma" file and run `prisma generate` after saving it:\n' +
    '\n' +
    'generator client {\n' +
    '  provider      = "prisma-client-js"\n' +
    '  binaryTargets = ["native", "debian-openssl-3.0.x"]\n' +
    '}\n' +
    '\n' +
    'The following locations have been searched:\n' +
    '  /var/www/Cosaif/node_modules/.prisma/client\n' +
    '  /var/www/Cosaif/node_modules/@prisma/client\n' +
    '  /Users/viankodesarrollo/Documents/CosaifBack/BackCosaif/node_modules/@prisma/client\n' +
    '  /tmp/prisma-engines\n' +
    '  /var/www/Cosaif/prisma\n' +
    '    at yl (/var/www/Cosaif/node_modules/@prisma/client/runtime/library.js:64:805)\n' +
    '    at async Object.loadLibrary (/var/www/Cosaif/node_modules/@prisma/client/runtime/library.js:111:7966)\n' +
    '    at async Gr.loadEngine (/var/www/Cosaif/node_modules/@prisma/client/runtime/library.js:112:448)\n' +
    '    at async Gr.instantiateLibrary (/var/www/Cosaif/node_modules/@prisma/client/runtime/library.js:111:11869)',
  stack: 'PrismaClientInitializationError: Prisma Client could not locate the Query Engine for runtime "debian-openssl-3.0.x".\n' +
    '\n' +
    'This happened because Prisma Client was generated for "darwin-arm64", but the actual deployment required "debian-openssl-3.0.x".\n' +
    'Add "debian-openssl-3.0.x" to `binaryTargets` in the "schema.prisma" file and run `prisma generate` after saving it:\n' +
    '\n' +
    'generator client {\n' +
    '  provider      = "prisma-client-js"\n' +
    '  binaryTargets = ["native", "debian-openssl-3.0.x"]\n' +
    '}\n' +
    '\n' +
    'The following locations have been searched:\n' +
    '  /var/www/Cosaif/node_modules/.prisma/client\n' +
    '  /var/www/Cosaif/node_modules/@prisma/client\n' +
    '  /Users/viankodesarrollo/Documents/CosaifBack/BackCosaif/node_modules/@prisma/client\n' +
    '  /tmp/prisma-engines\n' +
    '  /var/www/Cosaif/prisma\n' +
    '    at yl (/var/www/Cosaif/node_modules/@prisma/client/runtime/library.js:64:805)\n' +
    '    at async Object.loadLibrary (/var/www/Cosaif/node_modules/@prisma/client/runtime/library.js:111:7966)\n' +
    '    at async Gr.loadEngine (/var/www/Cosaif/node_modules/@prisma/client/runtime/library.js:112:448)\n' +
    '    at async Gr.instantiateLibrary (/var/www/Cosaif/node_modules/@prisma/client/runtime/library.js:111:11869)',
  rejection: true,
  date: 'Thu Jul 24 2025 16:40:38 GMT+0000 (Coordinated Universal Time)',
  process: {
    pid: 274530,
    uid: 0,
    gid: 0,
    cwd: '/var/www/Cosaif',
    execPath: '/usr/bin/node',
    version: 'v20.19.2',
    argv: [
      '/usr/bin/node',
      '/usr/lib/node_modules/pm2/lib/ProcessContainerFork.js'
    ],
    memoryUsage: {
      rss: 105668608,
      heapTotal: 38330368,
      heapUsed: 22509568,
      external: 2578099,
      arrayBuffers: 61521
    }
  },
  os: { loadavg: [ 0.68, 0.18, 0.05 ], uptime: 2508637.09 },
  trace: [
    {
      column: 805,
      file: '/var/www/Cosaif/node_modules/@prisma/client/runtime/library.js',
      function: 'yl',
      line: 64,
      method: null,
      native: false
    },
    {
      column: 7966,
      file: '/var/www/Cosaif/node_modules/@prisma/client/runtime/library.js',
      function: 'async Object.loadLibrary',
      line: 111,
      method: 'loadLibrary',
      native: false
    },
    {
      column: 448,
      file: '/var/www/Cosaif/node_modules/@prisma/client/runtime/library.js',
      function: 'async Gr.loadEngine',
      line: 112,
      method: 'loadEngine',
      native: false
    },
    {
      column: 11869,
      file: '/var/www/Cosaif/node_modules/@prisma/client/runtime/library.js',
      function: 'async Gr.instantiateLibrary',
      line: 111,
      method: 'instantiateLibrary',
      native: false
    }
  ],
  service: 'IncidenteModel',
  module: 'Movimientos/Incidente',
  timestamp: '2025-07-24 16:40:38'
}
{
  error: PrismaClientInitializationError: Prisma Client could not locate the Query Engine for runtime "debian-openssl-3.0.x".
  
  This happened because Prisma Client was generated for "darwin-arm64", but the actual deployment required "debian-openssl-3.0.x".
  Add "debian-openssl-3.0.x" to `binaryTargets` in the "schema.prisma" file and run `prisma generate` after saving it:
  
  generator client {
    provider      = "prisma-client-js"
    binaryTargets = ["native", "debian-openssl-3.0.x"]
  }
  
  The following locations have been searched:
    /var/www/Cosaif/node_modules/.prisma/client
    /var/www/Cosaif/node_modules/@prisma/client
    /Users/viankodesarrollo/Documents/CosaifBack/BackCosaif/node_modules/@prisma/client
    /tmp/prisma-engines
    /var/www/Cosaif/prisma
      at yl (/var/www/Cosaif/node_modules/@prisma/client/runtime/library.js:64:805)
      at async Object.loadLibrary (/var/www/Cosaif/node_modules/@prisma/client/runtime/library.js:111:7966)
      at async Gr.loadEngine (/var/www/Cosaif/node_modules/@prisma/client/runtime/library.js:112:448)
      at async Gr.instantiateLibrary (/var/www/Cosaif/node_modules/@prisma/client/runtime/library.js:111:11869) {
    clientVersion: '6.12.0',
    errorCode: undefined,
    retryable: undefined
  },
  level: 'error',
  message: 'unhandledRejection: Prisma Client could not locate the Query Engine for runtime "debian-openssl-3.0.x".\n' +
    '\n' +
    'This happened because Prisma Client was generated for "darwin-arm64", but the actual deployment required "debian-openssl-3.0.x".\n' +
    'Add "debian-openssl-3.0.x" to `binaryTargets` in the "schema.prisma" file and run `prisma generate` after saving it:\n' +
    '\n' +
    'generator client {\n' +
    '  provider      = "prisma-client-js"\n' +
    '  binaryTargets = ["native", "debian-openssl-3.0.x"]\n' +
    '}\n' +
    '\n' +
    'The following locations have been searched:\n' +
    '  /var/www/Cosaif/node_modules/.prisma/client\n' +
    '  /var/www/Cosaif/node_modules/@prisma/client\n' +
    '  /Users/viankodesarrollo/Documents/CosaifBack/BackCosaif/node_modules/@prisma/client\n' +
    '  /tmp/prisma-engines\n' +
    '  /var/www/Cosaif/prisma\n' +
    'PrismaClientInitializationError: Prisma Client could not locate the Query Engine for runtime "debian-openssl-3.0.x".\n' +
    '\n' +
    'This happened because Prisma Client was generated for "darwin-arm64", but the actual deployment required "debian-openssl-3.0.x".\n' +
    'Add "debian-openssl-3.0.x" to `binaryTargets` in the "schema.prisma" file and run `prisma generate` after saving it:\n' +
    '\n' +
    'generator client {\n' +
    '  provider      = "prisma-client-js"\n' +
    '  binaryTargets = ["native", "debian-openssl-3.0.x"]\n' +
    '}\n' +
    '\n' +
    'The following locations have been searched:\n' +
    '  /var/www/Cosaif/node_modules/.prisma/client\n' +
    '  /var/www/Cosaif/node_modules/@prisma/client\n' +
    '  /Users/viankodesarrollo/Documents/CosaifBack/BackCosaif/node_modules/@prisma/client\n' +
    '  /tmp/prisma-engines\n' +
    '  /var/www/Cosaif/prisma\n' +
    '    at yl (/var/www/Cosaif/node_modules/@prisma/client/runtime/library.js:64:805)\n' +
    '    at async Object.loadLibrary (/var/www/Cosaif/node_modules/@prisma/client/runtime/library.js:111:7966)\n' +
    '    at async Gr.loadEngine (/var/www/Cosaif/node_modules/@prisma/client/runtime/library.js:112:448)\n' +
    '    at async Gr.instantiateLibrary (/var/www/Cosaif/node_modules/@prisma/client/runtime/library.js:111:11869)',
  stack: 'PrismaClientInitializationError: Prisma Client could not locate the Query Engine for runtime "debian-openssl-3.0.x".\n' +
    '\n' +
    'This happened because Prisma Client was generated for "darwin-arm64", but the actual deployment required "debian-openssl-3.0.x".\n' +
    'Add "debian-openssl-3.0.x" to `binaryTargets` in the "schema.prisma" file and run `prisma generate` after saving it:\n' +
    '\n' +
    'generator client {\n' +
    '  provider      = "prisma-client-js"\n' +
    '  binaryTargets = ["native", "debian-openssl-3.0.x"]\n' +
    '}\n' +
    '\n' +
    'The following locations have been searched:\n' +
    '  /var/www/Cosaif/node_modules/.prisma/client\n' +
    '  /var/www/Cosaif/node_modules/@prisma/client\n' +
    '  /Users/viankodesarrollo/Documents/CosaifBack/BackCosaif/node_modules/@prisma/client\n' +
    '  /tmp/prisma-engines\n' +
    '  /var/www/Cosaif/prisma\n' +
    '    at yl (/var/www/Cosaif/node_modules/@prisma/client/runtime/library.js:64:805)\n' +
    '    at async Object.loadLibrary (/var/www/Cosaif/node_modules/@prisma/client/runtime/library.js:111:7966)\n' +
    '    at async Gr.loadEngine (/var/www/Cosaif/node_modules/@prisma/client/runtime/library.js:112:448)\n' +
    '    at async Gr.instantiateLibrary (/var/www/Cosaif/node_modules/@prisma/client/runtime/library.js:111:11869)',
  rejection: true,
  date: 'Thu Jul 24 2025 16:40:38 GMT+0000 (Coordinated Universal Time)',
  process: {
    pid: 274541,
    uid: 0,
    gid: 0,
    cwd: '/var/www/Cosaif',
    execPath: '/usr/bin/node',
    version: 'v20.19.2',
    argv: [
      '/usr/bin/node',
      '/usr/lib/node_modules/pm2/lib/ProcessContainerFork.js'
    ],
    memoryUsage: {
      rss: 104857600,
      heapTotal: 38330368,
      heapUsed: 22523600,
      external: 2578099,
      arrayBuffers: 61521
    }
  },
  os: { loadavg: [ 0.68, 0.18, 0.05 ], uptime: 2508637.58 },
  trace: [
    {
      column: 805,
      file: '/var/www/Cosaif/node_modules/@prisma/client/runtime/library.js',
      function: 'yl',
      line: 64,
      method: null,
      native: false
    },
    {
      column: 7966,
      file: '/var/www/Cosaif/node_modules/@prisma/client/runtime/library.js',
      function: 'async Object.loadLibrary',
      line: 111,
      method: 'loadLibrary',
      native: false
    },
    {
      column: 448,
      file: '/var/www/Cosaif/node_modules/@prisma/client/runtime/library.js',
      function: 'async Gr.loadEngine',
      line: 112,
      method: 'loadEngine',
      native: false
    },
    {
      column: 11869,
      file: '/var/www/Cosaif/node_modules/@prisma/client/runtime/library.js',
      function: 'async Gr.instantiateLibrary',
      line: 111,
      method: 'instantiateLibrary',
      native: false
    }
  ],
  service: 'IncidenteModel',
  module: 'Movimientos/Incidente',
  timestamp: '2025-07-24 16:40:38'
}
{
  error: PrismaClientInitializationError: Prisma Client could not locate the Query Engine for runtime "debian-openssl-3.0.x".
  
  This happened because Prisma Client was generated for "darwin-arm64", but the actual deployment required "debian-openssl-3.0.x".
  Add "debian-openssl-3.0.x" to `binaryTargets` in the "schema.prisma" file and run `prisma generate` after saving it:
  
  generator client {
    provider      = "prisma-client-js"
    binaryTargets = ["native", "debian-openssl-3.0.x"]
  }
  
  The following locations have been searched:
    /var/www/Cosaif/node_modules/.prisma/client
    /var/www/Cosaif/node_modules/@prisma/client
    /Users/viankodesarrollo/Documents/CosaifBack/BackCosaif/node_modules/@prisma/client
    /tmp/prisma-engines
    /var/www/Cosaif/prisma
      at yl (/var/www/Cosaif/node_modules/@prisma/client/runtime/library.js:64:805)
      at async Object.loadLibrary (/var/www/Cosaif/node_modules/@prisma/client/runtime/library.js:111:7966)
      at async Gr.loadEngine (/var/www/Cosaif/node_modules/@prisma/client/runtime/library.js:112:448)
      at async Gr.instantiateLibrary (/var/www/Cosaif/node_modules/@prisma/client/runtime/library.js:111:11869) {
    clientVersion: '6.12.0',
    errorCode: undefined,
    retryable: undefined
  },
  level: 'error',
  message: 'unhandledRejection: Prisma Client could not locate the Query Engine for runtime "debian-openssl-3.0.x".\n' +
    '\n' +
    'This happened because Prisma Client was generated for "darwin-arm64", but the actual deployment required "debian-openssl-3.0.x".\n' +
    'Add "debian-openssl-3.0.x" to `binaryTargets` in the "schema.prisma" file and run `prisma generate` after saving it:\n' +
    '\n' +
    'generator client {\n' +
    '  provider      = "prisma-client-js"\n' +
    '  binaryTargets = ["native", "debian-openssl-3.0.x"]\n' +
    '}\n' +
    '\n' +
    'The following locations have been searched:\n' +
    '  /var/www/Cosaif/node_modules/.prisma/client\n' +
    '  /var/www/Cosaif/node_modules/@prisma/client\n' +
    '  /Users/viankodesarrollo/Documents/CosaifBack/BackCosaif/node_modules/@prisma/client\n' +
    '  /tmp/prisma-engines\n' +
    '  /var/www/Cosaif/prisma\n' +
    'PrismaClientInitializationError: Prisma Client could not locate the Query Engine for runtime "debian-openssl-3.0.x".\n' +
    '\n' +
    'This happened because Prisma Client was generated for "darwin-arm64", but the actual deployment required "debian-openssl-3.0.x".\n' +
    'Add "debian-openssl-3.0.x" to `binaryTargets` in the "schema.prisma" file and run `prisma generate` after saving it:\n' +
    '\n' +
    'generator client {\n' +
    '  provider      = "prisma-client-js"\n' +
    '  binaryTargets = ["native", "debian-openssl-3.0.x"]\n' +
    '}\n' +
    '\n' +
    'The following locations have been searched:\n' +
    '  /var/www/Cosaif/node_modules/.prisma/client\n' +
    '  /var/www/Cosaif/node_modules/@prisma/client\n' +
    '  /Users/viankodesarrollo/Documents/CosaifBack/BackCosaif/node_modules/@prisma/client\n' +
    '  /tmp/prisma-engines\n' +
    '  /var/www/Cosaif/prisma\n' +
    '    at yl (/var/www/Cosaif/node_modules/@prisma/client/runtime/library.js:64:805)\n' +
    '    at async Object.loadLibrary (/var/www/Cosaif/node_modules/@prisma/client/runtime/library.js:111:7966)\n' +
    '    at async Gr.loadEngine (/var/www/Cosaif/node_modules/@prisma/client/runtime/library.js:112:448)\n' +
    '    at async Gr.instantiateLibrary (/var/www/Cosaif/node_modules/@prisma/client/runtime/library.js:111:11869)',
  stack: 'PrismaClientInitializationError: Prisma Client could not locate the Query Engine for runtime "debian-openssl-3.0.x".\n' +
    '\n' +
    'This happened because Prisma Client was generated for "darwin-arm64", but the actual deployment required "debian-openssl-3.0.x".\n' +
    'Add "debian-openssl-3.0.x" to `binaryTargets` in the "schema.prisma" file and run `prisma generate` after saving it:\n' +
    '\n' +
    'generator client {\n' +
    '  provider      = "prisma-client-js"\n' +
    '  binaryTargets = ["native", "debian-openssl-3.0.x"]\n' +
    '}\n' +
    '\n' +
    'The following locations have been searched:\n' +
    '  /var/www/Cosaif/node_modules/.prisma/client\n' +
    '  /var/www/Cosaif/node_modules/@prisma/client\n' +
    '  /Users/viankodesarrollo/Documents/CosaifBack/BackCosaif/node_modules/@prisma/client\n' +
    '  /tmp/prisma-engines\n' +
    '  /var/www/Cosaif/prisma\n' +
    '    at yl (/var/www/Cosaif/node_modules/@prisma/client/runtime/library.js:64:805)\n' +
    '    at async Object.loadLibrary (/var/www/Cosaif/node_modules/@prisma/client/runtime/library.js:111:7966)\n' +
    '    at async Gr.loadEngine (/var/www/Cosaif/node_modules/@prisma/client/runtime/library.js:112:448)\n' +
    '    at async Gr.instantiateLibrary (/var/www/Cosaif/node_modules/@prisma/client/runtime/library.js:111:11869)',
  rejection: true,
  date: 'Thu Jul 24 2025 16:40:38 GMT+0000 (Coordinated Universal Time)',
  process: {
    pid: 274552,
    uid: 0,
    gid: 0,
    cwd: '/var/www/Cosaif',
    execPath: '/usr/bin/node',
    version: 'v20.19.2',
    argv: [
      '/usr/bin/node',
      '/usr/lib/node_modules/pm2/lib/ProcessContainerFork.js'
    ],
    memoryUsage: {
      rss: 105287680,
      heapTotal: 54845440,
      heapUsed: 22425728,
      external: 2578099,
      arrayBuffers: 61521
    }
  },
  os: { loadavg: [ 0.68, 0.18, 0.05 ], uptime: 2508638.07 },
  trace: [
    {
      column: 805,
      file: '/var/www/Cosaif/node_modules/@prisma/client/runtime/library.js',
      function: 'yl',
      line: 64,
      method: null,
      native: false
    },
    {
      column: 7966,
      file: '/var/www/Cosaif/node_modules/@prisma/client/runtime/library.js',
      function: 'async Object.loadLibrary',
      line: 111,
      method: 'loadLibrary',
      native: false
    },
    {
      column: 448,
      file: '/var/www/Cosaif/node_modules/@prisma/client/runtime/library.js',
      function: 'async Gr.loadEngine',
      line: 112,
      method: 'loadEngine',
      native: false
    },
    {
      column: 11869,
      file: '/var/www/Cosaif/node_modules/@prisma/client/runtime/library.js',
      function: 'async Gr.instantiateLibrary',
      line: 111,
      method: 'instantiateLibrary',
      native: false
    }
  ],
  service: 'IncidenteModel',
  module: 'Movimientos/Incidente',
  timestamp: '2025-07-24 16:40:38'
}
{
  error: PrismaClientInitializationError: Prisma Client could not locate the Query Engine for runtime "debian-openssl-3.0.x".
  
  This happened because Prisma Client was generated for "darwin-arm64", but the actual deployment required "debian-openssl-3.0.x".
  Add "debian-openssl-3.0.x" to `binaryTargets` in the "schema.prisma" file and run `prisma generate` after saving it:
  
  generator client {
    provider      = "prisma-client-js"
    binaryTargets = ["native", "debian-openssl-3.0.x"]
  }
  
  The following locations have been searched:
    /var/www/Cosaif/node_modules/.prisma/client
    /var/www/Cosaif/node_modules/@prisma/client
    /Users/viankodesarrollo/Documents/CosaifBack/BackCosaif/node_modules/@prisma/client
    /tmp/prisma-engines
    /var/www/Cosaif/prisma
      at yl (/var/www/Cosaif/node_modules/@prisma/client/runtime/library.js:64:805)
      at async Object.loadLibrary (/var/www/Cosaif/node_modules/@prisma/client/runtime/library.js:111:7966)
      at async Gr.loadEngine (/var/www/Cosaif/node_modules/@prisma/client/runtime/library.js:112:448)
      at async Gr.instantiateLibrary (/var/www/Cosaif/node_modules/@prisma/client/runtime/library.js:111:11869) {
    clientVersion: '6.12.0',
    errorCode: undefined,
    retryable: undefined
  },
  level: 'error',
  message: 'unhandledRejection: Prisma Client could not locate the Query Engine for runtime "debian-openssl-3.0.x".\n' +
    '\n' +
    'This happened because Prisma Client was generated for "darwin-arm64", but the actual deployment required "debian-openssl-3.0.x".\n' +
    'Add "debian-openssl-3.0.x" to `binaryTargets` in the "schema.prisma" file and run `prisma generate` after saving it:\n' +
    '\n' +
    'generator client {\n' +
    '  provider      = "prisma-client-js"\n' +
    '  binaryTargets = ["native", "debian-openssl-3.0.x"]\n' +
    '}\n' +
    '\n' +
    'The following locations have been searched:\n' +
    '  /var/www/Cosaif/node_modules/.prisma/client\n' +
    '  /var/www/Cosaif/node_modules/@prisma/client\n' +
    '  /Users/viankodesarrollo/Documents/CosaifBack/BackCosaif/node_modules/@prisma/client\n' +
    '  /tmp/prisma-engines\n' +
    '  /var/www/Cosaif/prisma\n' +
    'PrismaClientInitializationError: Prisma Client could not locate the Query Engine for runtime "debian-openssl-3.0.x".\n' +
    '\n' +
    'This happened because Prisma Client was generated for "darwin-arm64", but the actual deployment required "debian-openssl-3.0.x".\n' +
    'Add "debian-openssl-3.0.x" to `binaryTargets` in the "schema.prisma" file and run `prisma generate` after saving it:\n' +
    '\n' +
    'generator client {\n' +
    '  provider      = "prisma-client-js"\n' +
    '  binaryTargets = ["native", "debian-openssl-3.0.x"]\n' +
    '}\n' +
    '\n' +
    'The following locations have been searched:\n' +
    '  /var/www/Cosaif/node_modules/.prisma/client\n' +
    '  /var/www/Cosaif/node_modules/@prisma/client\n' +
    '  /Users/viankodesarrollo/Documents/CosaifBack/BackCosaif/node_modules/@prisma/client\n' +
    '  /tmp/prisma-engines\n' +
    '  /var/www/Cosaif/prisma\n' +
    '    at yl (/var/www/Cosaif/node_modules/@prisma/client/runtime/library.js:64:805)\n' +
    '    at async Object.loadLibrary (/var/www/Cosaif/node_modules/@prisma/client/runtime/library.js:111:7966)\n' +
    '    at async Gr.loadEngine (/var/www/Cosaif/node_modules/@prisma/client/runtime/library.js:112:448)\n' +
    '    at async Gr.instantiateLibrary (/var/www/Cosaif/node_modules/@prisma/client/runtime/library.js:111:11869)',
  stack: 'PrismaClientInitializationError: Prisma Client could not locate the Query Engine for runtime "debian-openssl-3.0.x".\n' +
    '\n' +
    'This happened because Prisma Client was generated for "darwin-arm64", but the actual deployment required "debian-openssl-3.0.x".\n' +
    'Add "debian-openssl-3.0.x" to `binaryTargets` in the "schema.prisma" file and run `prisma generate` after saving it:\n' +
    '\n' +
    'generator client {\n' +
    '  provider      = "prisma-client-js"\n' +
    '  binaryTargets = ["native", "debian-openssl-3.0.x"]\n' +
    '}\n' +
    '\n' +
    'The following locations have been searched:\n' +
    '  /var/www/Cosaif/node_modules/.prisma/client\n' +
    '  /var/www/Cosaif/node_modules/@prisma/client\n' +
    '  /Users/viankodesarrollo/Documents/CosaifBack/BackCosaif/node_modules/@prisma/client\n' +
    '  /tmp/prisma-engines\n' +
    '  /var/www/Cosaif/prisma\n' +
    '    at yl (/var/www/Cosaif/node_modules/@prisma/client/runtime/library.js:64:805)\n' +
    '    at async Object.loadLibrary (/var/www/Cosaif/node_modules/@prisma/client/runtime/library.js:111:7966)\n' +
    '    at async Gr.loadEngine (/var/www/Cosaif/node_modules/@prisma/client/runtime/library.js:112:448)\n' +
    '    at async Gr.instantiateLibrary (/var/www/Cosaif/node_modules/@prisma/client/runtime/library.js:111:11869)',
  rejection: true,
  date: 'Thu Jul 24 2025 16:40:39 GMT+0000 (Coordinated Universal Time)',
  process: {
    pid: 274570,
    uid: 0,
    gid: 0,
    cwd: '/var/www/Cosaif',
    execPath: '/usr/bin/node',
    version: 'v20.19.2',
    argv: [
      '/usr/bin/node',
      '/usr/lib/node_modules/pm2/lib/ProcessContainerFork.js'
    ],
    memoryUsage: {
      rss: 104718336,
      heapTotal: 37806080,
      heapUsed: 22497880,
      external: 2578098,
      arrayBuffers: 61520
    }
  },
  os: { loadavg: [ 0.68, 0.18, 0.05 ], uptime: 2508638.6 },
  trace: [
    {
      column: 805,
      file: '/var/www/Cosaif/node_modules/@prisma/client/runtime/library.js',
      function: 'yl',
      line: 64,
      method: null,
      native: false
    },
    {
      column: 7966,
      file: '/var/www/Cosaif/node_modules/@prisma/client/runtime/library.js',
      function: 'async Object.loadLibrary',
      line: 111,
      method: 'loadLibrary',
      native: false
    },
    {
      column: 448,
      file: '/var/www/Cosaif/node_modules/@prisma/client/runtime/library.js',
      function: 'async Gr.loadEngine',
      line: 112,
      method: 'loadEngine',
      native: false
    },
    {
      column: 11869,
      file: '/var/www/Cosaif/node_modules/@prisma/client/runtime/library.js',
      function: 'async Gr.instantiateLibrary',
      line: 111,
      method: 'instantiateLibrary',
      native: false
    }
  ],
  service: 'IncidenteModel',
  module: 'Movimientos/Incidente',
  timestamp: '2025-07-24 16:40:39'
}
{
  error: PrismaClientInitializationError: Prisma Client could not locate the Query Engine for runtime "debian-openssl-3.0.x".
  
  This happened because Prisma Client was generated for "darwin-arm64", but the actual deployment required "debian-openssl-3.0.x".
  Add "debian-openssl-3.0.x" to `binaryTargets` in the "schema.prisma" file and run `prisma generate` after saving it:
  
  generator client {
    provider      = "prisma-client-js"
    binaryTargets = ["native", "debian-openssl-3.0.x"]
  }
  
  The following locations have been searched:
    /var/www/Cosaif/node_modules/.prisma/client
    /var/www/Cosaif/node_modules/@prisma/client
    /Users/viankodesarrollo/Documents/CosaifBack/BackCosaif/node_modules/@prisma/client
    /tmp/prisma-engines
    /var/www/Cosaif/prisma
      at yl (/var/www/Cosaif/node_modules/@prisma/client/runtime/library.js:64:805)
      at async Object.loadLibrary (/var/www/Cosaif/node_modules/@prisma/client/runtime/library.js:111:7966)
      at async Gr.loadEngine (/var/www/Cosaif/node_modules/@prisma/client/runtime/library.js:112:448)
      at async Gr.instantiateLibrary (/var/www/Cosaif/node_modules/@prisma/client/runtime/library.js:111:11869) {
    clientVersion: '6.12.0',
    errorCode: undefined,
    retryable: undefined
  },
  level: 'error',
  message: 'unhandledRejection: Prisma Client could not locate the Query Engine for runtime "debian-openssl-3.0.x".\n' +
    '\n' +
    'This happened because Prisma Client was generated for "darwin-arm64", but the actual deployment required "debian-openssl-3.0.x".\n' +
    'Add "debian-openssl-3.0.x" to `binaryTargets` in the "schema.prisma" file and run `prisma generate` after saving it:\n' +
    '\n' +
    'generator client {\n' +
    '  provider      = "prisma-client-js"\n' +
    '  binaryTargets = ["native", "debian-openssl-3.0.x"]\n' +
    '}\n' +
    '\n' +
    'The following locations have been searched:\n' +
    '  /var/www/Cosaif/node_modules/.prisma/client\n' +
    '  /var/www/Cosaif/node_modules/@prisma/client\n' +
    '  /Users/viankodesarrollo/Documents/CosaifBack/BackCosaif/node_modules/@prisma/client\n' +
    '  /tmp/prisma-engines\n' +
    '  /var/www/Cosaif/prisma\n' +
    'PrismaClientInitializationError: Prisma Client could not locate the Query Engine for runtime "debian-openssl-3.0.x".\n' +
    '\n' +
    'This happened because Prisma Client was generated for "darwin-arm64", but the actual deployment required "debian-openssl-3.0.x".\n' +
    'Add "debian-openssl-3.0.x" to `binaryTargets` in the "schema.prisma" file and run `prisma generate` after saving it:\n' +
    '\n' +
    'generator client {\n' +
    '  provider      = "prisma-client-js"\n' +
    '  binaryTargets = ["native", "debian-openssl-3.0.x"]\n' +
    '}\n' +
    '\n' +
    'The following locations have been searched:\n' +
    '  /var/www/Cosaif/node_modules/.prisma/client\n' +
    '  /var/www/Cosaif/node_modules/@prisma/client\n' +
    '  /Users/viankodesarrollo/Documents/CosaifBack/BackCosaif/node_modules/@prisma/client\n' +
    '  /tmp/prisma-engines\n' +
    '  /var/www/Cosaif/prisma\n' +
    '    at yl (/var/www/Cosaif/node_modules/@prisma/client/runtime/library.js:64:805)\n' +
    '    at async Object.loadLibrary (/var/www/Cosaif/node_modules/@prisma/client/runtime/library.js:111:7966)\n' +
    '    at async Gr.loadEngine (/var/www/Cosaif/node_modules/@prisma/client/runtime/library.js:112:448)\n' +
    '    at async Gr.instantiateLibrary (/var/www/Cosaif/node_modules/@prisma/client/runtime/library.js:111:11869)',
  stack: 'PrismaClientInitializationError: Prisma Client could not locate the Query Engine for runtime "debian-openssl-3.0.x".\n' +
    '\n' +
    'This happened because Prisma Client was generated for "darwin-arm64", but the actual deployment required "debian-openssl-3.0.x".\n' +
    'Add "debian-openssl-3.0.x" to `binaryTargets` in the "schema.prisma" file and run `prisma generate` after saving it:\n' +
    '\n' +
    'generator client {\n' +
    '  provider      = "prisma-client-js"\n' +
    '  binaryTargets = ["native", "debian-openssl-3.0.x"]\n' +
    '}\n' +
    '\n' +
    'The following locations have been searched:\n' +
    '  /var/www/Cosaif/node_modules/.prisma/client\n' +
    '  /var/www/Cosaif/node_modules/@prisma/client\n' +
    '  /Users/viankodesarrollo/Documents/CosaifBack/BackCosaif/node_modules/@prisma/client\n' +
    '  /tmp/prisma-engines\n' +
    '  /var/www/Cosaif/prisma\n' +
    '    at yl (/var/www/Cosaif/node_modules/@prisma/client/runtime/library.js:64:805)\n' +
    '    at async Object.loadLibrary (/var/www/Cosaif/node_modules/@prisma/client/runtime/library.js:111:7966)\n' +
    '    at async Gr.loadEngine (/var/www/Cosaif/node_modules/@prisma/client/runtime/library.js:112:448)\n' +
    '    at async Gr.instantiateLibrary (/var/www/Cosaif/node_modules/@prisma/client/runtime/library.js:111:11869)',
  rejection: true,
  date: 'Thu Jul 24 2025 16:40:40 GMT+0000 (Coordinated Universal Time)',
  process: {
    pid: 274581,
    uid: 0,
    gid: 0,
    cwd: '/var/www/Cosaif',
    execPath: '/usr/bin/node',
    version: 'v20.19.2',
    argv: [
      '/usr/bin/node',
      '/usr/lib/node_modules/pm2/lib/ProcessContainerFork.js'
    ],
    memoryUsage: {
      rss: 105689088,
      heapTotal: 38068224,
      heapUsed: 22413672,
      external: 2578096,
      arrayBuffers: 61518
    }
  },
  os: { loadavg: [ 0.68, 0.18, 0.05 ], uptime: 2508639.1 },
  trace: [
    {
      column: 805,
      file: '/var/www/Cosaif/node_modules/@prisma/client/runtime/library.js',
      function: 'yl',
      line: 64,
      method: null,
      native: false
    },
    {
      column: 7966,
      file: '/var/www/Cosaif/node_modules/@prisma/client/runtime/library.js',
      function: 'async Object.loadLibrary',
      line: 111,
      method: 'loadLibrary',
      native: false
    },
    {
      column: 448,
      file: '/var/www/Cosaif/node_modules/@prisma/client/runtime/library.js',
      function: 'async Gr.loadEngine',
      line: 112,
      method: 'loadEngine',
      native: false
    },
    {
      column: 11869,
      file: '/var/www/Cosaif/node_modules/@prisma/client/runtime/library.js',
      function: 'async Gr.instantiateLibrary',
      line: 111,
      method: 'instantiateLibrary',
      native: false
    }
  ],
  service: 'IncidenteModel',
  module: 'Movimientos/Incidente',
  timestamp: '2025-07-24 16:40:40'
}
{
  error: PrismaClientInitializationError: Prisma Client could not locate the Query Engine for runtime "debian-openssl-3.0.x".
  
  This happened because Prisma Client was generated for "darwin-arm64", but the actual deployment required "debian-openssl-3.0.x".
  Add "debian-openssl-3.0.x" to `binaryTargets` in the "schema.prisma" file and run `prisma generate` after saving it:
  
  generator client {
    provider      = "prisma-client-js"
    binaryTargets = ["native", "debian-openssl-3.0.x"]
  }
  
  The following locations have been searched:
    /var/www/Cosaif/node_modules/.prisma/client
    /var/www/Cosaif/node_modules/@prisma/client
    /Users/viankodesarrollo/Documents/CosaifBack/BackCosaif/node_modules/@prisma/client
    /tmp/prisma-engines
    /var/www/Cosaif/prisma
      at yl (/var/www/Cosaif/node_modules/@prisma/client/runtime/library.js:64:805)
      at async Object.loadLibrary (/var/www/Cosaif/node_modules/@prisma/client/runtime/library.js:111:7966)
      at async Gr.loadEngine (/var/www/Cosaif/node_modules/@prisma/client/runtime/library.js:112:448)
      at async Gr.instantiateLibrary (/var/www/Cosaif/node_modules/@prisma/client/runtime/library.js:111:11869) {
    clientVersion: '6.12.0',
    errorCode: undefined,
    retryable: undefined
  },
  level: 'error',
  message: 'unhandledRejection: Prisma Client could not locate the Query Engine for runtime "debian-openssl-3.0.x".\n' +
    '\n' +
    'This happened because Prisma Client was generated for "darwin-arm64", but the actual deployment required "debian-openssl-3.0.x".\n' +
    'Add "debian-openssl-3.0.x" to `binaryTargets` in the "schema.prisma" file and run `prisma generate` after saving it:\n' +
    '\n' +
    'generator client {\n' +
    '  provider      = "prisma-client-js"\n' +
    '  binaryTargets = ["native", "debian-openssl-3.0.x"]\n' +
    '}\n' +
    '\n' +
    'The following locations have been searched:\n' +
    '  /var/www/Cosaif/node_modules/.prisma/client\n' +
    '  /var/www/Cosaif/node_modules/@prisma/client\n' +
    '  /Users/viankodesarrollo/Documents/CosaifBack/BackCosaif/node_modules/@prisma/client\n' +
    '  /tmp/prisma-engines\n' +
    '  /var/www/Cosaif/prisma\n' +
    'PrismaClientInitializationError: Prisma Client could not locate the Query Engine for runtime "debian-openssl-3.0.x".\n' +
    '\n' +
    'This happened because Prisma Client was generated for "darwin-arm64", but the actual deployment required "debian-openssl-3.0.x".\n' +
    'Add "debian-openssl-3.0.x" to `binaryTargets` in the "schema.prisma" file and run `prisma generate` after saving it:\n' +
    '\n' +
    'generator client {\n' +
    '  provider      = "prisma-client-js"\n' +
    '  binaryTargets = ["native", "debian-openssl-3.0.x"]\n' +
    '}\n' +
    '\n' +
    'The following locations have been searched:\n' +
    '  /var/www/Cosaif/node_modules/.prisma/client\n' +
    '  /var/www/Cosaif/node_modules/@prisma/client\n' +
    '  /Users/viankodesarrollo/Documents/CosaifBack/BackCosaif/node_modules/@prisma/client\n' +
    '  /tmp/prisma-engines\n' +
    '  /var/www/Cosaif/prisma\n' +
    '    at yl (/var/www/Cosaif/node_modules/@prisma/client/runtime/library.js:64:805)\n' +
    '    at async Object.loadLibrary (/var/www/Cosaif/node_modules/@prisma/client/runtime/library.js:111:7966)\n' +
    '    at async Gr.loadEngine (/var/www/Cosaif/node_modules/@prisma/client/runtime/library.js:112:448)\n' +
    '    at async Gr.instantiateLibrary (/var/www/Cosaif/node_modules/@prisma/client/runtime/library.js:111:11869)',
  stack: 'PrismaClientInitializationError: Prisma Client could not locate the Query Engine for runtime "debian-openssl-3.0.x".\n' +
    '\n' +
    'This happened because Prisma Client was generated for "darwin-arm64", but the actual deployment required "debian-openssl-3.0.x".\n' +
    'Add "debian-openssl-3.0.x" to `binaryTargets` in the "schema.prisma" file and run `prisma generate` after saving it:\n' +
    '\n' +
    'generator client {\n' +
    '  provider      = "prisma-client-js"\n' +
    '  binaryTargets = ["native", "debian-openssl-3.0.x"]\n' +
    '}\n' +
    '\n' +
    'The following locations have been searched:\n' +
    '  /var/www/Cosaif/node_modules/.prisma/client\n' +
    '  /var/www/Cosaif/node_modules/@prisma/client\n' +
    '  /Users/viankodesarrollo/Documents/CosaifBack/BackCosaif/node_modules/@prisma/client\n' +
    '  /tmp/prisma-engines\n' +
    '  /var/www/Cosaif/prisma\n' +
    '    at yl (/var/www/Cosaif/node_modules/@prisma/client/runtime/library.js:64:805)\n' +
    '    at async Object.loadLibrary (/var/www/Cosaif/node_modules/@prisma/client/runtime/library.js:111:7966)\n' +
    '    at async Gr.loadEngine (/var/www/Cosaif/node_modules/@prisma/client/runtime/library.js:112:448)\n' +
    '    at async Gr.instantiateLibrary (/var/www/Cosaif/node_modules/@prisma/client/runtime/library.js:111:11869)',
  rejection: true,
  date: 'Thu Jul 24 2025 16:40:40 GMT+0000 (Coordinated Universal Time)',
  process: {
    pid: 274592,
    uid: 0,
    gid: 0,
    cwd: '/var/www/Cosaif',
    execPath: '/usr/bin/node',
    version: 'v20.19.2',
    argv: [
      '/usr/bin/node',
      '/usr/lib/node_modules/pm2/lib/ProcessContainerFork.js'
    ],
    memoryUsage: {
      rss: 107773952,
      heapTotal: 55631872,
      heapUsed: 22590240,
      external: 2578097,
      arrayBuffers: 61519
    }
  },
  os: { loadavg: [ 0.71, 0.19, 0.06 ], uptime: 2508639.61 },
  trace: [
    {
      column: 805,
      file: '/var/www/Cosaif/node_modules/@prisma/client/runtime/library.js',
      function: 'yl',
      line: 64,
      method: null,
      native: false
    },
    {
      column: 7966,
      file: '/var/www/Cosaif/node_modules/@prisma/client/runtime/library.js',
      function: 'async Object.loadLibrary',
      line: 111,
      method: 'loadLibrary',
      native: false
    },
    {
      column: 448,
      file: '/var/www/Cosaif/node_modules/@prisma/client/runtime/library.js',
      function: 'async Gr.loadEngine',
      line: 112,
      method: 'loadEngine',
      native: false
    },
    {
      column: 11869,
      file: '/var/www/Cosaif/node_modules/@prisma/client/runtime/library.js',
      function: 'async Gr.instantiateLibrary',
      line: 111,
      method: 'instantiateLibrary',
      native: false
    }
  ],
  service: 'IncidenteModel',
  module: 'Movimientos/Incidente',
  timestamp: '2025-07-24 16:40:40'
}
{
  error: PrismaClientInitializationError: Prisma Client could not locate the Query Engine for runtime "debian-openssl-3.0.x".
  
  This happened because Prisma Client was generated for "darwin-arm64", but the actual deployment required "debian-openssl-3.0.x".
  Add "debian-openssl-3.0.x" to `binaryTargets` in the "schema.prisma" file and run `prisma generate` after saving it:
  
  generator client {
    provider      = "prisma-client-js"
    binaryTargets = ["native", "debian-openssl-3.0.x"]
  }
  
  The following locations have been searched:
    /var/www/Cosaif/node_modules/.prisma/client
    /var/www/Cosaif/node_modules/@prisma/client
    /Users/viankodesarrollo/Documents/CosaifBack/BackCosaif/node_modules/@prisma/client
    /tmp/prisma-engines
    /var/www/Cosaif/prisma
      at yl (/var/www/Cosaif/node_modules/@prisma/client/runtime/library.js:64:805)
      at async Object.loadLibrary (/var/www/Cosaif/node_modules/@prisma/client/runtime/library.js:111:7966)
      at async Gr.loadEngine (/var/www/Cosaif/node_modules/@prisma/client/runtime/library.js:112:448)
      at async Gr.instantiateLibrary (/var/www/Cosaif/node_modules/@prisma/client/runtime/library.js:111:11869) {
    clientVersion: '6.12.0',
    errorCode: undefined,
    retryable: undefined
  },
  level: 'error',
  message: 'unhandledRejection: Prisma Client could not locate the Query Engine for runtime "debian-openssl-3.0.x".\n' +
    '\n' +
    'This happened because Prisma Client was generated for "darwin-arm64", but the actual deployment required "debian-openssl-3.0.x".\n' +
    'Add "debian-openssl-3.0.x" to `binaryTargets` in the "schema.prisma" file and run `prisma generate` after saving it:\n' +
    '\n' +
    'generator client {\n' +
    '  provider      = "prisma-client-js"\n' +
    '  binaryTargets = ["native", "debian-openssl-3.0.x"]\n' +
    '}\n' +
    '\n' +
    'The following locations have been searched:\n' +
    '  /var/www/Cosaif/node_modules/.prisma/client\n' +
    '  /var/www/Cosaif/node_modules/@prisma/client\n' +
    '  /Users/viankodesarrollo/Documents/CosaifBack/BackCosaif/node_modules/@prisma/client\n' +
    '  /tmp/prisma-engines\n' +
    '  /var/www/Cosaif/prisma\n' +
    'PrismaClientInitializationError: Prisma Client could not locate the Query Engine for runtime "debian-openssl-3.0.x".\n' +
    '\n' +
    'This happened because Prisma Client was generated for "darwin-arm64", but the actual deployment required "debian-openssl-3.0.x".\n' +
    'Add "debian-openssl-3.0.x" to `binaryTargets` in the "schema.prisma" file and run `prisma generate` after saving it:\n' +
    '\n' +
    'generator client {\n' +
    '  provider      = "prisma-client-js"\n' +
    '  binaryTargets = ["native", "debian-openssl-3.0.x"]\n' +
    '}\n' +
    '\n' +
    'The following locations have been searched:\n' +
    '  /var/www/Cosaif/node_modules/.prisma/client\n' +
    '  /var/www/Cosaif/node_modules/@prisma/client\n' +
    '  /Users/viankodesarrollo/Documents/CosaifBack/BackCosaif/node_modules/@prisma/client\n' +
    '  /tmp/prisma-engines\n' +
    '  /var/www/Cosaif/prisma\n' +
    '    at yl (/var/www/Cosaif/node_modules/@prisma/client/runtime/library.js:64:805)\n' +
    '    at async Object.loadLibrary (/var/www/Cosaif/node_modules/@prisma/client/runtime/library.js:111:7966)\n' +
    '    at async Gr.loadEngine (/var/www/Cosaif/node_modules/@prisma/client/runtime/library.js:112:448)\n' +
    '    at async Gr.instantiateLibrary (/var/www/Cosaif/node_modules/@prisma/client/runtime/library.js:111:11869)',
  stack: 'PrismaClientInitializationError: Prisma Client could not locate the Query Engine for runtime "debian-openssl-3.0.x".\n' +
    '\n' +
    'This happened because Prisma Client was generated for "darwin-arm64", but the actual deployment required "debian-openssl-3.0.x".\n' +
    'Add "debian-openssl-3.0.x" to `binaryTargets` in the "schema.prisma" file and run `prisma generate` after saving it:\n' +
    '\n' +
    'generator client {\n' +
    '  provider      = "prisma-client-js"\n' +
    '  binaryTargets = ["native", "debian-openssl-3.0.x"]\n' +
    '}\n' +
    '\n' +
    'The following locations have been searched:\n' +
    '  /var/www/Cosaif/node_modules/.prisma/client\n' +
    '  /var/www/Cosaif/node_modules/@prisma/client\n' +
    '  /Users/viankodesarrollo/Documents/CosaifBack/BackCosaif/node_modules/@prisma/client\n' +
    '  /tmp/prisma-engines\n' +
    '  /var/www/Cosaif/prisma\n' +
    '    at yl (/var/www/Cosaif/node_modules/@prisma/client/runtime/library.js:64:805)\n' +
    '    at async Object.loadLibrary (/var/www/Cosaif/node_modules/@prisma/client/runtime/library.js:111:7966)\n' +
    '    at async Gr.loadEngine (/var/www/Cosaif/node_modules/@prisma/client/runtime/library.js:112:448)\n' +
    '    at async Gr.instantiateLibrary (/var/www/Cosaif/node_modules/@prisma/client/runtime/library.js:111:11869)',
  rejection: true,
  date: 'Thu Jul 24 2025 16:40:41 GMT+0000 (Coordinated Universal Time)',
  process: {
    pid: 274603,
    uid: 0,
    gid: 0,
    cwd: '/var/www/Cosaif',
    execPath: '/usr/bin/node',
    version: 'v20.19.2',
    argv: [
      '/usr/bin/node',
      '/usr/lib/node_modules/pm2/lib/ProcessContainerFork.js'
    ],
    memoryUsage: {
      rss: 105820160,
      heapTotal: 54845440,
      heapUsed: 22500048,
      external: 2578099,
      arrayBuffers: 61521
    }
  },
  os: { loadavg: [ 0.71, 0.19, 0.06 ], uptime: 2508640.09 },
  trace: [
    {
      column: 805,
      file: '/var/www/Cosaif/node_modules/@prisma/client/runtime/library.js',
      function: 'yl',
      line: 64,
      method: null,
      native: false
    },
    {
      column: 7966,
      file: '/var/www/Cosaif/node_modules/@prisma/client/runtime/library.js',
      function: 'async Object.loadLibrary',
      line: 111,
      method: 'loadLibrary',
      native: false
    },
    {
      column: 448,
      file: '/var/www/Cosaif/node_modules/@prisma/client/runtime/library.js',
      function: 'async Gr.loadEngine',
      line: 112,
      method: 'loadEngine',
      native: false
    },
    {
      column: 11869,
      file: '/var/www/Cosaif/node_modules/@prisma/client/runtime/library.js',
      function: 'async Gr.instantiateLibrary',
      line: 111,
      method: 'instantiateLibrary',
      native: false
    }
  ],
  service: 'IncidenteModel',
  module: 'Movimientos/Incidente',
  timestamp: '2025-07-24 16:40:41'
}
{
  error: PrismaClientInitializationError: Prisma Client could not locate the Query Engine for runtime "debian-openssl-3.0.x".
  
  This happened because Prisma Client was generated for "darwin-arm64", but the actual deployment required "debian-openssl-3.0.x".
  Add "debian-openssl-3.0.x" to `binaryTargets` in the "schema.prisma" file and run `prisma generate` after saving it:
  
  generator client {
    provider      = "prisma-client-js"
    binaryTargets = ["native", "debian-openssl-3.0.x"]
  }
  
  The following locations have been searched:
    /var/www/Cosaif/node_modules/.prisma/client
    /var/www/Cosaif/node_modules/@prisma/client
    /Users/viankodesarrollo/Documents/CosaifBack/BackCosaif/node_modules/@prisma/client
    /tmp/prisma-engines
    /var/www/Cosaif/prisma
      at yl (/var/www/Cosaif/node_modules/@prisma/client/runtime/library.js:64:805)
      at async Object.loadLibrary (/var/www/Cosaif/node_modules/@prisma/client/runtime/library.js:111:7966)
      at async Gr.loadEngine (/var/www/Cosaif/node_modules/@prisma/client/runtime/library.js:112:448)
      at async Gr.instantiateLibrary (/var/www/Cosaif/node_modules/@prisma/client/runtime/library.js:111:11869) {
    clientVersion: '6.12.0',
    errorCode: undefined,
    retryable: undefined
  },
  level: 'error',
  message: 'unhandledRejection: Prisma Client could not locate the Query Engine for runtime "debian-openssl-3.0.x".\n' +
    '\n' +
    'This happened because Prisma Client was generated for "darwin-arm64", but the actual deployment required "debian-openssl-3.0.x".\n' +
    'Add "debian-openssl-3.0.x" to `binaryTargets` in the "schema.prisma" file and run `prisma generate` after saving it:\n' +
    '\n' +
    'generator client {\n' +
    '  provider      = "prisma-client-js"\n' +
    '  binaryTargets = ["native", "debian-openssl-3.0.x"]\n' +
    '}\n' +
    '\n' +
    'The following locations have been searched:\n' +
    '  /var/www/Cosaif/node_modules/.prisma/client\n' +
    '  /var/www/Cosaif/node_modules/@prisma/client\n' +
    '  /Users/viankodesarrollo/Documents/CosaifBack/BackCosaif/node_modules/@prisma/client\n' +
    '  /tmp/prisma-engines\n' +
    '  /var/www/Cosaif/prisma\n' +
    'PrismaClientInitializationError: Prisma Client could not locate the Query Engine for runtime "debian-openssl-3.0.x".\n' +
    '\n' +
    'This happened because Prisma Client was generated for "darwin-arm64", but the actual deployment required "debian-openssl-3.0.x".\n' +
    'Add "debian-openssl-3.0.x" to `binaryTargets` in the "schema.prisma" file and run `prisma generate` after saving it:\n' +
    '\n' +
    'generator client {\n' +
    '  provider      = "prisma-client-js"\n' +
    '  binaryTargets = ["native", "debian-openssl-3.0.x"]\n' +
    '}\n' +
    '\n' +
    'The following locations have been searched:\n' +
    '  /var/www/Cosaif/node_modules/.prisma/client\n' +
    '  /var/www/Cosaif/node_modules/@prisma/client\n' +
    '  /Users/viankodesarrollo/Documents/CosaifBack/BackCosaif/node_modules/@prisma/client\n' +
    '  /tmp/prisma-engines\n' +
    '  /var/www/Cosaif/prisma\n' +
    '    at yl (/var/www/Cosaif/node_modules/@prisma/client/runtime/library.js:64:805)\n' +
    '    at async Object.loadLibrary (/var/www/Cosaif/node_modules/@prisma/client/runtime/library.js:111:7966)\n' +
    '    at async Gr.loadEngine (/var/www/Cosaif/node_modules/@prisma/client/runtime/library.js:112:448)\n' +
    '    at async Gr.instantiateLibrary (/var/www/Cosaif/node_modules/@prisma/client/runtime/library.js:111:11869)',
  stack: 'PrismaClientInitializationError: Prisma Client could not locate the Query Engine for runtime "debian-openssl-3.0.x".\n' +
    '\n' +
    'This happened because Prisma Client was generated for "darwin-arm64", but the actual deployment required "debian-openssl-3.0.x".\n' +
    'Add "debian-openssl-3.0.x" to `binaryTargets` in the "schema.prisma" file and run `prisma generate` after saving it:\n' +
    '\n' +
    'generator client {\n' +
    '  provider      = "prisma-client-js"\n' +
    '  binaryTargets = ["native", "debian-openssl-3.0.x"]\n' +
    '}\n' +
    '\n' +
    'The following locations have been searched:\n' +
    '  /var/www/Cosaif/node_modules/.prisma/client\n' +
    '  /var/www/Cosaif/node_modules/@prisma/client\n' +
    '  /Users/viankodesarrollo/Documents/CosaifBack/BackCosaif/node_modules/@prisma/client\n' +
    '  /tmp/prisma-engines\n' +
    '  /var/www/Cosaif/prisma\n' +
    '    at yl (/var/www/Cosaif/node_modules/@prisma/client/runtime/library.js:64:805)\n' +
    '    at async Object.loadLibrary (/var/www/Cosaif/node_modules/@prisma/client/runtime/library.js:111:7966)\n' +
    '    at async Gr.loadEngine (/var/www/Cosaif/node_modules/@prisma/client/runtime/library.js:112:448)\n' +
    '    at async Gr.instantiateLibrary (/var/www/Cosaif/node_modules/@prisma/client/runtime/library.js:111:11869)',
  rejection: true,
  date: 'Thu Jul 24 2025 16:40:41 GMT+0000 (Coordinated Universal Time)',
  process: {
    pid: 274614,
    uid: 0,
    gid: 0,
    cwd: '/var/www/Cosaif',
    execPath: '/usr/bin/node',
    version: 'v20.19.2',
    argv: [
      '/usr/bin/node',
      '/usr/lib/node_modules/pm2/lib/ProcessContainerFork.js'
    ],
    memoryUsage: {
      rss: 105824256,
      heapTotal: 55107584,
      heapUsed: 22466096,
      external: 2578094,
      arrayBuffers: 61516
    }
  },
  os: { loadavg: [ 0.71, 0.19, 0.06 ], uptime: 2508640.6 },
  trace: [
    {
      column: 805,
      file: '/var/www/Cosaif/node_modules/@prisma/client/runtime/library.js',
      function: 'yl',
      line: 64,
      method: null,
      native: false
    },
    {
      column: 7966,
      file: '/var/www/Cosaif/node_modules/@prisma/client/runtime/library.js',
      function: 'async Object.loadLibrary',
      line: 111,
      method: 'loadLibrary',
      native: false
    },
    {
      column: 448,
      file: '/var/www/Cosaif/node_modules/@prisma/client/runtime/library.js',
      function: 'async Gr.loadEngine',
      line: 112,
      method: 'loadEngine',
      native: false
    },
    {
      column: 11869,
      file: '/var/www/Cosaif/node_modules/@prisma/client/runtime/library.js',
      function: 'async Gr.instantiateLibrary',
      line: 111,
      method: 'instantiateLibrary',
      native: false
    }
  ],
  service: 'IncidenteModel',
  module: 'Movimientos/Incidente',
  timestamp: '2025-07-24 16:40:41'
}
{
  error: PrismaClientInitializationError: Prisma Client could not locate the Query Engine for runtime "debian-openssl-3.0.x".
  
  This happened because Prisma Client was generated for "darwin-arm64", but the actual deployment required "debian-openssl-3.0.x".
  Add "debian-openssl-3.0.x" to `binaryTargets` in the "schema.prisma" file and run `prisma generate` after saving it:
  
  generator client {
    provider      = "prisma-client-js"
    binaryTargets = ["native", "debian-openssl-3.0.x"]
  }
  
  The following locations have been searched:
    /var/www/Cosaif/node_modules/.prisma/client
    /var/www/Cosaif/node_modules/@prisma/client
    /Users/viankodesarrollo/Documents/CosaifBack/BackCosaif/node_modules/@prisma/client
    /tmp/prisma-engines
    /var/www/Cosaif/prisma
      at yl (/var/www/Cosaif/node_modules/@prisma/client/runtime/library.js:64:805)
      at async Object.loadLibrary (/var/www/Cosaif/node_modules/@prisma/client/runtime/library.js:111:7966)
      at async Gr.loadEngine (/var/www/Cosaif/node_modules/@prisma/client/runtime/library.js:112:448)
      at async Gr.instantiateLibrary (/var/www/Cosaif/node_modules/@prisma/client/runtime/library.js:111:11869) {
    clientVersion: '6.12.0',
    errorCode: undefined,
    retryable: undefined
  },
  level: 'error',
  message: 'unhandledRejection: Prisma Client could not locate the Query Engine for runtime "debian-openssl-3.0.x".\n' +
    '\n' +
    'This happened because Prisma Client was generated for "darwin-arm64", but the actual deployment required "debian-openssl-3.0.x".\n' +
    'Add "debian-openssl-3.0.x" to `binaryTargets` in the "schema.prisma" file and run `prisma generate` after saving it:\n' +
    '\n' +
    'generator client {\n' +
    '  provider      = "prisma-client-js"\n' +
    '  binaryTargets = ["native", "debian-openssl-3.0.x"]\n' +
    '}\n' +
    '\n' +
    'The following locations have been searched:\n' +
    '  /var/www/Cosaif/node_modules/.prisma/client\n' +
    '  /var/www/Cosaif/node_modules/@prisma/client\n' +
    '  /Users/viankodesarrollo/Documents/CosaifBack/BackCosaif/node_modules/@prisma/client\n' +
    '  /tmp/prisma-engines\n' +
    '  /var/www/Cosaif/prisma\n' +
    'PrismaClientInitializationError: Prisma Client could not locate the Query Engine for runtime "debian-openssl-3.0.x".\n' +
    '\n' +
    'This happened because Prisma Client was generated for "darwin-arm64", but the actual deployment required "debian-openssl-3.0.x".\n' +
    'Add "debian-openssl-3.0.x" to `binaryTargets` in the "schema.prisma" file and run `prisma generate` after saving it:\n' +
    '\n' +
    'generator client {\n' +
    '  provider      = "prisma-client-js"\n' +
    '  binaryTargets = ["native", "debian-openssl-3.0.x"]\n' +
    '}\n' +
    '\n' +
    'The following locations have been searched:\n' +
    '  /var/www/Cosaif/node_modules/.prisma/client\n' +
    '  /var/www/Cosaif/node_modules/@prisma/client\n' +
    '  /Users/viankodesarrollo/Documents/CosaifBack/BackCosaif/node_modules/@prisma/client\n' +
    '  /tmp/prisma-engines\n' +
    '  /var/www/Cosaif/prisma\n' +
    '    at yl (/var/www/Cosaif/node_modules/@prisma/client/runtime/library.js:64:805)\n' +
    '    at async Object.loadLibrary (/var/www/Cosaif/node_modules/@prisma/client/runtime/library.js:111:7966)\n' +
    '    at async Gr.loadEngine (/var/www/Cosaif/node_modules/@prisma/client/runtime/library.js:112:448)\n' +
    '    at async Gr.instantiateLibrary (/var/www/Cosaif/node_modules/@prisma/client/runtime/library.js:111:11869)',
  stack: 'PrismaClientInitializationError: Prisma Client could not locate the Query Engine for runtime "debian-openssl-3.0.x".\n' +
    '\n' +
    'This happened because Prisma Client was generated for "darwin-arm64", but the actual deployment required "debian-openssl-3.0.x".\n' +
    'Add "debian-openssl-3.0.x" to `binaryTargets` in the "schema.prisma" file and run `prisma generate` after saving it:\n' +
    '\n' +
    'generator client {\n' +
    '  provider      = "prisma-client-js"\n' +
    '  binaryTargets = ["native", "debian-openssl-3.0.x"]\n' +
    '}\n' +
    '\n' +
    'The following locations have been searched:\n' +
    '  /var/www/Cosaif/node_modules/.prisma/client\n' +
    '  /var/www/Cosaif/node_modules/@prisma/client\n' +
    '  /Users/viankodesarrollo/Documents/CosaifBack/BackCosaif/node_modules/@prisma/client\n' +
    '  /tmp/prisma-engines\n' +
    '  /var/www/Cosaif/prisma\n' +
    '    at yl (/var/www/Cosaif/node_modules/@prisma/client/runtime/library.js:64:805)\n' +
    '    at async Object.loadLibrary (/var/www/Cosaif/node_modules/@prisma/client/runtime/library.js:111:7966)\n' +
    '    at async Gr.loadEngine (/var/www/Cosaif/node_modules/@prisma/client/runtime/library.js:112:448)\n' +
    '    at async Gr.instantiateLibrary (/var/www/Cosaif/node_modules/@prisma/client/runtime/library.js:111:11869)',
  rejection: true,
  date: 'Thu Jul 24 2025 16:40:42 GMT+0000 (Coordinated Universal Time)',
  process: {
    pid: 274626,
    uid: 0,
    gid: 0,
    cwd: '/var/www/Cosaif',
    execPath: '/usr/bin/node',
    version: 'v20.19.2',
    argv: [
      '/usr/bin/node',
      '/usr/lib/node_modules/pm2/lib/ProcessContainerFork.js'
    ],
    memoryUsage: {
      rss: 104919040,
      heapTotal: 38330368,
      heapUsed: 22562568,
      external: 2578099,
      arrayBuffers: 61521
    }
  },
  os: { loadavg: [ 0.71, 0.19, 0.06 ], uptime: 2508641.11 },
  trace: [
    {
      column: 805,
      file: '/var/www/Cosaif/node_modules/@prisma/client/runtime/library.js',
      function: 'yl',
      line: 64,
      method: null,
      native: false
    },
    {
      column: 7966,
      file: '/var/www/Cosaif/node_modules/@prisma/client/runtime/library.js',
      function: 'async Object.loadLibrary',
      line: 111,
      method: 'loadLibrary',
      native: false
    },
    {
      column: 448,
      file: '/var/www/Cosaif/node_modules/@prisma/client/runtime/library.js',
      function: 'async Gr.loadEngine',
      line: 112,
      method: 'loadEngine',
      native: false
    },
    {
      column: 11869,
      file: '/var/www/Cosaif/node_modules/@prisma/client/runtime/library.js',
      function: 'async Gr.instantiateLibrary',
      line: 111,
      method: 'instantiateLibrary',
      native: false
    }
  ],
  service: 'IncidenteModel',
  module: 'Movimientos/Incidente',
  timestamp: '2025-07-24 16:40:42'
}
{
  error: PrismaClientInitializationError: Prisma Client could not locate the Query Engine for runtime "debian-openssl-3.0.x".
  
  This happened because Prisma Client was generated for "darwin-arm64", but the actual deployment required "debian-openssl-3.0.x".
  Add "debian-openssl-3.0.x" to `binaryTargets` in the "schema.prisma" file and run `prisma generate` after saving it:
  
  generator client {
    provider      = "prisma-client-js"
    binaryTargets = ["native", "debian-openssl-3.0.x"]
  }
  
  The following locations have been searched:
    /var/www/Cosaif/node_modules/.prisma/client
    /var/www/Cosaif/node_modules/@prisma/client
    /Users/viankodesarrollo/Documents/CosaifBack/BackCosaif/node_modules/@prisma/client
    /tmp/prisma-engines
    /var/www/Cosaif/prisma
      at yl (/var/www/Cosaif/node_modules/@prisma/client/runtime/library.js:64:805)
      at async Object.loadLibrary (/var/www/Cosaif/node_modules/@prisma/client/runtime/library.js:111:7966)
      at async Gr.loadEngine (/var/www/Cosaif/node_modules/@prisma/client/runtime/library.js:112:448)
      at async Gr.instantiateLibrary (/var/www/Cosaif/node_modules/@prisma/client/runtime/library.js:111:11869) {
    clientVersion: '6.12.0',
    errorCode: undefined,
    retryable: undefined
  },
  level: 'error',
  message: 'unhandledRejection: Prisma Client could not locate the Query Engine for runtime "debian-openssl-3.0.x".\n' +
    '\n' +
    'This happened because Prisma Client was generated for "darwin-arm64", but the actual deployment required "debian-openssl-3.0.x".\n' +
    'Add "debian-openssl-3.0.x" to `binaryTargets` in the "schema.prisma" file and run `prisma generate` after saving it:\n' +
    '\n' +
    'generator client {\n' +
    '  provider      = "prisma-client-js"\n' +
    '  binaryTargets = ["native", "debian-openssl-3.0.x"]\n' +
    '}\n' +
    '\n' +
    'The following locations have been searched:\n' +
    '  /var/www/Cosaif/node_modules/.prisma/client\n' +
    '  /var/www/Cosaif/node_modules/@prisma/client\n' +
    '  /Users/viankodesarrollo/Documents/CosaifBack/BackCosaif/node_modules/@prisma/client\n' +
    '  /tmp/prisma-engines\n' +
    '  /var/www/Cosaif/prisma\n' +
    'PrismaClientInitializationError: Prisma Client could not locate the Query Engine for runtime "debian-openssl-3.0.x".\n' +
    '\n' +
    'This happened because Prisma Client was generated for "darwin-arm64", but the actual deployment required "debian-openssl-3.0.x".\n' +
    'Add "debian-openssl-3.0.x" to `binaryTargets` in the "schema.prisma" file and run `prisma generate` after saving it:\n' +
    '\n' +
    'generator client {\n' +
    '  provider      = "prisma-client-js"\n' +
    '  binaryTargets = ["native", "debian-openssl-3.0.x"]\n' +
    '}\n' +
    '\n' +
    'The following locations have been searched:\n' +
    '  /var/www/Cosaif/node_modules/.prisma/client\n' +
    '  /var/www/Cosaif/node_modules/@prisma/client\n' +
    '  /Users/viankodesarrollo/Documents/CosaifBack/BackCosaif/node_modules/@prisma/client\n' +
    '  /tmp/prisma-engines\n' +
    '  /var/www/Cosaif/prisma\n' +
    '    at yl (/var/www/Cosaif/node_modules/@prisma/client/runtime/library.js:64:805)\n' +
    '    at async Object.loadLibrary (/var/www/Cosaif/node_modules/@prisma/client/runtime/library.js:111:7966)\n' +
    '    at async Gr.loadEngine (/var/www/Cosaif/node_modules/@prisma/client/runtime/library.js:112:448)\n' +
    '    at async Gr.instantiateLibrary (/var/www/Cosaif/node_modules/@prisma/client/runtime/library.js:111:11869)',
  stack: 'PrismaClientInitializationError: Prisma Client could not locate the Query Engine for runtime "debian-openssl-3.0.x".\n' +
    '\n' +
    'This happened because Prisma Client was generated for "darwin-arm64", but the actual deployment required "debian-openssl-3.0.x".\n' +
    'Add "debian-openssl-3.0.x" to `binaryTargets` in the "schema.prisma" file and run `prisma generate` after saving it:\n' +
    '\n' +
    'generator client {\n' +
    '  provider      = "prisma-client-js"\n' +
    '  binaryTargets = ["native", "debian-openssl-3.0.x"]\n' +
    '}\n' +
    '\n' +
    'The following locations have been searched:\n' +
    '  /var/www/Cosaif/node_modules/.prisma/client\n' +
    '  /var/www/Cosaif/node_modules/@prisma/client\n' +
    '  /Users/viankodesarrollo/Documents/CosaifBack/BackCosaif/node_modules/@prisma/client\n' +
    '  /tmp/prisma-engines\n' +
    '  /var/www/Cosaif/prisma\n' +
    '    at yl (/var/www/Cosaif/node_modules/@prisma/client/runtime/library.js:64:805)\n' +
    '    at async Object.loadLibrary (/var/www/Cosaif/node_modules/@prisma/client/runtime/library.js:111:7966)\n' +
    '    at async Gr.loadEngine (/var/www/Cosaif/node_modules/@prisma/client/runtime/library.js:112:448)\n' +
    '    at async Gr.instantiateLibrary (/var/www/Cosaif/node_modules/@prisma/client/runtime/library.js:111:11869)',
  rejection: true,
  date: 'Thu Jul 24 2025 16:40:42 GMT+0000 (Coordinated Universal Time)',
  process: {
    pid: 274637,
    uid: 0,
    gid: 0,
    cwd: '/var/www/Cosaif',
    execPath: '/usr/bin/node',
    version: 'v20.19.2',
    argv: [
      '/usr/bin/node',
      '/usr/lib/node_modules/pm2/lib/ProcessContainerFork.js'
    ],
    memoryUsage: {
      rss: 105476096,
      heapTotal: 38330368,
      heapUsed: 22563368,
      external: 2578095,
      arrayBuffers: 61517
    }
  },
  os: { loadavg: [ 0.71, 0.19, 0.06 ], uptime: 2508641.61 },
  trace: [
    {
      column: 805,
      file: '/var/www/Cosaif/node_modules/@prisma/client/runtime/library.js',
      function: 'yl',
      line: 64,
      method: null,
      native: false
    },
    {
      column: 7966,
      file: '/var/www/Cosaif/node_modules/@prisma/client/runtime/library.js',
      function: 'async Object.loadLibrary',
      line: 111,
      method: 'loadLibrary',
      native: false
    },
    {
      column: 448,
      file: '/var/www/Cosaif/node_modules/@prisma/client/runtime/library.js',
      function: 'async Gr.loadEngine',
      line: 112,
      method: 'loadEngine',
      native: false
    },
    {
      column: 11869,
      file: '/var/www/Cosaif/node_modules/@prisma/client/runtime/library.js',
      function: 'async Gr.instantiateLibrary',
      line: 111,
      method: 'instantiateLibrary',
      native: false
    }
  ],
  service: 'IncidenteModel',
  module: 'Movimientos/Incidente',
  timestamp: '2025-07-24 16:40:42'
}
