{
  service: 'IncidenteModel',
  module: 'Movimientos/Incidente',
  incidenteId: 1,
  cantidad: 2,
  carpeta: '/var/www/Cosaif/uploads/incidentes/2025/06/04',
  level: 'info',
  message: 'Imagenes procesadas y guardadas',
  timestamp: '2025-06-04 19:18:05'
}
{
  service: 'IncidenteModel',
  module: 'Movimientos/Incidente',
  incidenteId: 1,
  movimientoId: 140,
  empresaId: 4,
  localidadId: 1,
  imagenesGuardadas: 2,
  level: 'info',
  message: 'Incidente creado y procesado',
  timestamp: '2025-06-04 19:18:06'
}
{
  service: 'IncidenteModel',
  module: 'Movimientos/Incidente',
  incidenteId: 2,
  cantidad: 1,
  carpeta: '/var/www/Cosaif/uploads/incidentes/2025/06/04',
  level: 'info',
  message: 'Imagenes procesadas y guardadas',
  timestamp: '2025-06-04 19:25:48'
}
{
  service: 'IncidenteModel',
  module: 'Movimientos/Incidente',
  incidenteId: 2,
  movimientoId: 140,
  empresaId: 4,
  localidadId: 1,
  imagenesGuardadas: 1,
  level: 'info',
  message: 'Incidente creado y procesado',
  timestamp: '2025-06-04 19:25:48'
}
{
  service: 'IncidenteModel',
  module: 'Movimientos/Incidente',
  incidenteId: 3,
  cantidad: 1,
  carpeta: '/var/www/Cosaif/uploads/incidentes/2025/06/04',
  level: 'info',
  message: 'Imagenes procesadas y guardadas',
  timestamp: '2025-06-04 19:31:05'
}
{
  service: 'IncidenteModel',
  module: 'Movimientos/Incidente',
  incidenteId: 3,
  movimientoId: 140,
  empresaId: 4,
  localidadId: 1,
  imagenesGuardadas: 1,
  level: 'info',
  message: 'Incidente creado y procesado',
  timestamp: '2025-06-04 19:31:06'
}
{
  service: 'IncidenteModel',
  module: 'Movimientos/Incidente',
  incidenteId: 4,
  cantidad: 1,
  carpeta: '/var/www/Cosaif/uploads/incidentes/2025/06/04',
  level: 'info',
  message: 'Imagenes procesadas y guardadas',
  timestamp: '2025-06-04 19:38:26'
}
{
  service: 'IncidenteModel',
  module: 'Movimientos/Incidente',
  incidenteId: 4,
  movimientoId: 199,
  empresaId: 2,
  localidadId: 1,
  imagenesGuardadas: 1,
  level: 'info',
  message: 'Incidente creado y procesado',
  timestamp: '2025-06-04 19:38:26'
}
{
  service: 'IncidenteModel',
  module: 'Movimientos/Incidente',
  incidenteId: 5,
  cantidad: 1,
  carpeta: '/var/www/Cosaif/uploads/incidentes/2025/06/04',
  level: 'info',
  message: 'Imagenes procesadas y guardadas',
  timestamp: '2025-06-04 19:40:58'
}
{
  service: 'IncidenteModel',
  module: 'Movimientos/Incidente',
  incidenteId: 5,
  movimientoId: 199,
  empresaId: 2,
  localidadId: 1,
  imagenesGuardadas: 1,
  level: 'info',
  message: 'Incidente creado y procesado',
  timestamp: '2025-06-04 19:40:58'
}
{
  service: 'IncidenteModel',
  module: 'Movimientos/Incidente',
  incidenteId: 6,
  cantidad: 1,
  carpeta: '/var/www/Cosaif/uploads/incidentes/2025/06/04',
  level: 'info',
  message: 'Imagenes procesadas y guardadas',
  timestamp: '2025-06-04 21:40:12'
}
{
  service: 'IncidenteModel',
  module: 'Movimientos/Incidente',
  incidenteId: 6,
  movimientoId: 208,
  empresaId: 1,
  localidadId: 1,
  imagenesGuardadas: 1,
  level: 'info',
  message: 'Incidente creado y procesado',
  timestamp: '2025-06-04 21:40:13'
}
{
  service: 'IncidenteModel',
  module: 'Movimientos/Incidente',
  incidenteId: 7,
  cantidad: 1,
  carpeta: '/var/www/Cosaif/uploads/incidentes/2025/06/04',
  level: 'info',
  message: 'Imagenes procesadas y guardadas',
  timestamp: '2025-06-04 21:40:51'
}
{
  service: 'IncidenteModel',
  module: 'Movimientos/Incidente',
  incidenteId: 7,
  movimientoId: 215,
  empresaId: 2,
  localidadId: 1,
  imagenesGuardadas: 1,
  level: 'info',
  message: 'Incidente creado y procesado',
  timestamp: '2025-06-04 21:40:52'
}
{
  service: 'IncidenteModel',
  module: 'Movimientos/Incidente',
  incidenteId: 8,
  cantidad: 1,
  carpeta: '/var/www/Cosaif/uploads/incidentes/2025/06/04',
  level: 'info',
  message: 'Imagenes procesadas y guardadas',
  timestamp: '2025-06-04 22:38:23'
}
{
  service: 'IncidenteModel',
  module: 'Movimientos/Incidente',
  incidenteId: 8,
  movimientoId: 226,
  empresaId: 2,
  localidadId: 1,
  imagenesGuardadas: 1,
  level: 'info',
  message: 'Incidente creado y procesado',
  timestamp: '2025-06-04 22:38:23'
}
{
  service: 'IncidenteModel',
  module: 'Movimientos/Incidente',
  incidenteId: 9,
  cantidad: 1,
  carpeta: '/var/www/Cosaif/uploads/incidentes/2025/06/05',
  level: 'info',
  message: 'Imagenes procesadas y guardadas',
  timestamp: '2025-06-05 15:25:22'
}
{
  service: 'IncidenteModel',
  module: 'Movimientos/Incidente',
  incidenteId: 9,
  movimientoId: 229,
  empresaId: 2,
  localidadId: 1,
  imagenesGuardadas: 1,
  level: 'info',
  message: 'Incidente creado y procesado',
  timestamp: '2025-06-05 15:25:23'
}
{
  service: 'IncidenteModel',
  module: 'Movimientos/Incidente',
  incidenteId: 10,
  cantidad: 1,
  carpeta: '/var/www/Cosaif/uploads/incidentes/2025/06/05',
  level: 'info',
  message: 'Imagenes procesadas y guardadas',
  timestamp: '2025-06-05 15:27:48'
}
{
  service: 'IncidenteModel',
  module: 'Movimientos/Incidente',
  incidenteId: 10,
  movimientoId: 229,
  empresaId: 2,
  localidadId: 1,
  imagenesGuardadas: 1,
  level: 'info',
  message: 'Incidente creado y procesado',
  timestamp: '2025-06-05 15:27:48'
}
{
  service: 'IncidenteModel',
  module: 'Movimientos/Incidente',
  incidenteId: 11,
  cantidad: 1,
  carpeta: '/var/www/Cosaif/uploads/incidentes/2025/06/05',
  level: 'info',
  message: 'Imagenes procesadas y guardadas',
  timestamp: '2025-06-05 15:59:57'
}
{
  service: 'IncidenteModel',
  module: 'Movimientos/Incidente',
  incidenteId: 11,
  movimientoId: 230,
  empresaId: 2,
  localidadId: 1,
  imagenesGuardadas: 1,
  level: 'info',
  message: 'Incidente creado y procesado',
  timestamp: '2025-06-05 15:59:57'
}
{
  service: 'IncidenteModel',
  module: 'Movimientos/Incidente',
  incidenteId: 12,
  cantidad: 1,
  carpeta: '/var/www/Cosaif/uploads/incidentes/2025/06/05',
  level: 'info',
  message: 'Imagenes procesadas y guardadas',
  timestamp: '2025-06-05 16:00:37'
}
{
  service: 'IncidenteModel',
  module: 'Movimientos/Incidente',
  incidenteId: 12,
  movimientoId: 230,
  empresaId: 2,
  localidadId: 1,
  imagenesGuardadas: 1,
  level: 'info',
  message: 'Incidente creado y procesado',
  timestamp: '2025-06-05 16:00:37'
}
{
  service: 'IncidenteModel',
  module: 'Movimientos/Incidente',
  incidenteId: 13,
  cantidad: 1,
  carpeta: '/var/www/Cosaif/uploads/incidentes/2025/06/05',
  level: 'info',
  message: 'Imagenes procesadas y guardadas',
  timestamp: '2025-06-05 16:01:45'
}
{
  service: 'IncidenteModel',
  module: 'Movimientos/Incidente',
  incidenteId: 13,
  movimientoId: 230,
  empresaId: 2,
  localidadId: 1,
  imagenesGuardadas: 1,
  level: 'info',
  message: 'Incidente creado y procesado',
  timestamp: '2025-06-05 16:01:45'
}
{
  service: 'IncidenteModel',
  module: 'Movimientos/Incidente',
  incidenteId: 19,
  cantidad: 1,
  carpeta: '/var/www/Cosaif/uploads/incidentes/2025/06/06',
  level: 'info',
  message: 'Imagenes procesadas y guardadas',
  timestamp: '2025-06-06 22:26:36'
}
{
  service: 'IncidenteModel',
  module: 'Movimientos/Incidente',
  incidenteId: 19,
  movimientoId: 233,
  empresaId: 2,
  localidadId: 1,
  imagenesGuardadas: 1,
  level: 'info',
  message: 'Incidente creado y procesado',
  timestamp: '2025-06-06 22:26:36'
}
{
  service: 'IncidenteModel',
  module: 'Movimientos/Incidente',
  incidenteId: 20,
  cantidad: 1,
  carpeta: '/var/www/Cosaif/uploads/incidentes/2025/06/09',
  level: 'info',
  message: 'Imagenes procesadas y guardadas',
  timestamp: '2025-06-09 14:38:47'
}
{
  service: 'IncidenteModel',
  module: 'Movimientos/Incidente',
  incidenteId: 20,
  movimientoId: 123,
  empresaId: 2,
  localidadId: 1,
  imagenesGuardadas: 1,
  level: 'info',
  message: 'Incidente creado y procesado',
  timestamp: '2025-06-09 14:38:48'
}
{
  service: 'IncidenteModel',
  module: 'Movimientos/Incidente',
  incidenteId: 21,
  cantidad: 1,
  carpeta: '/var/www/Cosaif/uploads/incidentes/2025/06/09',
  level: 'info',
  message: 'Imagenes procesadas y guardadas',
  timestamp: '2025-06-09 15:14:44'
}
{
  service: 'IncidenteModel',
  module: 'Movimientos/Incidente',
  incidenteId: 21,
  movimientoId: 240,
  empresaId: 2,
  localidadId: 1,
  imagenesGuardadas: 1,
  level: 'info',
  message: 'Incidente creado y procesado',
  timestamp: '2025-06-09 15:14:45'
}
{
  service: 'IncidenteModel',
  module: 'Movimientos/Incidente',
  incidenteId: 22,
  cantidad: 1,
  carpeta: '/var/www/Cosaif/uploads/incidentes/2025/06/09',
  level: 'info',
  message: 'Imagenes procesadas y guardadas',
  timestamp: '2025-06-09 17:27:36'
}
{
  service: 'IncidenteModel',
  module: 'Movimientos/Incidente',
  movimientoId: 28,
  empresaId: 2,
  rondaOriginal: 1,
  ordenOriginal: 1,
  localidadId: 1,
  level: 'info',
  message: 'Iniciando reorganizacion por incidente',
  timestamp: '2025-06-09 17:27:36'
}
{
  service: 'IncidenteModel',
  module: 'Movimientos/Incidente',
  movimientoId: 28,
  rondaNumero: 2,
  posicion: 1,
  nuevaRonda: false,
  level: 'info',
  message: 'Movimiento insertado en ronda',
  timestamp: '2025-06-09 17:27:37'
}
{
  service: 'IncidenteModel',
  module: 'Movimientos/Incidente',
  empresaId: 2,
  localidadId: 1,
  movimientoId: 28,
  error: PrismaClientKnownRequestError: 
  Invalid `tx.ronda.create()` invocation in
  /var/www/Cosaif/dist/models/Incidente/IncidenteModel.js:285:36
  
    282     });
    283 }
    284 // Crear el nuevo registro de ronda para el movimiento
  → 285 await tx.ronda.create(
  Unique constraint failed on the fields: (`movimientoId`)
      at Zn.handleRequestError (/var/www/Cosaif/node_modules/@prisma/client/runtime/library.js:121:7459)
      at Zn.handleAndLogRequestError (/var/www/Cosaif/node_modules/@prisma/client/runtime/library.js:121:6784)
      at Zn.request (/var/www/Cosaif/node_modules/@prisma/client/runtime/library.js:121:6491)
      at async l (/var/www/Cosaif/node_modules/@prisma/client/runtime/library.js:130:9778)
      at async /var/www/Cosaif/dist/models/Incidente/IncidenteModel.js:285:21
      at async Proxy._transactionWithCallback (/var/www/Cosaif/node_modules/@prisma/client/runtime/library.js:130:8139)
      at async IncidenteModel.reorganizarRondasPorIncidente (/var/www/Cosaif/dist/models/Incidente/IncidenteModel.js:251:13)
      at async IncidenteModel.crearIncidente (/var/www/Cosaif/dist/models/Incidente/IncidenteModel.js:514:17)
      at async IncidenteController.crearIncidente (/var/www/Cosaif/dist/Rutas/Incidente/IncidenteController.js:190:32) {
    code: 'P2002',
    meta: { modelName: 'Ronda', target: [ 'movimientoId' ] },
    clientVersion: '6.9.0'
  },
  level: 'error',
  message: 'Error al reorganizar rondas por incidente',
  timestamp: '2025-06-09 17:27:37'
}
{
  service: 'IncidenteModel',
  module: 'Movimientos/Incidente',
  data: {
    descripcion: 'Vsbsjizbdnndndnndndnndjxjbdbnkdjdnndndkkdndndnndnejd',
    movimientoId: 28,
    usuarioId: 5,
    imagenes: [
      <Buffer ff d8 ff e1 03 ee 45 78 69 66 00 00 4d 4d 00 2a 00 00 00 08 00 10 01 03 00 03 00 00 00 01 00 06 00 00 02 01 00 04 00 00 00 01 00 00 05 74 02 02 00 04 ... 1766211 more bytes>
    ]
  },
  error: Error: Error al reorganizar rondas por incidente
      at IncidenteModel.reorganizarRondasPorIncidente (/var/www/Cosaif/dist/models/Incidente/IncidenteModel.js:315:19)
      at async IncidenteModel.crearIncidente (/var/www/Cosaif/dist/models/Incidente/IncidenteModel.js:514:17)
      at async IncidenteController.crearIncidente (/var/www/Cosaif/dist/Rutas/Incidente/IncidenteController.js:190:32),
  level: 'error',
  message: 'Error al crear incidente',
  timestamp: '2025-06-09 17:27:37'
}
{
  service: 'IncidenteModel',
  module: 'Movimientos/Incidente',
  incidenteId: 23,
  cantidad: 1,
  carpeta: '/var/www/Cosaif/uploads/incidentes/2025/06/09',
  level: 'info',
  message: 'Imagenes procesadas y guardadas',
  timestamp: '2025-06-09 17:29:03'
}
{
  service: 'IncidenteModel',
  module: 'Movimientos/Incidente',
  movimientoId: 28,
  empresaId: 2,
  rondaOriginal: 1,
  ordenOriginal: 1,
  localidadId: 1,
  level: 'info',
  message: 'Iniciando reorganizacion por incidente',
  timestamp: '2025-06-09 17:29:03'
}
{
  service: 'IncidenteModel',
  module: 'Movimientos/Incidente',
  movimientoId: 28,
  rondaNumero: 2,
  posicion: 1,
  nuevaRonda: false,
  level: 'info',
  message: 'Movimiento insertado en ronda',
  timestamp: '2025-06-09 17:29:04'
}
{
  service: 'IncidenteModel',
  module: 'Movimientos/Incidente',
  empresaId: 2,
  localidadId: 1,
  movimientoId: 28,
  error: PrismaClientKnownRequestError: 
  Invalid `tx.ronda.create()` invocation in
  /var/www/Cosaif/dist/models/Incidente/IncidenteModel.js:285:36
  
    282     });
    283 }
    284 // Crear el nuevo registro de ronda para el movimiento
  → 285 await tx.ronda.create(
  Unique constraint failed on the fields: (`movimientoId`)
      at Zn.handleRequestError (/var/www/Cosaif/node_modules/@prisma/client/runtime/library.js:121:7459)
      at Zn.handleAndLogRequestError (/var/www/Cosaif/node_modules/@prisma/client/runtime/library.js:121:6784)
      at Zn.request (/var/www/Cosaif/node_modules/@prisma/client/runtime/library.js:121:6491)
      at async l (/var/www/Cosaif/node_modules/@prisma/client/runtime/library.js:130:9778)
      at async /var/www/Cosaif/dist/models/Incidente/IncidenteModel.js:285:21
      at async Proxy._transactionWithCallback (/var/www/Cosaif/node_modules/@prisma/client/runtime/library.js:130:8139)
      at async IncidenteModel.reorganizarRondasPorIncidente (/var/www/Cosaif/dist/models/Incidente/IncidenteModel.js:251:13)
      at async IncidenteModel.crearIncidente (/var/www/Cosaif/dist/models/Incidente/IncidenteModel.js:514:17)
      at async IncidenteController.crearIncidente (/var/www/Cosaif/dist/Rutas/Incidente/IncidenteController.js:190:32) {
    code: 'P2002',
    meta: { modelName: 'Ronda', target: [ 'movimientoId' ] },
    clientVersion: '6.9.0'
  },
  level: 'error',
  message: 'Error al reorganizar rondas por incidente',
  timestamp: '2025-06-09 17:29:04'
}
{
  service: 'IncidenteModel',
  module: 'Movimientos/Incidente',
  data: {
    descripcion: 'Vsbsjizbdnndndnndndnndjxjbdbnkdjdnndndkkdndndnndnejd',
    movimientoId: 28,
    usuarioId: 5,
    imagenes: [
      <Buffer ff d8 ff e1 03 ee 45 78 69 66 00 00 4d 4d 00 2a 00 00 00 08 00 10 01 03 00 03 00 00 00 01 00 06 00 00 02 01 00 04 00 00 00 01 00 00 05 74 02 02 00 04 ... 1766211 more bytes>
    ]
  },
  error: Error: Error al reorganizar rondas por incidente
      at IncidenteModel.reorganizarRondasPorIncidente (/var/www/Cosaif/dist/models/Incidente/IncidenteModel.js:315:19)
      at async IncidenteModel.crearIncidente (/var/www/Cosaif/dist/models/Incidente/IncidenteModel.js:514:17)
      at async IncidenteController.crearIncidente (/var/www/Cosaif/dist/Rutas/Incidente/IncidenteController.js:190:32),
  level: 'error',
  message: 'Error al crear incidente',
  timestamp: '2025-06-09 17:29:04'
}
{
  service: 'IncidenteModel',
  module: 'Movimientos/Incidente',
  incidenteId: 24,
  cantidad: 1,
  carpeta: '/var/www/Cosaif/uploads/incidentes/2025/06/09',
  level: 'info',
  message: 'Imagenes procesadas y guardadas',
  timestamp: '2025-06-09 17:29:22'
}
{
  service: 'IncidenteModel',
  module: 'Movimientos/Incidente',
  movimientoId: 28,
  empresaId: 2,
  rondaOriginal: 1,
  ordenOriginal: 1,
  localidadId: 1,
  level: 'info',
  message: 'Iniciando reorganizacion por incidente',
  timestamp: '2025-06-09 17:29:22'
}
{
  service: 'IncidenteModel',
  module: 'Movimientos/Incidente',
  movimientoId: 28,
  rondaNumero: 2,
  posicion: 1,
  nuevaRonda: false,
  level: 'info',
  message: 'Movimiento insertado en ronda',
  timestamp: '2025-06-09 17:29:22'
}
{
  service: 'IncidenteModel',
  module: 'Movimientos/Incidente',
  empresaId: 2,
  localidadId: 1,
  movimientoId: 28,
  error: PrismaClientKnownRequestError: 
  Invalid `tx.ronda.create()` invocation in
  /var/www/Cosaif/dist/models/Incidente/IncidenteModel.js:285:36
  
    282     });
    283 }
    284 // Crear el nuevo registro de ronda para el movimiento
  → 285 await tx.ronda.create(
  Unique constraint failed on the fields: (`movimientoId`)
      at Zn.handleRequestError (/var/www/Cosaif/node_modules/@prisma/client/runtime/library.js:121:7459)
      at Zn.handleAndLogRequestError (/var/www/Cosaif/node_modules/@prisma/client/runtime/library.js:121:6784)
      at Zn.request (/var/www/Cosaif/node_modules/@prisma/client/runtime/library.js:121:6491)
      at async l (/var/www/Cosaif/node_modules/@prisma/client/runtime/library.js:130:9778)
      at async /var/www/Cosaif/dist/models/Incidente/IncidenteModel.js:285:21
      at async Proxy._transactionWithCallback (/var/www/Cosaif/node_modules/@prisma/client/runtime/library.js:130:8139)
      at async IncidenteModel.reorganizarRondasPorIncidente (/var/www/Cosaif/dist/models/Incidente/IncidenteModel.js:251:13)
      at async IncidenteModel.crearIncidente (/var/www/Cosaif/dist/models/Incidente/IncidenteModel.js:514:17)
      at async IncidenteController.crearIncidente (/var/www/Cosaif/dist/Rutas/Incidente/IncidenteController.js:190:32) {
    code: 'P2002',
    meta: { modelName: 'Ronda', target: [ 'movimientoId' ] },
    clientVersion: '6.9.0'
  },
  level: 'error',
  message: 'Error al reorganizar rondas por incidente',
  timestamp: '2025-06-09 17:29:22'
}
{
  service: 'IncidenteModel',
  module: 'Movimientos/Incidente',
  data: {
    descripcion: 'Vsbsjizbdnndndnndndnndjxjbdbnkdjdnndndkkdndndnndnejdbbg',
    movimientoId: 28,
    usuarioId: 5,
    imagenes: [
      <Buffer ff d8 ff e1 03 ee 45 78 69 66 00 00 4d 4d 00 2a 00 00 00 08 00 10 01 03 00 03 00 00 00 01 00 06 00 00 02 01 00 04 00 00 00 01 00 00 05 74 02 02 00 04 ... 1766211 more bytes>
    ]
  },
  error: Error: Error al reorganizar rondas por incidente
      at IncidenteModel.reorganizarRondasPorIncidente (/var/www/Cosaif/dist/models/Incidente/IncidenteModel.js:315:19)
      at async IncidenteModel.crearIncidente (/var/www/Cosaif/dist/models/Incidente/IncidenteModel.js:514:17)
      at async IncidenteController.crearIncidente (/var/www/Cosaif/dist/Rutas/Incidente/IncidenteController.js:190:32),
  level: 'error',
  message: 'Error al crear incidente',
  timestamp: '2025-06-09 17:29:22'
}
{
  service: 'IncidenteModel',
  module: 'Movimientos/Incidente',
  incidenteId: 25,
  cantidad: 1,
  carpeta: '/var/www/Cosaif/uploads/incidentes/2025/06/09',
  level: 'info',
  message: 'Imagenes procesadas y guardadas',
  timestamp: '2025-06-09 17:30:17'
}
{
  service: 'IncidenteModel',
  module: 'Movimientos/Incidente',
  movimientoId: 28,
  empresaId: 2,
  rondaOriginal: 1,
  ordenOriginal: 1,
  localidadId: 1,
  level: 'info',
  message: 'Iniciando reorganizacion por incidente',
  timestamp: '2025-06-09 17:30:17'
}
{
  service: 'IncidenteModel',
  module: 'Movimientos/Incidente',
  movimientoId: 28,
  rondaNumero: 2,
  posicion: 1,
  nuevaRonda: false,
  level: 'info',
  message: 'Movimiento insertado en ronda',
  timestamp: '2025-06-09 17:30:17'
}
{
  service: 'IncidenteModel',
  module: 'Movimientos/Incidente',
  empresaId: 2,
  localidadId: 1,
  movimientoId: 28,
  error: PrismaClientKnownRequestError: 
  Invalid `tx.ronda.create()` invocation in
  /var/www/Cosaif/dist/models/Incidente/IncidenteModel.js:285:36
  
    282     });
    283 }
    284 // Crear el nuevo registro de ronda para el movimiento
  → 285 await tx.ronda.create(
  Unique constraint failed on the fields: (`movimientoId`)
      at Zn.handleRequestError (/var/www/Cosaif/node_modules/@prisma/client/runtime/library.js:121:7459)
      at Zn.handleAndLogRequestError (/var/www/Cosaif/node_modules/@prisma/client/runtime/library.js:121:6784)
      at Zn.request (/var/www/Cosaif/node_modules/@prisma/client/runtime/library.js:121:6491)
      at async l (/var/www/Cosaif/node_modules/@prisma/client/runtime/library.js:130:9778)
      at async /var/www/Cosaif/dist/models/Incidente/IncidenteModel.js:285:21
      at async Proxy._transactionWithCallback (/var/www/Cosaif/node_modules/@prisma/client/runtime/library.js:130:8139)
      at async IncidenteModel.reorganizarRondasPorIncidente (/var/www/Cosaif/dist/models/Incidente/IncidenteModel.js:251:13)
      at async IncidenteModel.crearIncidente (/var/www/Cosaif/dist/models/Incidente/IncidenteModel.js:514:17)
      at async IncidenteController.crearIncidente (/var/www/Cosaif/dist/Rutas/Incidente/IncidenteController.js:190:32) {
    code: 'P2002',
    meta: { modelName: 'Ronda', target: [ 'movimientoId' ] },
    clientVersion: '6.9.0'
  },
  level: 'error',
  message: 'Error al reorganizar rondas por incidente',
  timestamp: '2025-06-09 17:30:17'
}
{
  service: 'IncidenteModel',
  module: 'Movimientos/Incidente',
  data: {
    descripcion: 'Zhrvecevdrrjryryehdheyrhrhrhrhrhrvrbfbdvdbfbrbfbfbt',
    movimientoId: 28,
    usuarioId: 5,
    imagenes: [
      <Buffer ff d8 ff e1 03 ee 45 78 69 66 00 00 4d 4d 00 2a 00 00 00 08 00 10 01 03 00 03 00 00 00 01 00 06 00 00 02 01 00 04 00 00 00 01 00 00 05 74 02 02 00 04 ... 326824 more bytes>
    ]
  },
  error: Error: Error al reorganizar rondas por incidente
      at IncidenteModel.reorganizarRondasPorIncidente (/var/www/Cosaif/dist/models/Incidente/IncidenteModel.js:315:19)
      at async IncidenteModel.crearIncidente (/var/www/Cosaif/dist/models/Incidente/IncidenteModel.js:514:17)
      at async IncidenteController.crearIncidente (/var/www/Cosaif/dist/Rutas/Incidente/IncidenteController.js:190:32),
  level: 'error',
  message: 'Error al crear incidente',
  timestamp: '2025-06-09 17:30:17'
}
{
  service: 'IncidenteModel',
  module: 'Movimientos/Incidente',
  incidenteId: 26,
  cantidad: 1,
  carpeta: '/var/www/Cosaif/uploads/incidentes/2025/06/09',
  level: 'info',
  message: 'Imagenes procesadas y guardadas',
  timestamp: '2025-06-09 17:31:29'
}
{
  service: 'IncidenteModel',
  module: 'Movimientos/Incidente',
  movimientoId: 28,
  empresaId: 2,
  rondaOriginal: 1,
  ordenOriginal: 1,
  localidadId: 1,
  level: 'info',
  message: 'Iniciando reorganizacion por incidente',
  timestamp: '2025-06-09 17:31:29'
}
{
  service: 'IncidenteModel',
  module: 'Movimientos/Incidente',
  movimientoId: 28,
  rondaNumero: 2,
  posicion: 1,
  nuevaRonda: false,
  level: 'info',
  message: 'Movimiento insertado en ronda',
  timestamp: '2025-06-09 17:31:29'
}
{
  service: 'IncidenteModel',
  module: 'Movimientos/Incidente',
  empresaId: 2,
  localidadId: 1,
  movimientoId: 28,
  error: PrismaClientKnownRequestError: 
  Invalid `tx.ronda.create()` invocation in
  /var/www/Cosaif/dist/models/Incidente/IncidenteModel.js:285:36
  
    282     });
    283 }
    284 // Crear el nuevo registro de ronda para el movimiento
  → 285 await tx.ronda.create(
  Unique constraint failed on the fields: (`movimientoId`)
      at Zn.handleRequestError (/var/www/Cosaif/node_modules/@prisma/client/runtime/library.js:121:7459)
      at Zn.handleAndLogRequestError (/var/www/Cosaif/node_modules/@prisma/client/runtime/library.js:121:6784)
      at Zn.request (/var/www/Cosaif/node_modules/@prisma/client/runtime/library.js:121:6491)
      at async l (/var/www/Cosaif/node_modules/@prisma/client/runtime/library.js:130:9778)
      at async /var/www/Cosaif/dist/models/Incidente/IncidenteModel.js:285:21
      at async Proxy._transactionWithCallback (/var/www/Cosaif/node_modules/@prisma/client/runtime/library.js:130:8139)
      at async IncidenteModel.reorganizarRondasPorIncidente (/var/www/Cosaif/dist/models/Incidente/IncidenteModel.js:251:13)
      at async IncidenteModel.crearIncidente (/var/www/Cosaif/dist/models/Incidente/IncidenteModel.js:514:17)
      at async IncidenteController.crearIncidente (/var/www/Cosaif/dist/Rutas/Incidente/IncidenteController.js:190:32) {
    code: 'P2002',
    meta: { modelName: 'Ronda', target: [ 'movimientoId' ] },
    clientVersion: '6.9.0'
  },
  level: 'error',
  message: 'Error al reorganizar rondas por incidente',
  timestamp: '2025-06-09 17:31:29'
}
{
  service: 'IncidenteModel',
  module: 'Movimientos/Incidente',
  data: {
    descripcion: 'Vzjzjjz xbxbhjjsjsjsjjdjebjdjidjejejdujbejsjhebejbsb',
    movimientoId: 28,
    usuarioId: 5,
    imagenes: [
      <Buffer ff d8 ff e1 03 ee 45 78 69 66 00 00 4d 4d 00 2a 00 00 00 08 00 10 01 03 00 03 00 00 00 01 00 06 00 00 02 01 00 04 00 00 00 01 00 00 05 74 02 02 00 04 ... 1277599 more bytes>
    ]
  },
  error: Error: Error al reorganizar rondas por incidente
      at IncidenteModel.reorganizarRondasPorIncidente (/var/www/Cosaif/dist/models/Incidente/IncidenteModel.js:315:19)
      at async IncidenteModel.crearIncidente (/var/www/Cosaif/dist/models/Incidente/IncidenteModel.js:514:17)
      at async IncidenteController.crearIncidente (/var/www/Cosaif/dist/Rutas/Incidente/IncidenteController.js:190:32),
  level: 'error',
  message: 'Error al crear incidente',
  timestamp: '2025-06-09 17:31:29'
}
{
  service: 'IncidenteModel',
  module: 'Movimientos/Incidente',
  incidenteId: 27,
  cantidad: 1,
  carpeta: '/var/www/Cosaif/uploads/incidentes/2025/06/09',
  level: 'info',
  message: 'Imagenes procesadas y guardadas',
  timestamp: '2025-06-09 17:33:06'
}
{
  service: 'IncidenteModel',
  module: 'Movimientos/Incidente',
  movimientoId: 28,
  empresaId: 2,
  rondaOriginal: 1,
  ordenOriginal: 1,
  localidadId: 1,
  level: 'info',
  message: 'Iniciando reorganizacion por incidente',
  timestamp: '2025-06-09 17:33:06'
}
{
  service: 'IncidenteModel',
  module: 'Movimientos/Incidente',
  movimientoId: 28,
  rondaNumero: 2,
  posicion: 1,
  nuevaRonda: false,
  level: 'info',
  message: 'Movimiento insertado en ronda',
  timestamp: '2025-06-09 17:33:06'
}
{
  service: 'IncidenteModel',
  module: 'Movimientos/Incidente',
  empresaId: 2,
  localidadId: 1,
  movimientoId: 28,
  error: PrismaClientKnownRequestError: 
  Invalid `tx.ronda.create()` invocation in
  /var/www/Cosaif/dist/models/Incidente/IncidenteModel.js:285:36
  
    282     });
    283 }
    284 // Crear el nuevo registro de ronda para el movimiento
  → 285 await tx.ronda.create(
  Unique constraint failed on the fields: (`movimientoId`)
      at Zn.handleRequestError (/var/www/Cosaif/node_modules/@prisma/client/runtime/library.js:121:7459)
      at Zn.handleAndLogRequestError (/var/www/Cosaif/node_modules/@prisma/client/runtime/library.js:121:6784)
      at Zn.request (/var/www/Cosaif/node_modules/@prisma/client/runtime/library.js:121:6491)
      at async l (/var/www/Cosaif/node_modules/@prisma/client/runtime/library.js:130:9778)
      at async /var/www/Cosaif/dist/models/Incidente/IncidenteModel.js:285:21
      at async Proxy._transactionWithCallback (/var/www/Cosaif/node_modules/@prisma/client/runtime/library.js:130:8139)
      at async IncidenteModel.reorganizarRondasPorIncidente (/var/www/Cosaif/dist/models/Incidente/IncidenteModel.js:251:13)
      at async IncidenteModel.crearIncidente (/var/www/Cosaif/dist/models/Incidente/IncidenteModel.js:514:17)
      at async IncidenteController.crearIncidente (/var/www/Cosaif/dist/Rutas/Incidente/IncidenteController.js:190:32) {
    code: 'P2002',
    meta: { modelName: 'Ronda', target: [ 'movimientoId' ] },
    clientVersion: '6.9.0'
  },
  level: 'error',
  message: 'Error al reorganizar rondas por incidente',
  timestamp: '2025-06-09 17:33:06'
}
{
  service: 'IncidenteModel',
  module: 'Movimientos/Incidente',
  data: {
    descripcion: 'Vzjzjjz xbxbhjjsjsjsjjdjebjdjidjejejdujbejsjhebejbsb',
    movimientoId: 28,
    usuarioId: 5,
    imagenes: [
      <Buffer ff d8 ff e1 03 ee 45 78 69 66 00 00 4d 4d 00 2a 00 00 00 08 00 10 01 03 00 03 00 00 00 01 00 06 00 00 02 01 00 04 00 00 00 01 00 00 05 74 02 02 00 04 ... 1277599 more bytes>
    ]
  },
  error: Error: Error al reorganizar rondas por incidente
      at IncidenteModel.reorganizarRondasPorIncidente (/var/www/Cosaif/dist/models/Incidente/IncidenteModel.js:315:19)
      at async IncidenteModel.crearIncidente (/var/www/Cosaif/dist/models/Incidente/IncidenteModel.js:514:17)
      at async IncidenteController.crearIncidente (/var/www/Cosaif/dist/Rutas/Incidente/IncidenteController.js:190:32),
  level: 'error',
  message: 'Error al crear incidente',
  timestamp: '2025-06-09 17:33:06'
}
{
  service: 'IncidenteModel',
  module: 'Movimientos/Incidente',
  incidenteId: 28,
  cantidad: 1,
  carpeta: '/var/www/Cosaif/uploads/incidentes/2025/06/09',
  level: 'info',
  message: 'Imagenes procesadas y guardadas',
  timestamp: '2025-06-09 17:34:32'
}
{
  service: 'IncidenteModel',
  module: 'Movimientos/Incidente',
  movimientoId: 28,
  empresaId: 2,
  rondaOriginal: 1,
  ordenOriginal: 1,
  localidadId: 1,
  level: 'info',
  message: 'Iniciando reorganizacion por incidente',
  timestamp: '2025-06-09 17:34:32'
}
{
  service: 'IncidenteModel',
  module: 'Movimientos/Incidente',
  movimientoId: 28,
  rondaNumero: 2,
  posicion: 1,
  nuevaRonda: false,
  level: 'info',
  message: 'Movimiento insertado en ronda',
  timestamp: '2025-06-09 17:34:32'
}
{
  service: 'IncidenteModel',
  module: 'Movimientos/Incidente',
  empresaId: 2,
  localidadId: 1,
  movimientoId: 28,
  error: PrismaClientKnownRequestError: 
  Invalid `tx.ronda.create()` invocation in
  /var/www/Cosaif/dist/models/Incidente/IncidenteModel.js:285:36
  
    282     });
    283 }
    284 // Crear el nuevo registro de ronda para el movimiento
  → 285 await tx.ronda.create(
  Unique constraint failed on the fields: (`movimientoId`)
      at Zn.handleRequestError (/var/www/Cosaif/node_modules/@prisma/client/runtime/library.js:121:7459)
      at Zn.handleAndLogRequestError (/var/www/Cosaif/node_modules/@prisma/client/runtime/library.js:121:6784)
      at Zn.request (/var/www/Cosaif/node_modules/@prisma/client/runtime/library.js:121:6491)
      at async l (/var/www/Cosaif/node_modules/@prisma/client/runtime/library.js:130:9778)
      at async /var/www/Cosaif/dist/models/Incidente/IncidenteModel.js:285:21
      at async Proxy._transactionWithCallback (/var/www/Cosaif/node_modules/@prisma/client/runtime/library.js:130:8139)
      at async IncidenteModel.reorganizarRondasPorIncidente (/var/www/Cosaif/dist/models/Incidente/IncidenteModel.js:251:13)
      at async IncidenteModel.crearIncidente (/var/www/Cosaif/dist/models/Incidente/IncidenteModel.js:514:17)
      at async IncidenteController.crearIncidente (/var/www/Cosaif/dist/Rutas/Incidente/IncidenteController.js:190:32) {
    code: 'P2002',
    meta: { modelName: 'Ronda', target: [ 'movimientoId' ] },
    clientVersion: '6.9.0'
  },
  level: 'error',
  message: 'Error al reorganizar rondas por incidente',
  timestamp: '2025-06-09 17:34:32'
}
{
  service: 'IncidenteModel',
  module: 'Movimientos/Incidente',
  data: {
    descripcion: 'Vzjzjjz xbxbhjjsjsjsjjdjebjdjidjejejdujbejsjhebejbsb',
    movimientoId: 28,
    usuarioId: 5,
    imagenes: [
      <Buffer ff d8 ff e1 03 ee 45 78 69 66 00 00 4d 4d 00 2a 00 00 00 08 00 10 01 03 00 03 00 00 00 01 00 06 00 00 02 01 00 04 00 00 00 01 00 00 05 74 02 02 00 04 ... 1277599 more bytes>
    ]
  },
  error: Error: Error al reorganizar rondas por incidente
      at IncidenteModel.reorganizarRondasPorIncidente (/var/www/Cosaif/dist/models/Incidente/IncidenteModel.js:315:19)
      at async IncidenteModel.crearIncidente (/var/www/Cosaif/dist/models/Incidente/IncidenteModel.js:514:17)
      at async IncidenteController.crearIncidente (/var/www/Cosaif/dist/Rutas/Incidente/IncidenteController.js:190:32),
  level: 'error',
  message: 'Error al crear incidente',
  timestamp: '2025-06-09 17:34:32'
}
{
  service: 'IncidenteModel',
  module: 'Movimientos/Incidente',
  incidenteId: 29,
  cantidad: 1,
  carpeta: '/var/www/Cosaif/uploads/incidentes/2025/06/09',
  level: 'info',
  message: 'Imagenes procesadas y guardadas',
  timestamp: '2025-06-09 17:35:12'
}
{
  service: 'IncidenteModel',
  module: 'Movimientos/Incidente',
  movimientoId: 28,
  empresaId: 2,
  rondaOriginal: 1,
  ordenOriginal: 1,
  localidadId: 1,
  level: 'info',
  message: 'Iniciando reorganizacion por incidente',
  timestamp: '2025-06-09 17:35:12'
}
{
  service: 'IncidenteModel',
  module: 'Movimientos/Incidente',
  movimientoId: 28,
  rondaNumero: 2,
  posicion: 1,
  nuevaRonda: false,
  level: 'info',
  message: 'Movimiento insertado en ronda',
  timestamp: '2025-06-09 17:35:12'
}
{
  service: 'IncidenteModel',
  module: 'Movimientos/Incidente',
  empresaId: 2,
  localidadId: 1,
  movimientoId: 28,
  error: PrismaClientKnownRequestError: 
  Invalid `tx.ronda.create()` invocation in
  /var/www/Cosaif/dist/models/Incidente/IncidenteModel.js:285:36
  
    282     });
    283 }
    284 // Crear el nuevo registro de ronda para el movimiento
  → 285 await tx.ronda.create(
  Unique constraint failed on the fields: (`movimientoId`)
      at Zn.handleRequestError (/var/www/Cosaif/node_modules/@prisma/client/runtime/library.js:121:7459)
      at Zn.handleAndLogRequestError (/var/www/Cosaif/node_modules/@prisma/client/runtime/library.js:121:6784)
      at Zn.request (/var/www/Cosaif/node_modules/@prisma/client/runtime/library.js:121:6491)
      at async l (/var/www/Cosaif/node_modules/@prisma/client/runtime/library.js:130:9778)
      at async /var/www/Cosaif/dist/models/Incidente/IncidenteModel.js:285:21
      at async Proxy._transactionWithCallback (/var/www/Cosaif/node_modules/@prisma/client/runtime/library.js:130:8139)
      at async IncidenteModel.reorganizarRondasPorIncidente (/var/www/Cosaif/dist/models/Incidente/IncidenteModel.js:251:13)
      at async IncidenteModel.crearIncidente (/var/www/Cosaif/dist/models/Incidente/IncidenteModel.js:514:17)
      at async IncidenteController.crearIncidente (/var/www/Cosaif/dist/Rutas/Incidente/IncidenteController.js:190:32) {
    code: 'P2002',
    meta: { modelName: 'Ronda', target: [ 'movimientoId' ] },
    clientVersion: '6.9.0'
  },
  level: 'error',
  message: 'Error al reorganizar rondas por incidente',
  timestamp: '2025-06-09 17:35:12'
}
{
  service: 'IncidenteModel',
  module: 'Movimientos/Incidente',
  data: {
    descripcion: 'Vzjzjjz xbxbhjjsjsjsjjdjebjdjidjejejdujbejsjhebejbsb',
    movimientoId: 28,
    usuarioId: 5,
    imagenes: [
      <Buffer ff d8 ff e1 03 ee 45 78 69 66 00 00 4d 4d 00 2a 00 00 00 08 00 10 01 03 00 03 00 00 00 01 00 06 00 00 02 01 00 04 00 00 00 01 00 00 05 74 02 02 00 04 ... 1277599 more bytes>
    ]
  },
  error: Error: Error al reorganizar rondas por incidente
      at IncidenteModel.reorganizarRondasPorIncidente (/var/www/Cosaif/dist/models/Incidente/IncidenteModel.js:315:19)
      at async IncidenteModel.crearIncidente (/var/www/Cosaif/dist/models/Incidente/IncidenteModel.js:514:17)
      at async IncidenteController.crearIncidente (/var/www/Cosaif/dist/Rutas/Incidente/IncidenteController.js:190:32),
  level: 'error',
  message: 'Error al crear incidente',
  timestamp: '2025-06-09 17:35:12'
}
{
  service: 'IncidenteModel',
  module: 'Movimientos/Incidente',
  incidenteId: 30,
  cantidad: 2,
  carpeta: '/var/www/Cosaif/uploads/incidentes/2025/06/09',
  level: 'info',
  message: 'Imagenes procesadas y guardadas',
  timestamp: '2025-06-09 17:36:01'
}
{
  service: 'IncidenteModel',
  module: 'Movimientos/Incidente',
  movimientoId: 28,
  empresaId: 2,
  rondaOriginal: 1,
  ordenOriginal: 1,
  localidadId: 1,
  level: 'info',
  message: 'Iniciando reorganizacion por incidente',
  timestamp: '2025-06-09 17:36:01'
}
{
  service: 'IncidenteModel',
  module: 'Movimientos/Incidente',
  movimientoId: 28,
  rondaNumero: 2,
  posicion: 1,
  nuevaRonda: false,
  level: 'info',
  message: 'Movimiento insertado en ronda',
  timestamp: '2025-06-09 17:36:01'
}
{
  service: 'IncidenteModel',
  module: 'Movimientos/Incidente',
  empresaId: 2,
  localidadId: 1,
  movimientoId: 28,
  error: PrismaClientKnownRequestError: 
  Invalid `tx.ronda.create()` invocation in
  /var/www/Cosaif/dist/models/Incidente/IncidenteModel.js:285:36
  
    282     });
    283 }
    284 // Crear el nuevo registro de ronda para el movimiento
  → 285 await tx.ronda.create(
  Unique constraint failed on the fields: (`movimientoId`)
      at Zn.handleRequestError (/var/www/Cosaif/node_modules/@prisma/client/runtime/library.js:121:7459)
      at Zn.handleAndLogRequestError (/var/www/Cosaif/node_modules/@prisma/client/runtime/library.js:121:6784)
      at Zn.request (/var/www/Cosaif/node_modules/@prisma/client/runtime/library.js:121:6491)
      at async l (/var/www/Cosaif/node_modules/@prisma/client/runtime/library.js:130:9778)
      at async /var/www/Cosaif/dist/models/Incidente/IncidenteModel.js:285:21
      at async Proxy._transactionWithCallback (/var/www/Cosaif/node_modules/@prisma/client/runtime/library.js:130:8139)
      at async IncidenteModel.reorganizarRondasPorIncidente (/var/www/Cosaif/dist/models/Incidente/IncidenteModel.js:251:13)
      at async IncidenteModel.crearIncidente (/var/www/Cosaif/dist/models/Incidente/IncidenteModel.js:514:17)
      at async IncidenteController.crearIncidente (/var/www/Cosaif/dist/Rutas/Incidente/IncidenteController.js:190:32) {
    code: 'P2002',
    meta: { modelName: 'Ronda', target: [ 'movimientoId' ] },
    clientVersion: '6.9.0'
  },
  level: 'error',
  message: 'Error al reorganizar rondas por incidente',
  timestamp: '2025-06-09 17:36:01'
}
{
  service: 'IncidenteModel',
  module: 'Movimientos/Incidente',
  data: {
    descripcion: 'Vzjzjjz xbxbhjjsjsjsjjdjebjdjidjejejdujbejsjhebejbsb',
    movimientoId: 28,
    usuarioId: 5,
    imagenes: [
      <Buffer ff d8 ff e1 03 ee 45 78 69 66 00 00 4d 4d 00 2a 00 00 00 08 00 10 01 03 00 03 00 00 00 01 00 06 00 00 02 01 00 04 00 00 00 01 00 00 05 74 02 02 00 04 ... 1277599 more bytes>,
      <Buffer ff d8 ff e1 03 ee 45 78 69 66 00 00 4d 4d 00 2a 00 00 00 08 00 10 01 03 00 03 00 00 00 01 00 06 00 00 02 01 00 04 00 00 00 01 00 00 05 74 02 02 00 04 ... 2885033 more bytes>
    ]
  },
  error: Error: Error al reorganizar rondas por incidente
      at IncidenteModel.reorganizarRondasPorIncidente (/var/www/Cosaif/dist/models/Incidente/IncidenteModel.js:315:19)
      at async IncidenteModel.crearIncidente (/var/www/Cosaif/dist/models/Incidente/IncidenteModel.js:514:17)
      at async IncidenteController.crearIncidente (/var/www/Cosaif/dist/Rutas/Incidente/IncidenteController.js:190:32),
  level: 'error',
  message: 'Error al crear incidente',
  timestamp: '2025-06-09 17:36:01'
}
{
  service: 'IncidenteModel',
  module: 'Movimientos/Incidente',
  incidenteId: 31,
  cantidad: 2,
  carpeta: '/var/www/Cosaif/uploads/incidentes/2025/06/09',
  level: 'info',
  message: 'Imagenes procesadas y guardadas',
  timestamp: '2025-06-09 17:36:23'
}
{
  service: 'IncidenteModel',
  module: 'Movimientos/Incidente',
  movimientoId: 28,
  empresaId: 2,
  rondaOriginal: 1,
  ordenOriginal: 1,
  localidadId: 1,
  level: 'info',
  message: 'Iniciando reorganizacion por incidente',
  timestamp: '2025-06-09 17:36:23'
}
{
  service: 'IncidenteModel',
  module: 'Movimientos/Incidente',
  movimientoId: 28,
  rondaNumero: 2,
  posicion: 1,
  nuevaRonda: false,
  level: 'info',
  message: 'Movimiento insertado en ronda',
  timestamp: '2025-06-09 17:36:23'
}
{
  service: 'IncidenteModel',
  module: 'Movimientos/Incidente',
  empresaId: 2,
  localidadId: 1,
  movimientoId: 28,
  error: PrismaClientKnownRequestError: 
  Invalid `tx.ronda.create()` invocation in
  /var/www/Cosaif/dist/models/Incidente/IncidenteModel.js:285:36
  
    282     });
    283 }
    284 // Crear el nuevo registro de ronda para el movimiento
  → 285 await tx.ronda.create(
  Unique constraint failed on the fields: (`movimientoId`)
      at Zn.handleRequestError (/var/www/Cosaif/node_modules/@prisma/client/runtime/library.js:121:7459)
      at Zn.handleAndLogRequestError (/var/www/Cosaif/node_modules/@prisma/client/runtime/library.js:121:6784)
      at Zn.request (/var/www/Cosaif/node_modules/@prisma/client/runtime/library.js:121:6491)
      at async l (/var/www/Cosaif/node_modules/@prisma/client/runtime/library.js:130:9778)
      at async /var/www/Cosaif/dist/models/Incidente/IncidenteModel.js:285:21
      at async Proxy._transactionWithCallback (/var/www/Cosaif/node_modules/@prisma/client/runtime/library.js:130:8139)
      at async IncidenteModel.reorganizarRondasPorIncidente (/var/www/Cosaif/dist/models/Incidente/IncidenteModel.js:251:13)
      at async IncidenteModel.crearIncidente (/var/www/Cosaif/dist/models/Incidente/IncidenteModel.js:514:17)
      at async IncidenteController.crearIncidente (/var/www/Cosaif/dist/Rutas/Incidente/IncidenteController.js:190:32) {
    code: 'P2002',
    meta: { modelName: 'Ronda', target: [ 'movimientoId' ] },
    clientVersion: '6.9.0'
  },
  level: 'error',
  message: 'Error al reorganizar rondas por incidente',
  timestamp: '2025-06-09 17:36:23'
}
{
  service: 'IncidenteModel',
  module: 'Movimientos/Incidente',
  data: {
    descripcion: 'Vzjzjjz xbxbhjjsjsjsjjdjebjdjidjejejdujbejsjhebejbsb',
    movimientoId: 28,
    usuarioId: 5,
    imagenes: [
      <Buffer ff d8 ff e1 03 ee 45 78 69 66 00 00 4d 4d 00 2a 00 00 00 08 00 10 01 03 00 03 00 00 00 01 00 06 00 00 02 01 00 04 00 00 00 01 00 00 05 74 02 02 00 04 ... 1277599 more bytes>,
      <Buffer ff d8 ff e1 03 ee 45 78 69 66 00 00 4d 4d 00 2a 00 00 00 08 00 10 01 03 00 03 00 00 00 01 00 06 00 00 02 01 00 04 00 00 00 01 00 00 05 74 02 02 00 04 ... 2885033 more bytes>
    ]
  },
  error: Error: Error al reorganizar rondas por incidente
      at IncidenteModel.reorganizarRondasPorIncidente (/var/www/Cosaif/dist/models/Incidente/IncidenteModel.js:315:19)
      at async IncidenteModel.crearIncidente (/var/www/Cosaif/dist/models/Incidente/IncidenteModel.js:514:17)
      at async IncidenteController.crearIncidente (/var/www/Cosaif/dist/Rutas/Incidente/IncidenteController.js:190:32),
  level: 'error',
  message: 'Error al crear incidente',
  timestamp: '2025-06-09 17:36:23'
}
{
  service: 'IncidenteModel',
  module: 'Movimientos/Incidente',
  incidenteId: 32,
  cantidad: 2,
  carpeta: '/var/www/Cosaif/uploads/incidentes/2025/06/09',
  level: 'info',
  message: 'Imagenes procesadas y guardadas',
  timestamp: '2025-06-09 19:33:21'
}
{
  service: 'IncidenteModel',
  module: 'Movimientos/Incidente',
  movimientoId: 49,
  empresaId: 3,
  rondaOriginal: 1,
  ordenOriginal: 2,
  localidadId: 1,
  tipoMovimiento: 'MD_TRABAJANDO',
  level: 'info',
  message: 'Iniciando reorganizaci�n por incidente',
  timestamp: '2025-06-09 19:33:21'
}
{
  service: 'IncidenteModel',
  module: 'Movimientos/Incidente',
  movimientoId: 49,
  rondaNumero: 2,
  posicion: 1,
  nuevaRonda: false,
  level: 'info',
  message: 'Movimiento ALTA insertado en ronda',
  timestamp: '2025-06-09 19:33:21'
}
{
  service: 'IncidenteModel',
  module: 'Movimientos/Incidente',
  empresaId: 3,
  localidadId: 1,
  movimientoId: 49,
  error: PrismaClientKnownRequestError: 
  Invalid `tx.ronda.create()` invocation in
  /var/www/Cosaif/dist/models/Incidente/IncidenteModel.js:313:32
  
    310     });
    311 }
    312 // Crear el nuevo registro de ronda para el movimiento
  → 313 await tx.ronda.create(
  Unique constraint failed on the fields: (`movimientoId`)
      at Zn.handleRequestError (/var/www/Cosaif/node_modules/@prisma/client/runtime/library.js:121:7459)
      at Zn.handleAndLogRequestError (/var/www/Cosaif/node_modules/@prisma/client/runtime/library.js:121:6784)
      at Zn.request (/var/www/Cosaif/node_modules/@prisma/client/runtime/library.js:121:6491)
      at async l (/var/www/Cosaif/node_modules/@prisma/client/runtime/library.js:130:9778)
      at async /var/www/Cosaif/dist/models/Incidente/IncidenteModel.js:313:17
      at async Proxy._transactionWithCallback (/var/www/Cosaif/node_modules/@prisma/client/runtime/library.js:130:8139)
      at async IncidenteModel.reorganizarRondasAltaOriginal (/var/www/Cosaif/dist/models/Incidente/IncidenteModel.js:279:9)
      at async IncidenteModel.reorganizarRondasPorIncidente (/var/www/Cosaif/dist/models/Incidente/IncidenteModel.js:256:17)
      at async IncidenteModel.crearIncidente (/var/www/Cosaif/dist/models/Incidente/IncidenteModel.js:685:17)
      at async IncidenteController.crearIncidente (/var/www/Cosaif/dist/Rutas/Incidente/IncidenteController.js:190:32) {
    code: 'P2002',
    meta: { modelName: 'Ronda', target: [ 'movimientoId' ] },
    clientVersion: '6.9.0'
  },
  level: 'error',
  message: 'Error al reorganizar rondas por incidente',
  timestamp: '2025-06-09 19:33:21'
}
{
  service: 'IncidenteModel',
  module: 'Movimientos/Incidente',
  data: {
    descripcion: 'Vsbsjjzjd bd sjjsjsjjdjdjd djisjsjdjkdkd jdjdjejjd jdjdjejjdjdjkd idijendb',
    movimientoId: 49,
    usuarioId: 5,
    imagenes: [
      <Buffer ff d8 ff e1 03 ee 45 78 69 66 00 00 4d 4d 00 2a 00 00 00 08 00 10 01 03 00 03 00 00 00 01 00 06 00 00 02 01 00 04 00 00 00 01 00 00 05 74 02 02 00 04 ... 2679215 more bytes>,
      <Buffer ff d8 ff e1 03 ee 45 78 69 66 00 00 4d 4d 00 2a 00 00 00 08 00 10 01 03 00 03 00 00 00 01 00 06 00 00 02 01 00 04 00 00 00 01 00 00 05 74 02 02 00 04 ... 5668232 more bytes>
    ]
  },
  error: Error: Error al reorganizar rondas por incidente
      at IncidenteModel.reorganizarRondasPorIncidente (/var/www/Cosaif/dist/models/Incidente/IncidenteModel.js:267:19)
      at async IncidenteModel.crearIncidente (/var/www/Cosaif/dist/models/Incidente/IncidenteModel.js:685:17)
      at async IncidenteController.crearIncidente (/var/www/Cosaif/dist/Rutas/Incidente/IncidenteController.js:190:32),
  level: 'error',
  message: 'Error al crear incidente',
  timestamp: '2025-06-09 19:33:21'
}
{
  service: 'IncidenteModel',
  module: 'Movimientos/Incidente',
  incidenteId: 33,
  cantidad: 2,
  carpeta: '/var/www/Cosaif/uploads/incidentes/2025/06/09',
  level: 'info',
  message: 'Imagenes procesadas y guardadas',
  timestamp: '2025-06-09 19:42:57'
}
{
  service: 'IncidenteModel',
  module: 'Movimientos/Incidente',
  movimientoId: 49,
  empresaId: 3,
  rondaOriginal: 1,
  ordenOriginal: 2,
  localidadId: 1,
  tipoMovimiento: 'MD_TRABAJANDO',
  level: 'info',
  message: 'Iniciando reorganizaci�n por incidente',
  timestamp: '2025-06-09 19:42:57'
}
{
  service: 'IncidenteModel',
  module: 'Movimientos/Incidente',
  movimientoId: 49,
  rondaNumero: 2,
  posicion: 1,
  nuevaRonda: false,
  level: 'info',
  message: 'Movimiento ALTA insertado en ronda',
  timestamp: '2025-06-09 19:42:57'
}
{
  service: 'IncidenteModel',
  module: 'Movimientos/Incidente',
  empresaId: 3,
  localidadId: 1,
  movimientoId: 49,
  error: PrismaClientKnownRequestError: 
  Invalid `tx.ronda.create()` invocation in
  /var/www/Cosaif/dist/models/Incidente/IncidenteModel.js:313:32
  
    310     });
    311 }
    312 // Crear el nuevo registro de ronda para el movimiento
  → 313 await tx.ronda.create(
  Unique constraint failed on the fields: (`movimientoId`)
      at Zn.handleRequestError (/var/www/Cosaif/node_modules/@prisma/client/runtime/library.js:121:7459)
      at Zn.handleAndLogRequestError (/var/www/Cosaif/node_modules/@prisma/client/runtime/library.js:121:6784)
      at Zn.request (/var/www/Cosaif/node_modules/@prisma/client/runtime/library.js:121:6491)
      at async l (/var/www/Cosaif/node_modules/@prisma/client/runtime/library.js:130:9778)
      at async /var/www/Cosaif/dist/models/Incidente/IncidenteModel.js:313:17
      at async Proxy._transactionWithCallback (/var/www/Cosaif/node_modules/@prisma/client/runtime/library.js:130:8139)
      at async IncidenteModel.reorganizarRondasAltaOriginal (/var/www/Cosaif/dist/models/Incidente/IncidenteModel.js:279:9)
      at async IncidenteModel.reorganizarRondasPorIncidente (/var/www/Cosaif/dist/models/Incidente/IncidenteModel.js:256:17)
      at async IncidenteModel.crearIncidente (/var/www/Cosaif/dist/models/Incidente/IncidenteModel.js:685:17)
      at async IncidenteController.crearIncidente (/var/www/Cosaif/dist/Rutas/Incidente/IncidenteController.js:190:32) {
    code: 'P2002',
    meta: { modelName: 'Ronda', target: [ 'movimientoId' ] },
    clientVersion: '6.9.0'
  },
  level: 'error',
  message: 'Error al reorganizar rondas por incidente',
  timestamp: '2025-06-09 19:42:57'
}
{
  service: 'IncidenteModel',
  module: 'Movimientos/Incidente',
  data: {
    descripcion: 'Vsbsjjzjd bd sjjsjsjjdjdjd djisjsjdjkdkd jdjdjejjd jdjdjejjdjdjkd idijendb',
    movimientoId: 49,
    usuarioId: 5,
    imagenes: [
      <Buffer ff d8 ff e1 03 ee 45 78 69 66 00 00 4d 4d 00 2a 00 00 00 08 00 10 01 03 00 03 00 00 00 01 00 06 00 00 02 01 00 04 00 00 00 01 00 00 05 74 02 02 00 04 ... 2679215 more bytes>,
      <Buffer ff d8 ff e1 03 ee 45 78 69 66 00 00 4d 4d 00 2a 00 00 00 08 00 10 01 03 00 03 00 00 00 01 00 06 00 00 02 01 00 04 00 00 00 01 00 00 05 74 02 02 00 04 ... 5668232 more bytes>
    ]
  },
  error: Error: Error al reorganizar rondas por incidente
      at IncidenteModel.reorganizarRondasPorIncidente (/var/www/Cosaif/dist/models/Incidente/IncidenteModel.js:267:19)
      at async IncidenteModel.crearIncidente (/var/www/Cosaif/dist/models/Incidente/IncidenteModel.js:685:17)
      at async IncidenteController.crearIncidente (/var/www/Cosaif/dist/Rutas/Incidente/IncidenteController.js:190:32),
  level: 'error',
  message: 'Error al crear incidente',
  timestamp: '2025-06-09 19:42:57'
}
{
  service: 'IncidenteModel',
  module: 'Movimientos/Incidente',
  incidenteId: 34,
  cantidad: 2,
  carpeta: '/var/www/Cosaif/uploads/incidentes/2025/06/09',
  level: 'info',
  message: 'Imagenes procesadas y guardadas',
  timestamp: '2025-06-09 19:47:41'
}
{
  service: 'IncidenteModel',
  module: 'Movimientos/Incidente',
  movimientoId: 49,
  empresaId: 3,
  rondaOriginal: 1,
  ordenOriginal: 2,
  localidadId: 1,
  tipoMovimiento: 'MD_TRABAJANDO',
  level: 'info',
  message: 'Iniciando reorganizaci�n por incidente',
  timestamp: '2025-06-09 19:47:41'
}
{
  service: 'IncidenteModel',
  module: 'Movimientos/Incidente',
  movimientoId: 49,
  rondaNumero: 2,
  posicion: 1,
  nuevaRonda: false,
  level: 'info',
  message: 'Movimiento ALTA insertado en ronda',
  timestamp: '2025-06-09 19:47:41'
}
{
  service: 'IncidenteModel',
  module: 'Movimientos/Incidente',
  empresaId: 3,
  localidadId: 1,
  movimientoId: 49,
  error: PrismaClientKnownRequestError: 
  Invalid `tx.ronda.create()` invocation in
  /var/www/Cosaif/dist/models/Incidente/IncidenteModel.js:313:32
  
    310     });
    311 }
    312 // Crear el nuevo registro de ronda para el movimiento
  → 313 await tx.ronda.create(
  Unique constraint failed on the fields: (`movimientoId`)
      at Zn.handleRequestError (/var/www/Cosaif/node_modules/@prisma/client/runtime/library.js:121:7459)
      at Zn.handleAndLogRequestError (/var/www/Cosaif/node_modules/@prisma/client/runtime/library.js:121:6784)
      at Zn.request (/var/www/Cosaif/node_modules/@prisma/client/runtime/library.js:121:6491)
      at async l (/var/www/Cosaif/node_modules/@prisma/client/runtime/library.js:130:9778)
      at async /var/www/Cosaif/dist/models/Incidente/IncidenteModel.js:313:17
      at async Proxy._transactionWithCallback (/var/www/Cosaif/node_modules/@prisma/client/runtime/library.js:130:8139)
      at async IncidenteModel.reorganizarRondasAltaOriginal (/var/www/Cosaif/dist/models/Incidente/IncidenteModel.js:279:9)
      at async IncidenteModel.reorganizarRondasPorIncidente (/var/www/Cosaif/dist/models/Incidente/IncidenteModel.js:256:17)
      at async IncidenteModel.crearIncidente (/var/www/Cosaif/dist/models/Incidente/IncidenteModel.js:685:17)
      at async IncidenteController.crearIncidente (/var/www/Cosaif/dist/Rutas/Incidente/IncidenteController.js:190:32) {
    code: 'P2002',
    meta: { modelName: 'Ronda', target: [ 'movimientoId' ] },
    clientVersion: '6.9.0'
  },
  level: 'error',
  message: 'Error al reorganizar rondas por incidente',
  timestamp: '2025-06-09 19:47:41'
}
{
  service: 'IncidenteModel',
  module: 'Movimientos/Incidente',
  data: {
    descripcion: 'Vsbsjjzjd bd sjjsjsjjdjdjd djisjsjdjkdkd jdjdjejjd jdjdjejjdjdjkd idijendb',
    movimientoId: 49,
    usuarioId: 5,
    imagenes: [
      <Buffer ff d8 ff e1 03 ee 45 78 69 66 00 00 4d 4d 00 2a 00 00 00 08 00 10 01 03 00 03 00 00 00 01 00 06 00 00 02 01 00 04 00 00 00 01 00 00 05 74 02 02 00 04 ... 2679215 more bytes>,
      <Buffer ff d8 ff e1 03 ee 45 78 69 66 00 00 4d 4d 00 2a 00 00 00 08 00 10 01 03 00 03 00 00 00 01 00 06 00 00 02 01 00 04 00 00 00 01 00 00 05 74 02 02 00 04 ... 5668232 more bytes>
    ]
  },
  error: Error: Error al reorganizar rondas por incidente
      at IncidenteModel.reorganizarRondasPorIncidente (/var/www/Cosaif/dist/models/Incidente/IncidenteModel.js:267:19)
      at async IncidenteModel.crearIncidente (/var/www/Cosaif/dist/models/Incidente/IncidenteModel.js:685:17)
      at async IncidenteController.crearIncidente (/var/www/Cosaif/dist/Rutas/Incidente/IncidenteController.js:190:32),
  level: 'error',
  message: 'Error al crear incidente',
  timestamp: '2025-06-09 19:47:41'
}
{
  service: 'IncidenteModel',
  module: 'Movimientos/Incidente',
  incidenteId: 35,
  cantidad: 1,
  carpeta: '/var/www/Cosaif/uploads/incidentes/2025/06/09',
  level: 'info',
  message: 'Imagenes procesadas y guardadas',
  timestamp: '2025-06-09 19:49:35'
}
{
  service: 'IncidenteModel',
  module: 'Movimientos/Incidente',
  movimientoId: 49,
  empresaId: 3,
  rondaOriginal: 1,
  ordenOriginal: 2,
  localidadId: 1,
  prioridad: 'BAJA',
  tipoMovimiento: 'MD_TRABAJANDO',
  level: 'info',
  message: 'Iniciando reorganizaci�n por incidente',
  timestamp: '2025-06-09 19:49:35'
}
{
  service: 'IncidenteModel',
  module: 'Movimientos/Incidente',
  movimientoId: 49,
  rondaNumero: 2,
  posicion: 1,
  nuevaRonda: false,
  level: 'info',
  message: 'Movimiento ALTA insertado en ronda',
  timestamp: '2025-06-09 19:49:35'
}
{
  service: 'IncidenteModel',
  module: 'Movimientos/Incidente',
  movimientoId: 49,
  rondaNumero: 3,
  posicion: 1,
  nuevaRonda: false,
  level: 'info',
  message: 'Movimiento ALTA insertado en ronda',
  timestamp: '2025-06-09 19:49:35'
}
{
  service: 'IncidenteModel',
  module: 'Movimientos/Incidente',
  movimientoId: 49,
  rondaNumero: 4,
  posicion: 1,
  nuevaRonda: false,
  level: 'info',
  message: 'Movimiento ALTA insertado en ronda',
  timestamp: '2025-06-09 19:49:35'
}
{
  service: 'IncidenteModel',
  module: 'Movimientos/Incidente',
  movimientoId: 49,
  rondaNumero: 5,
  posicion: 1,
  nuevaRonda: false,
  level: 'info',
  message: 'Movimiento ALTA insertado en ronda',
  timestamp: '2025-06-09 19:49:35'
}
{
  service: 'IncidenteModel',
  module: 'Movimientos/Incidente',
  movimientoId: 49,
  rondaNumero: 6,
  posicion: 1,
  nuevaRonda: false,
  level: 'info',
  message: 'Movimiento ALTA insertado en ronda',
  timestamp: '2025-06-09 19:49:35'
}
{
  service: 'IncidenteModel',
  module: 'Movimientos/Incidente',
  movimientoId: 49,
  rondaNumero: 7,
  posicion: 5,
  nuevaRonda: true,
  level: 'info',
  message: 'Movimiento ALTA insertado en ronda',
  timestamp: '2025-06-09 19:49:35'
}
{
  service: 'IncidenteModel',
  module: 'Movimientos/Incidente',
  incidenteId: 35,
  movimientoId: 49,
  empresaId: 3,
  localidadId: 1,
  imagenesGuardadas: 1,
  level: 'info',
  message: 'Incidente creado y procesado',
  timestamp: '2025-06-09 19:49:36'
}
{
  service: 'IncidenteModel',
  module: 'Movimientos/Incidente',
  incidenteId: 36,
  cantidad: 1,
  carpeta: '/var/www/Cosaif/uploads/incidentes/2025/06/09',
  level: 'info',
  message: 'Imagenes procesadas y guardadas',
  timestamp: '2025-06-09 19:51:59'
}
{
  service: 'IncidenteModel',
  module: 'Movimientos/Incidente',
  movimientoId: 57,
  empresaId: 1,
  rondaOriginal: 1,
  ordenOriginal: 2,
  localidadId: 1,
  prioridad: 'BAJA',
  tipoMovimiento: 'MD_TRABAJANDO',
  level: 'info',
  message: 'Iniciando reorganizaci�n por incidente',
  timestamp: '2025-06-09 19:51:59'
}
{
  service: 'IncidenteModel',
  module: 'Movimientos/Incidente',
  movimientoId: 57,
  rondaNumero: 2,
  posicion: 1,
  nuevaRonda: false,
  level: 'info',
  message: 'Movimiento ALTA insertado en ronda',
  timestamp: '2025-06-09 19:51:59'
}
{
  service: 'IncidenteModel',
  module: 'Movimientos/Incidente',
  movimientoId: 57,
  rondaNumero: 3,
  posicion: 1,
  nuevaRonda: false,
  level: 'info',
  message: 'Movimiento ALTA insertado en ronda',
  timestamp: '2025-06-09 19:51:59'
}
{
  service: 'IncidenteModel',
  module: 'Movimientos/Incidente',
  movimientoId: 57,
  rondaNumero: 4,
  posicion: 1,
  nuevaRonda: false,
  level: 'info',
  message: 'Movimiento ALTA insertado en ronda',
  timestamp: '2025-06-09 19:51:59'
}
{
  service: 'IncidenteModel',
  module: 'Movimientos/Incidente',
  movimientoId: 57,
  rondaNumero: 5,
  posicion: 1,
  nuevaRonda: false,
  level: 'info',
  message: 'Movimiento ALTA insertado en ronda',
  timestamp: '2025-06-09 19:51:59'
}
{
  service: 'IncidenteModel',
  module: 'Movimientos/Incidente',
  movimientoId: 57,
  rondaNumero: 6,
  posicion: 1,
  nuevaRonda: false,
  level: 'info',
  message: 'Movimiento ALTA insertado en ronda',
  timestamp: '2025-06-09 19:51:59'
}
{
  service: 'IncidenteModel',
  module: 'Movimientos/Incidente',
  movimientoId: 57,
  rondaNumero: 7,
  posicion: 1,
  nuevaRonda: false,
  level: 'info',
  message: 'Movimiento ALTA insertado en ronda',
  timestamp: '2025-06-09 19:51:59'
}
{
  service: 'IncidenteModel',
  module: 'Movimientos/Incidente',
  movimientoId: 57,
  rondaNumero: 8,
  posicion: 1,
  nuevaRonda: false,
  level: 'info',
  message: 'Movimiento ALTA insertado en ronda',
  timestamp: '2025-06-09 19:51:59'
}
{
  service: 'IncidenteModel',
  module: 'Movimientos/Incidente',
  movimientoId: 57,
  rondaNumero: 9,
  posicion: 3,
  nuevaRonda: true,
  level: 'info',
  message: 'Movimiento ALTA insertado en ronda',
  timestamp: '2025-06-09 19:51:59'
}
{
  service: 'IncidenteModel',
  module: 'Movimientos/Incidente',
  incidenteId: 36,
  movimientoId: 57,
  empresaId: 1,
  localidadId: 1,
  imagenesGuardadas: 1,
  level: 'info',
  message: 'Incidente creado y procesado',
  timestamp: '2025-06-09 19:51:59'
}
{
  service: 'IncidenteModel',
  module: 'Movimientos/Incidente',
  incidenteId: 37,
  cantidad: 1,
  carpeta: '/var/www/Cosaif/uploads/incidentes/2025/06/09',
  level: 'info',
  message: 'Imagenes procesadas y guardadas',
  timestamp: '2025-06-09 19:53:18'
}
{
  service: 'IncidenteModel',
  module: 'Movimientos/Incidente',
  movimientoId: 88,
  empresaId: 4,
  rondaOriginal: 1,
  ordenOriginal: 2,
  localidadId: 1,
  prioridad: 'BAJA',
  tipoMovimiento: 'MD_TRABAJANDO',
  level: 'info',
  message: 'Iniciando reorganizaci�n por incidente',
  timestamp: '2025-06-09 19:53:18'
}
{
  service: 'IncidenteModel',
  module: 'Movimientos/Incidente',
  movimientoId: 88,
  rondaNumero: 2,
  posicion: 1,
  nuevaRonda: false,
  level: 'info',
  message: 'Movimiento ALTA insertado en ronda',
  timestamp: '2025-06-09 19:53:18'
}
{
  service: 'IncidenteModel',
  module: 'Movimientos/Incidente',
  movimientoId: 88,
  rondaNumero: 3,
  posicion: 1,
  nuevaRonda: false,
  level: 'info',
  message: 'Movimiento ALTA insertado en ronda',
  timestamp: '2025-06-09 19:53:18'
}
{
  service: 'IncidenteModel',
  module: 'Movimientos/Incidente',
  movimientoId: 88,
  rondaNumero: 4,
  posicion: 1,
  nuevaRonda: false,
  level: 'info',
  message: 'Movimiento ALTA insertado en ronda',
  timestamp: '2025-06-09 19:53:18'
}
{
  service: 'IncidenteModel',
  module: 'Movimientos/Incidente',
  movimientoId: 88,
  rondaNumero: 5,
  posicion: 1,
  nuevaRonda: false,
  level: 'info',
  message: 'Movimiento ALTA insertado en ronda',
  timestamp: '2025-06-09 19:53:18'
}
{
  service: 'IncidenteModel',
  module: 'Movimientos/Incidente',
  movimientoId: 88,
  rondaNumero: 6,
  posicion: 1,
  nuevaRonda: false,
  level: 'info',
  message: 'Movimiento ALTA insertado en ronda',
  timestamp: '2025-06-09 19:53:18'
}
{
  service: 'IncidenteModel',
  module: 'Movimientos/Incidente',
  movimientoId: 88,
  rondaNumero: 7,
  posicion: 1,
  nuevaRonda: false,
  level: 'info',
  message: 'Movimiento ALTA insertado en ronda',
  timestamp: '2025-06-09 19:53:18'
}
{
  service: 'IncidenteModel',
  module: 'Movimientos/Incidente',
  movimientoId: 88,
  rondaNumero: 8,
  posicion: 4,
  nuevaRonda: true,
  level: 'info',
  message: 'Movimiento ALTA insertado en ronda',
  timestamp: '2025-06-09 19:53:18'
}
{
  service: 'IncidenteModel',
  module: 'Movimientos/Incidente',
  incidenteId: 37,
  movimientoId: 88,
  empresaId: 4,
  localidadId: 1,
  imagenesGuardadas: 1,
  level: 'info',
  message: 'Incidente creado y procesado',
  timestamp: '2025-06-09 19:53:19'
}
{
  service: 'IncidenteModel',
  module: 'Movimientos/Incidente',
  incidenteId: 38,
  cantidad: 1,
  carpeta: '/var/www/Cosaif/uploads/incidentes/2025/06/09',
  level: 'info',
  message: 'Imagenes procesadas y guardadas',
  timestamp: '2025-06-09 19:58:59'
}
{
  service: 'IncidenteModel',
  module: 'Movimientos/Incidente',
  movimientoId: 88,
  empresaId: 4,
  rondaOriginal: 8,
  ordenOriginal: 4,
  localidadId: 1,
  prioridad: 'BAJA',
  tipoMovimiento: 'MD_TRABAJANDO',
  level: 'info',
  message: 'Iniciando reorganizaci�n por incidente',
  timestamp: '2025-06-09 19:58:59'
}
{
  service: 'IncidenteModel',
  module: 'Movimientos/Incidente',
  movimientoId: 88,
  empresaId: 4,
  totalMovimientos: 1,
  desdeRonda: 8,
  level: 'info',
  message: 'Iniciando efecto domin� para BAJA',
  timestamp: '2025-06-09 19:58:59'
}
{
  service: 'IncidenteModel',
  module: 'Movimientos/Incidente',
  movimientoId: 88,
  rondaNumero: 9,
  posicion: 3,
  level: 'info',
  message: 'Movimiento insertado en ronda',
  timestamp: '2025-06-09 19:58:59'
}
{
  service: 'IncidenteModel',
  module: 'Movimientos/Incidente',
  movimientoId: 88,
  empresaId: 4,
  movimientosReorganizados: 1,
  level: 'info',
  message: 'Efecto domin� completado',
  timestamp: '2025-06-09 19:58:59'
}
{
  service: 'IncidenteModel',
  module: 'Movimientos/Incidente',
  incidenteId: 38,
  movimientoId: 88,
  empresaId: 4,
  localidadId: 1,
  imagenesGuardadas: 1,
  level: 'info',
  message: 'Incidente creado y procesado',
  timestamp: '2025-06-09 19:59:00'
}
{
  service: 'IncidenteModel',
  module: 'Movimientos/Incidente',
  incidenteId: 39,
  cantidad: 1,
  carpeta: '/var/www/Cosaif/uploads/incidentes/2025/06/09',
  level: 'info',
  message: 'Imagenes procesadas y guardadas',
  timestamp: '2025-06-09 20:09:23'
}
{
  service: 'IncidenteModel',
  module: 'Movimientos/Incidente',
  movimientoId: 29,
  empresaId: 2,
  rondaOriginal: 1,
  ordenOriginal: 1,
  localidadId: 1,
  prioridad: 'BAJA',
  tipoMovimiento: 'MD_TRABAJANDO',
  level: 'info',
  message: 'Iniciando reorganizaci�n por incidente',
  timestamp: '2025-06-09 20:09:23'
}
{
  service: 'IncidenteModel',
  module: 'Movimientos/Incidente',
  movimientoId: 29,
  rondaNumero: 2,
  posicion: 1,
  nuevaRonda: false,
  level: 'info',
  message: 'Movimiento ALTA insertado en ronda',
  timestamp: '2025-06-09 20:09:23'
}
{
  service: 'IncidenteModel',
  module: 'Movimientos/Incidente',
  movimientoId: 29,
  rondaNumero: 3,
  posicion: 1,
  nuevaRonda: false,
  level: 'info',
  message: 'Movimiento ALTA insertado en ronda',
  timestamp: '2025-06-09 20:09:23'
}
{
  service: 'IncidenteModel',
  module: 'Movimientos/Incidente',
  movimientoId: 29,
  rondaNumero: 4,
  posicion: 1,
  nuevaRonda: false,
  level: 'info',
  message: 'Movimiento ALTA insertado en ronda',
  timestamp: '2025-06-09 20:09:23'
}
{
  service: 'IncidenteModel',
  module: 'Movimientos/Incidente',
  movimientoId: 29,
  rondaNumero: 5,
  posicion: 1,
  nuevaRonda: false,
  level: 'info',
  message: 'Movimiento ALTA insertado en ronda',
  timestamp: '2025-06-09 20:09:23'
}
{
  service: 'IncidenteModel',
  module: 'Movimientos/Incidente',
  movimientoId: 29,
  rondaNumero: 6,
  posicion: 1,
  nuevaRonda: false,
  level: 'info',
  message: 'Movimiento ALTA insertado en ronda',
  timestamp: '2025-06-09 20:09:23'
}
{
  service: 'IncidenteModel',
  module: 'Movimientos/Incidente',
  movimientoId: 29,
  rondaNumero: 7,
  posicion: 1,
  nuevaRonda: false,
  level: 'info',
  message: 'Movimiento ALTA insertado en ronda',
  timestamp: '2025-06-09 20:09:23'
}
{
  service: 'IncidenteModel',
  module: 'Movimientos/Incidente',
  movimientoId: 29,
  rondaNumero: 8,
  posicion: 1,
  nuevaRonda: false,
  level: 'info',
  message: 'Movimiento ALTA insertado en ronda',
  timestamp: '2025-06-09 20:09:23'
}
{
  service: 'IncidenteModel',
  module: 'Movimientos/Incidente',
  movimientoId: 29,
  rondaNumero: 9,
  posicion: 1,
  nuevaRonda: false,
  level: 'info',
  message: 'Movimiento ALTA insertado en ronda',
  timestamp: '2025-06-09 20:09:23'
}
{
  service: 'IncidenteModel',
  module: 'Movimientos/Incidente',
  movimientoId: 29,
  rondaNumero: 10,
  posicion: 1,
  nuevaRonda: false,
  level: 'info',
  message: 'Movimiento ALTA insertado en ronda',
  timestamp: '2025-06-09 20:09:23'
}
{
  service: 'IncidenteModel',
  module: 'Movimientos/Incidente',
  movimientoId: 29,
  rondaNumero: 11,
  posicion: 1,
  nuevaRonda: false,
  level: 'info',
  message: 'Movimiento ALTA insertado en ronda',
  timestamp: '2025-06-09 20:09:23'
}
{
  service: 'IncidenteModel',
  module: 'Movimientos/Incidente',
  movimientoId: 29,
  rondaNumero: 12,
  posicion: 1,
  nuevaRonda: false,
  level: 'info',
  message: 'Movimiento ALTA insertado en ronda',
  timestamp: '2025-06-09 20:09:23'
}
{
  service: 'IncidenteModel',
  module: 'Movimientos/Incidente',
  movimientoId: 29,
  rondaNumero: 13,
  posicion: 1,
  nuevaRonda: false,
  level: 'info',
  message: 'Movimiento ALTA insertado en ronda',
  timestamp: '2025-06-09 20:09:23'
}
{
  service: 'IncidenteModel',
  module: 'Movimientos/Incidente',
  movimientoId: 29,
  rondaNumero: 14,
  posicion: 1,
  nuevaRonda: false,
  level: 'info',
  message: 'Movimiento ALTA insertado en ronda',
  timestamp: '2025-06-09 20:09:23'
}
{
  service: 'IncidenteModel',
  module: 'Movimientos/Incidente',
  movimientoId: 29,
  rondaNumero: 15,
  posicion: 1,
  nuevaRonda: false,
  level: 'info',
  message: 'Movimiento ALTA insertado en ronda',
  timestamp: '2025-06-09 20:09:23'
}
{
  service: 'IncidenteModel',
  module: 'Movimientos/Incidente',
  movimientoId: 29,
  rondaNumero: 16,
  posicion: 1,
  nuevaRonda: false,
  level: 'info',
  message: 'Movimiento ALTA insertado en ronda',
  timestamp: '2025-06-09 20:09:23'
}
{
  service: 'IncidenteModel',
  module: 'Movimientos/Incidente',
  movimientoId: 29,
  rondaNumero: 17,
  posicion: 1,
  nuevaRonda: false,
  level: 'info',
  message: 'Movimiento ALTA insertado en ronda',
  timestamp: '2025-06-09 20:09:23'
}
{
  service: 'IncidenteModel',
  module: 'Movimientos/Incidente',
  movimientoId: 29,
  rondaNumero: 18,
  posicion: 1,
  nuevaRonda: false,
  level: 'info',
  message: 'Movimiento ALTA insertado en ronda',
  timestamp: '2025-06-09 20:09:23'
}
{
  service: 'IncidenteModel',
  module: 'Movimientos/Incidente',
  movimientoId: 29,
  rondaNumero: 19,
  posicion: 1,
  nuevaRonda: false,
  level: 'info',
  message: 'Movimiento ALTA insertado en ronda',
  timestamp: '2025-06-09 20:09:23'
}
{
  service: 'IncidenteModel',
  module: 'Movimientos/Incidente',
  movimientoId: 29,
  rondaNumero: 20,
  posicion: 1,
  nuevaRonda: false,
  level: 'info',
  message: 'Movimiento ALTA insertado en ronda',
  timestamp: '2025-06-09 20:09:23'
}
{
  service: 'IncidenteModel',
  module: 'Movimientos/Incidente',
  movimientoId: 29,
  rondaNumero: 21,
  posicion: 1,
  nuevaRonda: false,
  level: 'info',
  message: 'Movimiento ALTA insertado en ronda',
  timestamp: '2025-06-09 20:09:23'
}
{
  service: 'IncidenteModel',
  module: 'Movimientos/Incidente',
  movimientoId: 29,
  rondaNumero: 22,
  posicion: 1,
  nuevaRonda: false,
  level: 'info',
  message: 'Movimiento ALTA insertado en ronda',
  timestamp: '2025-06-09 20:09:23'
}
{
  service: 'IncidenteModel',
  module: 'Movimientos/Incidente',
  movimientoId: 29,
  rondaNumero: 23,
  posicion: 1,
  nuevaRonda: false,
  level: 'info',
  message: 'Movimiento ALTA insertado en ronda',
  timestamp: '2025-06-09 20:09:23'
}
{
  service: 'IncidenteModel',
  module: 'Movimientos/Incidente',
  movimientoId: 29,
  rondaNumero: 24,
  posicion: 1,
  nuevaRonda: false,
  level: 'info',
  message: 'Movimiento ALTA insertado en ronda',
  timestamp: '2025-06-09 20:09:23'
}
{
  service: 'IncidenteModel',
  module: 'Movimientos/Incidente',
  movimientoId: 29,
  rondaNumero: 25,
  posicion: 1,
  nuevaRonda: false,
  level: 'info',
  message: 'Movimiento ALTA insertado en ronda',
  timestamp: '2025-06-09 20:09:23'
}
{
  service: 'IncidenteModel',
  module: 'Movimientos/Incidente',
  movimientoId: 29,
  rondaNumero: 26,
  posicion: 1,
  nuevaRonda: false,
  level: 'info',
  message: 'Movimiento ALTA insertado en ronda',
  timestamp: '2025-06-09 20:09:23'
}
{
  service: 'IncidenteModel',
  module: 'Movimientos/Incidente',
  movimientoId: 29,
  rondaNumero: 27,
  posicion: 1,
  nuevaRonda: false,
  level: 'info',
  message: 'Movimiento ALTA insertado en ronda',
  timestamp: '2025-06-09 20:09:23'
}
{
  service: 'IncidenteModel',
  module: 'Movimientos/Incidente',
  movimientoId: 29,
  rondaNumero: 28,
  posicion: 1,
  nuevaRonda: false,
  level: 'info',
  message: 'Movimiento ALTA insertado en ronda',
  timestamp: '2025-06-09 20:09:23'
}
{
  service: 'IncidenteModel',
  module: 'Movimientos/Incidente',
  movimientoId: 29,
  rondaNumero: 29,
  posicion: 1,
  nuevaRonda: false,
  level: 'info',
  message: 'Movimiento ALTA insertado en ronda',
  timestamp: '2025-06-09 20:09:23'
}
{
  service: 'IncidenteModel',
  module: 'Movimientos/Incidente',
  movimientoId: 29,
  rondaNumero: 30,
  posicion: 1,
  nuevaRonda: false,
  level: 'info',
  message: 'Movimiento ALTA insertado en ronda',
  timestamp: '2025-06-09 20:09:23'
}
{
  service: 'IncidenteModel',
  module: 'Movimientos/Incidente',
  movimientoId: 29,
  rondaNumero: 31,
  posicion: 1,
  nuevaRonda: false,
  level: 'info',
  message: 'Movimiento ALTA insertado en ronda',
  timestamp: '2025-06-09 20:09:23'
}
{
  service: 'IncidenteModel',
  module: 'Movimientos/Incidente',
  movimientoId: 29,
  rondaNumero: 32,
  posicion: 1,
  nuevaRonda: false,
  level: 'info',
  message: 'Movimiento ALTA insertado en ronda',
  timestamp: '2025-06-09 20:09:23'
}
{
  service: 'IncidenteModel',
  module: 'Movimientos/Incidente',
  movimientoId: 29,
  rondaNumero: 33,
  posicion: 1,
  nuevaRonda: false,
  level: 'info',
  message: 'Movimiento ALTA insertado en ronda',
  timestamp: '2025-06-09 20:09:23'
}
{
  service: 'IncidenteModel',
  module: 'Movimientos/Incidente',
  movimientoId: 29,
  rondaNumero: 34,
  posicion: 1,
  nuevaRonda: false,
  level: 'info',
  message: 'Movimiento ALTA insertado en ronda',
  timestamp: '2025-06-09 20:09:23'
}
{
  service: 'IncidenteModel',
  module: 'Movimientos/Incidente',
  movimientoId: 29,
  rondaNumero: 35,
  posicion: 1,
  nuevaRonda: false,
  level: 'info',
  message: 'Movimiento ALTA insertado en ronda',
  timestamp: '2025-06-09 20:09:23'
}
{
  service: 'IncidenteModel',
  module: 'Movimientos/Incidente',
  movimientoId: 29,
  rondaNumero: 36,
  posicion: 1,
  nuevaRonda: false,
  level: 'info',
  message: 'Movimiento ALTA insertado en ronda',
  timestamp: '2025-06-09 20:09:23'
}
{
  service: 'IncidenteModel',
  module: 'Movimientos/Incidente',
  movimientoId: 29,
  rondaNumero: 37,
  posicion: 1,
  nuevaRonda: false,
  level: 'info',
  message: 'Movimiento ALTA insertado en ronda',
  timestamp: '2025-06-09 20:09:23'
}
{
  service: 'IncidenteModel',
  module: 'Movimientos/Incidente',
  movimientoId: 29,
  rondaNumero: 38,
  posicion: 1,
  nuevaRonda: false,
  level: 'info',
  message: 'Movimiento ALTA insertado en ronda',
  timestamp: '2025-06-09 20:09:23'
}
{
  service: 'IncidenteModel',
  module: 'Movimientos/Incidente',
  movimientoId: 29,
  rondaNumero: 39,
  posicion: 1,
  nuevaRonda: false,
  level: 'info',
  message: 'Movimiento ALTA insertado en ronda',
  timestamp: '2025-06-09 20:09:23'
}
{
  service: 'IncidenteModel',
  module: 'Movimientos/Incidente',
  movimientoId: 29,
  rondaNumero: 40,
  posicion: 1,
  nuevaRonda: false,
  level: 'info',
  message: 'Movimiento ALTA insertado en ronda',
  timestamp: '2025-06-09 20:09:23'
}
{
  service: 'IncidenteModel',
  module: 'Movimientos/Incidente',
  movimientoId: 29,
  rondaNumero: 41,
  posicion: 1,
  nuevaRonda: false,
  level: 'info',
  message: 'Movimiento ALTA insertado en ronda',
  timestamp: '2025-06-09 20:09:23'
}
{
  service: 'IncidenteModel',
  module: 'Movimientos/Incidente',
  movimientoId: 29,
  rondaNumero: 42,
  posicion: 1,
  nuevaRonda: true,
  level: 'info',
  message: 'Movimiento ALTA insertado en ronda',
  timestamp: '2025-06-09 20:09:23'
}
{
  service: 'IncidenteModel',
  module: 'Movimientos/Incidente',
  incidenteId: 39,
  movimientoId: 29,
  empresaId: 2,
  localidadId: 1,
  imagenesGuardadas: 1,
  level: 'info',
  message: 'Incidente creado y procesado',
  timestamp: '2025-06-09 20:09:24'
}
{
  service: 'IncidenteModel',
  module: 'Movimientos/Incidente',
  incidenteId: 40,
  cantidad: 1,
  carpeta: '/var/www/Cosaif/uploads/incidentes/2025/06/09',
  level: 'info',
  message: 'Imagenes procesadas y guardadas',
  timestamp: '2025-06-09 21:18:23'
}
{
  service: 'IncidenteModel',
  module: 'Movimientos/Incidente',
  movimientoId: 55,
  empresaId: 3,
  rondaOriginal: 1,
  localidadId: 1,
  prioridad: 'BAJA',
  level: 'info',
  message: 'Iniciando reorganizaci�n por incidente',
  timestamp: '2025-06-09 21:18:23'
}
{
  service: 'IncidenteModel',
  module: 'Movimientos/Incidente',
  movimientoId: 55,
  rondaNumero: 1,
  posicionOriginal: 2,
  posicionFinal: 4,
  level: 'info',
  message: 'Movimiento movido al final de la ronda',
  timestamp: '2025-06-09 21:18:23'
}
{
  service: 'IncidenteModel',
  module: 'Movimientos/Incidente',
  incidenteId: 40,
  movimientoId: 55,
  empresaId: 3,
  localidadId: 1,
  imagenesGuardadas: 1,
  level: 'info',
  message: 'Incidente creado y procesado',
  timestamp: '2025-06-09 21:18:24'
}
{
  service: 'IncidenteModel',
  module: 'Movimientos/Incidente',
  incidenteId: 41,
  cantidad: 1,
  carpeta: '/var/www/Cosaif/uploads/incidentes/2025/06/09',
  level: 'info',
  message: 'Imagenes procesadas y guardadas',
  timestamp: '2025-06-09 21:31:06'
}
{
  service: 'IncidenteModel',
  module: 'Movimientos/Incidente',
  movimientoId: 70,
  empresaId: 1,
  rondaOriginal: 1,
  localidadId: 1,
  prioridad: 'BAJA',
  level: 'info',
  message: 'Iniciando reorganizaci�n por incidente',
  timestamp: '2025-06-09 21:31:06'
}
{
  service: 'IncidenteModel',
  module: 'Movimientos/Incidente',
  movimientoId: 70,
  rondaNumero: 1,
  posicionOriginal: 1,
  posicionFinal: 3,
  level: 'info',
  message: 'Movimiento movido al final de la ronda',
  timestamp: '2025-06-09 21:31:06'
}
{
  service: 'IncidenteModel',
  module: 'Movimientos/Incidente',
  incidenteId: 41,
  movimientoId: 70,
  empresaId: 1,
  localidadId: 1,
  imagenesGuardadas: 1,
  level: 'info',
  message: 'Incidente creado y procesado',
  timestamp: '2025-06-09 21:31:06'
}
{
  service: 'IncidenteModel',
  module: 'Movimientos/Incidente',
  incidenteId: 42,
  cantidad: 1,
  carpeta: '/var/www/Cosaif/uploads/incidentes/2025/06/09',
  level: 'info',
  message: 'Imagenes procesadas y guardadas',
  timestamp: '2025-06-09 21:33:29'
}
{
  service: 'IncidenteModel',
  module: 'Movimientos/Incidente',
  movimientoId: 90,
  empresaId: 4,
  rondaOriginal: 1,
  localidadId: 1,
  prioridad: 'BAJA',
  level: 'info',
  message: 'Iniciando reorganizaci�n por incidente',
  timestamp: '2025-06-09 21:33:29'
}
{
  service: 'IncidenteModel',
  module: 'Movimientos/Incidente',
  movimientoId: 90,
  rondaNumero: 1,
  posicionOriginal: 1,
  posicionFinal: 2,
  level: 'info',
  message: 'Movimiento movido al final de la ronda',
  timestamp: '2025-06-09 21:33:29'
}
{
  service: 'IncidenteModel',
  module: 'Movimientos/Incidente',
  incidenteId: 42,
  movimientoId: 90,
  empresaId: 4,
  localidadId: 1,
  imagenesGuardadas: 1,
  level: 'info',
  message: 'Incidente creado y procesado',
  timestamp: '2025-06-09 21:33:29'
}
{
  service: 'IncidenteModel',
  module: 'Movimientos/Incidente',
  incidenteId: 43,
  cantidad: 1,
  carpeta: '/var/www/Cosaif/uploads/incidentes/2025/06/09',
  level: 'info',
  message: 'Imagenes procesadas y guardadas',
  timestamp: '2025-06-09 21:47:35'
}
{
  service: 'IncidenteModel',
  module: 'Movimientos/Incidente',
  movimientoId: 98,
  empresaId: 5,
  rondaOriginal: 1,
  localidadId: 1,
  prioridad: 'BAJA',
  level: 'info',
  message: 'Iniciando reorganizaci�n por incidente',
  timestamp: '2025-06-09 21:47:35'
}
{
  service: 'IncidenteModel',
  module: 'Movimientos/Incidente',
  movimientoId: 98,
  rondaNumero: 1,
  posicionOriginal: 1,
  posicionFinal: 1,
  level: 'info',
  message: 'Movimiento movido al final de la ronda',
  timestamp: '2025-06-09 21:47:35'
}
{
  service: 'IncidenteModel',
  module: 'Movimientos/Incidente',
  incidenteId: 43,
  movimientoId: 98,
  empresaId: 5,
  localidadId: 1,
  imagenesGuardadas: 1,
  level: 'info',
  message: 'Incidente creado y procesado',
  timestamp: '2025-06-09 21:47:36'
}
{
  service: 'IncidenteModel',
  module: 'Movimientos/Incidente',
  incidenteId: 44,
  cantidad: 1,
  carpeta: '/var/www/Cosaif/uploads/incidentes/2025/06/09',
  level: 'info',
  message: 'Imagenes procesadas y guardadas',
  timestamp: '2025-06-09 21:49:34'
}
{
  service: 'IncidenteModel',
  module: 'Movimientos/Incidente',
  movimientoId: 100,
  empresaId: 5,
  rondaOriginal: 1,
  localidadId: 1,
  prioridad: 'BAJA',
  level: 'info',
  message: 'Iniciando reorganizaci�n por incidente',
  timestamp: '2025-06-09 21:49:34'
}
{
  service: 'IncidenteModel',
  module: 'Movimientos/Incidente',
  movimientoId: 100,
  rondaNumero: 1,
  posicionOriginal: 2,
  posicionFinal: 4,
  level: 'info',
  message: 'Movimiento movido al final de la ronda',
  timestamp: '2025-06-09 21:49:34'
}
{
  service: 'IncidenteModel',
  module: 'Movimientos/Incidente',
  incidenteId: 44,
  movimientoId: 100,
  empresaId: 5,
  localidadId: 1,
  imagenesGuardadas: 1,
  level: 'info',
  message: 'Incidente creado y procesado',
  timestamp: '2025-06-09 21:49:34'
}
{
  service: 'IncidenteModel',
  module: 'Movimientos/Incidente',
  incidenteId: 45,
  cantidad: 1,
  carpeta: '/var/www/Cosaif/uploads/incidentes/2025/06/09',
  level: 'info',
  message: 'Imagenes procesadas y guardadas',
  timestamp: '2025-06-09 21:55:07'
}
{
  service: 'IncidenteModel',
  module: 'Movimientos/Incidente',
  movimientoId: 63,
  empresaId: 3,
  rondaOriginal: 1,
  localidadId: 1,
  prioridad: 'BAJA',
  level: 'info',
  message: 'Iniciando reorganizaci�n por incidente',
  timestamp: '2025-06-09 21:55:07'
}
{
  service: 'IncidenteModel',
  module: 'Movimientos/Incidente',
  movimientoId: 63,
  rondaNumero: 1,
  posicionOriginal: 2,
  posicionFinal: 3,
  level: 'info',
  message: 'Movimiento movido al final de la ronda',
  timestamp: '2025-06-09 21:55:07'
}
{
  service: 'IncidenteModel',
  module: 'Movimientos/Incidente',
  incidenteId: 45,
  movimientoId: 63,
  empresaId: 3,
  localidadId: 1,
  imagenesGuardadas: 1,
  level: 'info',
  message: 'Incidente creado y procesado',
  timestamp: '2025-06-09 21:55:07'
}
{
  service: 'IncidenteModel',
  module: 'Movimientos/Incidente',
  incidenteId: 46,
  cantidad: 1,
  carpeta: '/var/www/Cosaif/uploads/incidentes/2025/06/09',
  level: 'info',
  message: 'Imagenes procesadas y guardadas',
  timestamp: '2025-06-09 21:56:50'
}
{
  service: 'IncidenteModel',
  module: 'Movimientos/Incidente',
  movimientoId: 31,
  empresaId: 2,
  rondaOriginal: 1,
  localidadId: 1,
  prioridad: 'BAJA',
  level: 'info',
  message: 'Iniciando reorganizaci�n por incidente',
  timestamp: '2025-06-09 21:56:50'
}
{
  service: 'IncidenteModel',
  module: 'Movimientos/Incidente',
  movimientoId: 31,
  rondaNumero: 1,
  posicionOriginal: 1,
  posicionFinal: 5,
  level: 'info',
  message: 'Movimiento movido al final de la ronda',
  timestamp: '2025-06-09 21:56:50'
}
{
  service: 'IncidenteModel',
  module: 'Movimientos/Incidente',
  incidenteId: 46,
  movimientoId: 31,
  empresaId: 2,
  localidadId: 1,
  imagenesGuardadas: 1,
  level: 'info',
  message: 'Incidente creado y procesado',
  timestamp: '2025-06-09 21:56:51'
}
{
  service: 'IncidenteModel',
  module: 'Movimientos/Incidente',
  incidenteId: 47,
  cantidad: 1,
  carpeta: '/var/www/Cosaif/uploads/incidentes/2025/06/09',
  level: 'info',
  message: 'Imagenes procesadas y guardadas',
  timestamp: '2025-06-09 22:18:06'
}
{
  service: 'IncidenteModel',
  module: 'Movimientos/Incidente',
  movimientoId: 31,
  empresaId: 2,
  rondaOriginal: 1,
  localidadId: 1,
  prioridad: 'BAJA',
  level: 'info',
  message: 'Iniciando reorganizaci�n por incidente',
  timestamp: '2025-06-09 22:18:06'
}
{
  service: 'IncidenteModel',
  module: 'Movimientos/Incidente',
  movimientoId: 31,
  rondaNumero: 1,
  posicionOriginal: 1,
  posicionFinal: 5,
  level: 'info',
  message: 'Movimiento movido al final de la ronda',
  timestamp: '2025-06-09 22:18:06'
}
{
  service: 'IncidenteModel',
  module: 'Movimientos/Incidente',
  incidenteId: 47,
  movimientoId: 31,
  empresaId: 2,
  localidadId: 1,
  imagenesGuardadas: 1,
  level: 'info',
  message: 'Incidente creado y procesado',
  timestamp: '2025-06-09 22:18:07'
}
{
  service: 'IncidenteModel',
  module: 'Movimientos/Incidente',
  movimientoId: 31,
  empresaId: 2,
  rondaOriginal: 1,
  localidadId: 1,
  prioridad: 'BAJA',
  level: 'info',
  message: 'Iniciando reorganizaci�n por incidente',
  timestamp: '2025-06-09 22:18:12'
}
{
  service: 'IncidenteModel',
  module: 'Movimientos/Incidente',
  movimientoId: 31,
  rondaNumero: 1,
  posicionOriginal: 1,
  posicionFinal: 5,
  level: 'info',
  message: 'Movimiento movido al final de la ronda',
  timestamp: '2025-06-09 22:18:12'
}
{
  service: 'IncidenteModel',
  module: 'Movimientos/Incidente',
  movimientoId: 31,
  empresaId: 2,
  rondaOriginal: 1,
  localidadId: 1,
  prioridad: 'BAJA',
  level: 'info',
  message: 'Iniciando reorganizaci�n por incidente',
  timestamp: '2025-06-09 22:18:20'
}
{
  service: 'IncidenteModel',
  module: 'Movimientos/Incidente',
  movimientoId: 31,
  rondaNumero: 1,
  posicionOriginal: 1,
  posicionFinal: 5,
  level: 'info',
  message: 'Movimiento movido al final de la ronda',
  timestamp: '2025-06-09 22:18:20'
}
{
  service: 'IncidenteModel',
  module: 'Movimientos/Incidente',
  incidenteId: 48,
  cantidad: 1,
  carpeta: '/var/www/Cosaif/uploads/incidentes/2025/06/10',
  level: 'info',
  message: 'Imagenes procesadas y guardadas',
  timestamp: '2025-06-10 22:49:24'
}
{
  service: 'IncidenteModel',
  module: 'Movimientos/Incidente',
  movimientoId: 34,
  empresaId: 2,
  rondaOriginal: 1,
  localidadId: 1,
  prioridad: 'BAJA',
  level: 'info',
  message: 'Iniciando reorganizaci�n por incidente',
  timestamp: '2025-06-10 22:49:24'
}
{
  service: 'IncidenteModel',
  module: 'Movimientos/Incidente',
  movimientoId: 34,
  rondaNumero: 1,
  posicionOriginal: 3,
  posicionFinal: 3,
  level: 'info',
  message: 'Movimiento movido al final de la ronda',
  timestamp: '2025-06-10 22:49:24'
}
{
  service: 'IncidenteModel',
  module: 'Movimientos/Incidente',
  incidenteId: 48,
  movimientoId: 34,
  empresaId: 2,
  localidadId: 1,
  imagenesGuardadas: 1,
  level: 'info',
  message: 'Incidente creado y procesado',
  timestamp: '2025-06-10 22:49:25'
}
{
  service: 'IncidenteModel',
  module: 'Movimientos/Incidente',
  incidenteId: 49,
  cantidad: 1,
  carpeta: '/var/www/Cosaif/uploads/incidentes/2025/06/10',
  level: 'info',
  message: 'Imagenes procesadas y guardadas',
  timestamp: '2025-06-10 22:51:19'
}
{
  service: 'IncidenteModel',
  module: 'Movimientos/Incidente',
  movimientoId: 34,
  empresaId: 2,
  rondaOriginal: 1,
  localidadId: 1,
  prioridad: 'BAJA',
  level: 'info',
  message: 'Iniciando reorganizaci�n por incidente',
  timestamp: '2025-06-10 22:51:19'
}
{
  service: 'IncidenteModel',
  module: 'Movimientos/Incidente',
  movimientoId: 34,
  rondaNumero: 1,
  posicionOriginal: 1,
  posicionFinal: 3,
  level: 'info',
  message: 'Movimiento movido al final de la ronda',
  timestamp: '2025-06-10 22:51:19'
}
{
  service: 'IncidenteModel',
  module: 'Movimientos/Incidente',
  incidenteId: 49,
  movimientoId: 34,
  empresaId: 2,
  localidadId: 1,
  imagenesGuardadas: 1,
  level: 'info',
  message: 'Incidente creado y procesado',
  timestamp: '2025-06-10 22:51:19'
}
{
  service: 'IncidenteModel',
  module: 'Movimientos/Incidente',
  incidenteId: 50,
  cantidad: 1,
  carpeta: '/var/www/Cosaif/uploads/incidentes/2025/06/11',
  level: 'info',
  message: 'Imagenes procesadas y guardadas',
  timestamp: '2025-06-11 14:55:48'
}
{
  service: 'IncidenteModel',
  module: 'Movimientos/Incidente',
  movimientoId: 112,
  empresaId: 3,
  rondaOriginal: 1,
  localidadId: 1,
  prioridad: 'BAJA',
  level: 'info',
  message: 'Iniciando reorganizaci�n por incidente',
  timestamp: '2025-06-11 14:55:48'
}
{
  service: 'IncidenteModel',
  module: 'Movimientos/Incidente',
  movimientoId: 112,
  rondaNumero: 1,
  posicionOriginal: 2,
  posicionFinal: 2,
  level: 'info',
  message: 'Movimiento movido al final de la ronda',
  timestamp: '2025-06-11 14:55:48'
}
{
  service: 'IncidenteModel',
  module: 'Movimientos/Incidente',
  incidenteId: 50,
  movimientoId: 112,
  empresaId: 3,
  localidadId: 1,
  imagenesGuardadas: 1,
  level: 'info',
  message: 'Incidente creado y procesado',
  timestamp: '2025-06-11 14:55:49'
}
{
  service: 'IncidenteModel',
  module: 'Movimientos/Incidente',
  movimientoId: 112,
  empresaId: 3,
  rondaOriginal: 1,
  localidadId: 1,
  prioridad: 'BAJA',
  level: 'info',
  message: 'Iniciando reorganizaci�n por incidente',
  timestamp: '2025-06-11 14:56:11'
}
{
  service: 'IncidenteModel',
  module: 'Movimientos/Incidente',
  movimientoId: 112,
  rondaNumero: 1,
  posicionOriginal: 1,
  posicionFinal: 2,
  level: 'info',
  message: 'Movimiento movido al final de la ronda',
  timestamp: '2025-06-11 14:56:11'
}
{
  service: 'IncidenteModel',
  module: 'Movimientos/Incidente',
  movimientoId: 112,
  empresaId: 3,
  rondaOriginal: 1,
  localidadId: 1,
  prioridad: 'BAJA',
  level: 'info',
  message: 'Iniciando reorganizaci�n por incidente',
  timestamp: '2025-06-11 14:57:04'
}
{
  service: 'IncidenteModel',
  module: 'Movimientos/Incidente',
  movimientoId: 112,
  rondaNumero: 1,
  posicionOriginal: 1,
  posicionFinal: 2,
  level: 'info',
  message: 'Movimiento movido al final de la ronda',
  timestamp: '2025-06-11 14:57:04'
}
{
  service: 'IncidenteModel',
  module: 'Movimientos/Incidente',
  incidenteId: 51,
  cantidad: 1,
  carpeta: '/var/www/Cosaif/uploads/incidentes/2025/06/11',
  level: 'info',
  message: 'Imagenes procesadas y guardadas',
  timestamp: '2025-06-11 14:59:49'
}
{
  service: 'IncidenteModel',
  module: 'Movimientos/Incidente',
  movimientoId: 35,
  empresaId: 2,
  rondaOriginal: 1,
  localidadId: 1,
  prioridad: 'BAJA',
  level: 'info',
  message: 'Iniciando reorganizaci�n por incidente',
  timestamp: '2025-06-11 14:59:49'
}
{
  service: 'IncidenteModel',
  module: 'Movimientos/Incidente',
  movimientoId: 35,
  rondaNumero: 1,
  posicionOriginal: 2,
  posicionFinal: 3,
  level: 'info',
  message: 'Movimiento movido al final de la ronda',
  timestamp: '2025-06-11 14:59:49'
}
{
  service: 'IncidenteModel',
  module: 'Movimientos/Incidente',
  incidenteId: 51,
  movimientoId: 35,
  empresaId: 2,
  localidadId: 1,
  imagenesGuardadas: 1,
  level: 'info',
  message: 'Incidente creado y procesado',
  timestamp: '2025-06-11 14:59:50'
}
{
  service: 'IncidenteModel',
  module: 'Movimientos/Incidente',
  incidenteId: 52,
  cantidad: 1,
  carpeta: '/var/www/Cosaif/uploads/incidentes/2025/06/11',
  level: 'info',
  message: 'Imagenes procesadas y guardadas',
  timestamp: '2025-06-11 15:45:58'
}
{
  service: 'IncidenteModel',
  module: 'Movimientos/Incidente',
  incidenteId: 52,
  movimientoId: 241,
  empresaId: 2,
  localidadId: 1,
  imagenesGuardadas: 1,
  level: 'info',
  message: 'Incidente creado y procesado',
  timestamp: '2025-06-11 15:45:59'
}
{
  service: 'IncidenteModel',
  module: 'Movimientos/Incidente',
  incidenteId: 53,
  cantidad: 1,
  carpeta: '/var/www/Cosaif/uploads/incidentes/2025/06/11',
  level: 'info',
  message: 'Imagenes procesadas y guardadas',
  timestamp: '2025-06-11 15:54:04'
}
{
  service: 'IncidenteModel',
  module: 'Movimientos/Incidente',
  incidenteId: 53,
  movimientoId: 241,
  empresaId: 2,
  localidadId: 1,
  imagenesGuardadas: 1,
  level: 'info',
  message: 'Incidente creado y procesado',
  timestamp: '2025-06-11 15:54:05'
}
{
  service: 'IncidenteModel',
  module: 'Movimientos/Incidente',
  incidenteId: 54,
  movimientoId: 241,
  empresaId: 2,
  localidadId: 1,
  imagenesGuardadas: 0,
  level: 'info',
  message: 'Incidente creado y procesado',
  timestamp: '2025-06-11 17:15:17'
}
{
  service: 'IncidenteModel',
  module: 'Movimientos/Incidente',
  incidenteId: 55,
  cantidad: 1,
  carpeta: '/var/www/Cosaif/uploads/incidentes/2025/06/11',
  level: 'info',
  message: 'Imagenes procesadas y guardadas',
  timestamp: '2025-06-11 17:18:08'
}
{
  service: 'IncidenteModel',
  module: 'Movimientos/Incidente',
  incidenteId: 55,
  movimientoId: 241,
  empresaId: 2,
  localidadId: 1,
  imagenesGuardadas: 1,
  level: 'info',
  message: 'Incidente creado y procesado',
  timestamp: '2025-06-11 17:18:09'
}
{
  service: 'IncidenteModel',
  module: 'Movimientos/Incidente',
  incidenteId: 56,
  cantidad: 1,
  carpeta: '/var/www/Cosaif/uploads/incidentes/2025/06/11',
  level: 'info',
  message: 'Imagenes procesadas y guardadas',
  timestamp: '2025-06-11 22:10:13'
}
{
  service: 'IncidenteModel',
  module: 'Movimientos/Incidente',
  movimientoId: 149,
  empresaId: 5,
  rondaOriginal: 1,
  localidadId: 1,
  prioridad: 'BAJA',
  level: 'info',
  message: 'Iniciando reorganizaci�n por incidente',
  timestamp: '2025-06-11 22:10:13'
}
{
  service: 'IncidenteModel',
  module: 'Movimientos/Incidente',
  movimientoId: 149,
  rondaNumero: 1,
  posicionOriginal: 2,
  posicionFinal: 3,
  level: 'info',
  message: 'Movimiento movido al final de la ronda',
  timestamp: '2025-06-11 22:10:13'
}
{
  service: 'IncidenteModel',
  module: 'Movimientos/Incidente',
  incidenteId: 56,
  movimientoId: 149,
  empresaId: 5,
  localidadId: 1,
  imagenesGuardadas: 1,
  level: 'info',
  message: 'Incidente creado y procesado',
  timestamp: '2025-06-11 22:10:13'
}
{
  service: 'IncidenteModel',
  module: 'Movimientos/Incidente',
  movimientoId: 149,
  empresaId: 5,
  rondaOriginal: 1,
  localidadId: 1,
  prioridad: 'BAJA',
  level: 'info',
  message: 'Iniciando reorganizaci�n por incidente',
  timestamp: '2025-06-11 22:11:23'
}
{
  service: 'IncidenteModel',
  module: 'Movimientos/Incidente',
  movimientoId: 149,
  rondaNumero: 1,
  posicionOriginal: 1,
  posicionFinal: 3,
  level: 'info',
  message: 'Movimiento movido al final de la ronda',
  timestamp: '2025-06-11 22:11:23'
}
{
  service: 'IncidenteModel',
  module: 'Movimientos/Incidente',
  movimientoId: 149,
  empresaId: 5,
  rondaOriginal: 1,
  localidadId: 1,
  prioridad: 'BAJA',
  level: 'info',
  message: 'Iniciando reorganizaci�n por incidente',
  timestamp: '2025-06-11 22:11:26'
}
{
  service: 'IncidenteModel',
  module: 'Movimientos/Incidente',
  movimientoId: 149,
  rondaNumero: 1,
  posicionOriginal: 1,
  posicionFinal: 3,
  level: 'info',
  message: 'Movimiento movido al final de la ronda',
  timestamp: '2025-06-11 22:11:26'
}
{
  service: 'IncidenteModel',
  module: 'Movimientos/Incidente',
  incidenteId: 57,
  cantidad: 1,
  carpeta: '/var/www/Cosaif/uploads/incidentes/2025/06/11',
  level: 'info',
  message: 'Imagenes procesadas y guardadas',
  timestamp: '2025-06-11 22:12:28'
}
{
  service: 'IncidenteModel',
  module: 'Movimientos/Incidente',
  incidenteId: 57,
  movimientoId: 242,
  empresaId: 2,
  localidadId: 1,
  imagenesGuardadas: 1,
  level: 'info',
  message: 'Incidente creado y procesado',
  timestamp: '2025-06-11 22:12:29'
}
{
  service: 'IncidenteModel',
  module: 'Movimientos/Incidente',
  incidenteId: 58,
  cantidad: 1,
  carpeta: '/var/www/Cosaif/uploads/incidentes/2025/06/11',
  level: 'info',
  message: 'Imagenes procesadas y guardadas',
  timestamp: '2025-06-11 22:21:47'
}
{
  service: 'IncidenteModel',
  module: 'Movimientos/Incidente',
  movimientoId: 37,
  empresaId: 2,
  rondaOriginal: 1,
  localidadId: 1,
  prioridad: 'BAJA',
  level: 'info',
  message: 'Iniciando reorganizaci�n por incidente',
  timestamp: '2025-06-11 22:21:47'
}
{
  service: 'IncidenteModel',
  module: 'Movimientos/Incidente',
  movimientoId: 37,
  rondaNumero: 1,
  posicionOriginal: 1,
  posicionFinal: 4,
  level: 'info',
  message: 'Movimiento movido al final de la ronda',
  timestamp: '2025-06-11 22:21:47'
}
{
  service: 'IncidenteModel',
  module: 'Movimientos/Incidente',
  incidenteId: 58,
  movimientoId: 37,
  empresaId: 2,
  localidadId: 1,
  imagenesGuardadas: 1,
  level: 'info',
  message: 'Incidente creado y procesado',
  timestamp: '2025-06-11 22:21:48'
}
{
  service: 'IncidenteModel',
  module: 'Movimientos/Incidente',
  incidenteId: 59,
  cantidad: 1,
  carpeta: '/var/www/Cosaif/uploads/incidentes/2025/06/11',
  level: 'info',
  message: 'Imagenes procesadas y guardadas',
  timestamp: '2025-06-11 22:22:27'
}
{
  service: 'IncidenteModel',
  module: 'Movimientos/Incidente',
  movimientoId: 37,
  empresaId: 2,
  rondaOriginal: 1,
  localidadId: 1,
  prioridad: 'BAJA',
  level: 'info',
  message: 'Iniciando reorganizaci�n por incidente',
  timestamp: '2025-06-11 22:22:27'
}
{
  service: 'IncidenteModel',
  module: 'Movimientos/Incidente',
  movimientoId: 37,
  rondaNumero: 1,
  posicionOriginal: 1,
  posicionFinal: 4,
  level: 'info',
  message: 'Movimiento movido al final de la ronda',
  timestamp: '2025-06-11 22:22:27'
}
{
  service: 'IncidenteModel',
  module: 'Movimientos/Incidente',
  incidenteId: 59,
  movimientoId: 37,
  empresaId: 2,
  localidadId: 1,
  imagenesGuardadas: 1,
  level: 'info',
  message: 'Incidente creado y procesado',
  timestamp: '2025-06-11 22:22:28'
}
{
  service: 'IncidenteModel',
  module: 'Movimientos/Incidente',
  incidenteId: 60,
  cantidad: 1,
  carpeta: '/var/www/Cosaif/uploads/incidentes/2025/06/11',
  level: 'info',
  message: 'Imagenes procesadas y guardadas',
  timestamp: '2025-06-11 22:27:56'
}
{
  service: 'IncidenteModel',
  module: 'Movimientos/Incidente',
  movimientoId: 151,
  empresaId: 4,
  rondaOriginal: 1,
  localidadId: 1,
  prioridad: 'BAJA',
  level: 'info',
  message: 'Iniciando reorganizaci�n por incidente',
  timestamp: '2025-06-11 22:27:56'
}
{
  service: 'IncidenteModel',
  module: 'Movimientos/Incidente',
  movimientoId: 151,
  rondaNumero: 1,
  posicionOriginal: 2,
  posicionFinal: 3,
  level: 'info',
  message: 'Movimiento movido al final de la ronda',
  timestamp: '2025-06-11 22:27:56'
}
{
  service: 'IncidenteModel',
  module: 'Movimientos/Incidente',
  incidenteId: 60,
  movimientoId: 151,
  empresaId: 4,
  localidadId: 1,
  imagenesGuardadas: 1,
  level: 'info',
  message: 'Incidente creado y procesado',
  timestamp: '2025-06-11 22:27:57'
}
{
  service: 'IncidenteModel',
  module: 'Movimientos/Incidente',
  incidenteId: 61,
  cantidad: 1,
  carpeta: '/var/www/Cosaif/uploads/incidentes/2025/06/11',
  level: 'info',
  message: 'Imagenes procesadas y guardadas',
  timestamp: '2025-06-11 22:32:14'
}
{
  service: 'IncidenteModel',
  module: 'Movimientos/Incidente',
  movimientoId: 151,
  empresaId: 4,
  rondaOriginal: 1,
  localidadId: 1,
  prioridad: 'BAJA',
  level: 'info',
  message: 'Iniciando reorganizaci�n por incidente',
  timestamp: '2025-06-11 22:32:14'
}
{
  service: 'IncidenteModel',
  module: 'Movimientos/Incidente',
  movimientoId: 151,
  rondaNumero: 1,
  posicionOriginal: 1,
  posicionFinal: 3,
  level: 'info',
  message: 'Movimiento movido al final de la ronda',
  timestamp: '2025-06-11 22:32:14'
}
{
  service: 'IncidenteModel',
  module: 'Movimientos/Incidente',
  incidenteId: 61,
  movimientoId: 151,
  empresaId: 4,
  localidadId: 1,
  imagenesGuardadas: 1,
  level: 'info',
  message: 'Incidente creado y procesado',
  timestamp: '2025-06-11 22:32:15'
}
{
  service: 'IncidenteModel',
  module: 'Movimientos/Incidente',
  incidenteId: 62,
  cantidad: 1,
  carpeta: '/var/www/Cosaif/uploads/incidentes/2025/06/11',
  level: 'info',
  message: 'Imagenes procesadas y guardadas',
  timestamp: '2025-06-11 22:35:15'
}
{
  service: 'IncidenteModel',
  module: 'Movimientos/Incidente',
  movimientoId: 151,
  empresaId: 4,
  rondaOriginal: 1,
  localidadId: 1,
  prioridad: 'BAJA',
  level: 'info',
  message: 'Iniciando reorganizaci�n por incidente',
  timestamp: '2025-06-11 22:35:15'
}
{
  service: 'IncidenteModel',
  module: 'Movimientos/Incidente',
  movimientoId: 151,
  rondaNumero: 1,
  posicionOriginal: 1,
  posicionFinal: 3,
  level: 'info',
  message: 'Movimiento movido al final de la ronda',
  timestamp: '2025-06-11 22:35:15'
}
{
  service: 'IncidenteModel',
  module: 'Movimientos/Incidente',
  incidenteId: 62,
  movimientoId: 151,
  empresaId: 4,
  localidadId: 1,
  imagenesGuardadas: 1,
  level: 'info',
  message: 'Incidente creado y procesado',
  timestamp: '2025-06-11 22:35:16'
}
{
  service: 'IncidenteModel',
  module: 'Movimientos/Incidente',
  incidenteId: 63,
  cantidad: 1,
  carpeta: '/var/www/Cosaif/uploads/incidentes/2025/06/11',
  level: 'info',
  message: 'Imagenes procesadas y guardadas',
  timestamp: '2025-06-11 22:41:11'
}
{
  service: 'IncidenteModel',
  module: 'Movimientos/Incidente',
  movimientoId: 198,
  empresaId: 5,
  rondaOriginal: 1,
  localidadId: 1,
  prioridad: 'BAJA',
  level: 'info',
  message: 'Iniciando reorganizaci�n por incidente',
  timestamp: '2025-06-11 22:41:11'
}
{
  service: 'IncidenteModel',
  module: 'Movimientos/Incidente',
  movimientoId: 198,
  rondaNumero: 1,
  posicionOriginal: 2,
  posicionFinal: 2,
  level: 'info',
  message: 'Movimiento movido al final de la ronda',
  timestamp: '2025-06-11 22:41:11'
}
{
  service: 'IncidenteModel',
  module: 'Movimientos/Incidente',
  incidenteId: 63,
  movimientoId: 198,
  empresaId: 5,
  localidadId: 1,
  imagenesGuardadas: 1,
  level: 'info',
  message: 'Incidente creado y procesado',
  timestamp: '2025-06-11 22:41:11'
}
{
  service: 'IncidenteModel',
  module: 'Movimientos/Incidente',
  incidenteId: 64,
  cantidad: 1,
  carpeta: '/var/www/Cosaif/uploads/incidentes/2025/06/12',
  level: 'info',
  message: 'Imagenes procesadas y guardadas',
  timestamp: '2025-06-12 17:49:11'
}
{
  service: 'IncidenteModel',
  module: 'Movimientos/Incidente',
  incidenteId: 64,
  movimientoId: 243,
  empresaId: 2,
  localidadId: 1,
  imagenesGuardadas: 1,
  level: 'info',
  message: 'Incidente creado y procesado',
  timestamp: '2025-06-12 17:49:11'
}
{
  service: 'IncidenteModel',
  module: 'Movimientos/Incidente',
  incidenteId: 65,
  cantidad: 1,
  carpeta: '/var/www/Cosaif/uploads/incidentes/2025/06/12',
  level: 'info',
  message: 'Imagenes procesadas y guardadas',
  timestamp: '2025-06-12 18:06:54'
}
{
  service: 'IncidenteModel',
  module: 'Movimientos/Incidente',
  incidenteId: 65,
  movimientoId: 243,
  empresaId: 2,
  localidadId: 1,
  imagenesGuardadas: 1,
  level: 'info',
  message: 'Incidente creado y procesado',
  timestamp: '2025-06-12 18:06:55'
}
{
  service: 'IncidenteModel',
  module: 'Movimientos/Incidente',
  movimientoId: 243,
  empresaId: 2,
  rondaOriginal: 1,
  localidadId: 1,
  prioridad: 'ALTA',
  level: 'info',
  message: 'Iniciando reorganizaci�n por incidente',
  timestamp: '2025-06-12 18:09:07'
}
{
  service: 'IncidenteModel',
  module: 'Movimientos/Incidente',
  movimientoId: 243,
  rondaNumero: 1,
  posicionOriginal: 4,
  posicionFinal: 4,
  level: 'info',
  message: 'Movimiento movido al final de la ronda',
  timestamp: '2025-06-12 18:09:07'
}
{
  service: 'IncidenteModel',
  module: 'Movimientos/Incidente',
  movimientoId: 243,
  empresaId: 2,
  rondaOriginal: 1,
  localidadId: 1,
  prioridad: 'ALTA',
  level: 'info',
  message: 'Iniciando reorganizaci�n por incidente',
  timestamp: '2025-06-12 18:09:09'
}
{
  service: 'IncidenteModel',
  module: 'Movimientos/Incidente',
  movimientoId: 243,
  rondaNumero: 1,
  posicionOriginal: 2,
  posicionFinal: 4,
  level: 'info',
  message: 'Movimiento movido al final de la ronda',
  timestamp: '2025-06-12 18:09:09'
}
{
  service: 'IncidenteModel',
  module: 'Movimientos/Incidente',
  movimientoId: 243,
  empresaId: 2,
  rondaOriginal: 1,
  localidadId: 1,
  prioridad: 'ALTA',
  level: 'info',
  message: 'Iniciando reorganizaci�n por incidente',
  timestamp: '2025-06-12 18:09:53'
}
{
  service: 'IncidenteModel',
  module: 'Movimientos/Incidente',
  movimientoId: 243,
  rondaNumero: 1,
  posicionOriginal: 2,
  posicionFinal: 4,
  level: 'info',
  message: 'Movimiento movido al final de la ronda',
  timestamp: '2025-06-12 18:09:53'
}
{
  service: 'IncidenteModel',
  module: 'Movimientos/Incidente',
  movimientoId: 243,
  empresaId: 2,
  rondaOriginal: 1,
  localidadId: 1,
  prioridad: 'ALTA',
  level: 'info',
  message: 'Iniciando reorganizaci�n por incidente',
  timestamp: '2025-06-12 23:22:32'
}
{
  service: 'IncidenteModel',
  module: 'Movimientos/Incidente',
  movimientoId: 243,
  rondaNumero: 1,
  posicionOriginal: 4,
  posicionFinal: 4,
  level: 'info',
  message: 'Movimiento movido al final de la ronda',
  timestamp: '2025-06-12 23:22:32'
}
{
  service: 'IncidenteModel',
  module: 'Movimientos/Incidente',
  movimientoId: 243,
  empresaId: 2,
  rondaOriginal: 1,
  localidadId: 1,
  prioridad: 'ALTA',
  level: 'info',
  message: 'Iniciando reorganizaci�n por incidente',
  timestamp: '2025-06-12 23:22:46'
}
{
  service: 'IncidenteModel',
  module: 'Movimientos/Incidente',
  movimientoId: 243,
  rondaNumero: 1,
  posicionOriginal: 2,
  posicionFinal: 4,
  level: 'info',
  message: 'Movimiento movido al final de la ronda',
  timestamp: '2025-06-12 23:22:46'
}
{
  service: 'IncidenteModel',
  module: 'Movimientos/Incidente',
  movimientoId: 243,
  empresaId: 2,
  rondaOriginal: 1,
  localidadId: 1,
  prioridad: 'ALTA',
  level: 'info',
  message: 'Iniciando reorganizaci�n por incidente',
  timestamp: '2025-06-12 23:23:28'
}
{
  service: 'IncidenteModel',
  module: 'Movimientos/Incidente',
  movimientoId: 243,
  rondaNumero: 1,
  posicionOriginal: 2,
  posicionFinal: 4,
  level: 'info',
  message: 'Movimiento movido al final de la ronda',
  timestamp: '2025-06-12 23:23:28'
}
{
  service: 'IncidenteModel',
  module: 'Movimientos/Incidente',
  movimientoId: 243,
  empresaId: 2,
  rondaOriginal: 1,
  localidadId: 1,
  prioridad: 'ALTA',
  level: 'info',
  message: 'Iniciando reorganizaci�n por incidente',
  timestamp: '2025-06-12 23:24:35'
}
{
  service: 'IncidenteModel',
  module: 'Movimientos/Incidente',
  movimientoId: 243,
  rondaNumero: 1,
  posicionOriginal: 4,
  posicionFinal: 4,
  level: 'info',
  message: 'Movimiento movido al final de la ronda',
  timestamp: '2025-06-12 23:24:35'
}
{
  service: 'IncidenteModel',
  module: 'Movimientos/Incidente',
  movimientoId: 243,
  empresaId: 2,
  rondaOriginal: 1,
  localidadId: 1,
  prioridad: 'ALTA',
  level: 'info',
  message: 'Iniciando reorganizaci�n por incidente',
  timestamp: '2025-06-12 23:24:50'
}
{
  service: 'IncidenteModel',
  module: 'Movimientos/Incidente',
  movimientoId: 243,
  rondaNumero: 1,
  posicionOriginal: 2,
  posicionFinal: 4,
  level: 'info',
  message: 'Movimiento movido al final de la ronda',
  timestamp: '2025-06-12 23:24:50'
}
{
  service: 'IncidenteModel',
  module: 'Movimientos/Incidente',
  movimientoId: 243,
  empresaId: 2,
  rondaOriginal: 1,
  localidadId: 1,
  prioridad: 'ALTA',
  level: 'info',
  message: 'Iniciando reorganizaci�n por incidente',
  timestamp: '2025-06-12 23:26:39'
}
{
  service: 'IncidenteModel',
  module: 'Movimientos/Incidente',
  movimientoId: 243,
  rondaNumero: 1,
  posicionOriginal: 4,
  posicionFinal: 4,
  level: 'info',
  message: 'Movimiento movido al final de la ronda',
  timestamp: '2025-06-12 23:26:39'
}
{
  service: 'IncidenteModel',
  module: 'Movimientos/Incidente',
  incidenteId: 66,
  cantidad: 1,
  carpeta: '/var/www/Cosaif/uploads/incidentes/2025/06/12',
  level: 'info',
  message: 'Imagenes procesadas y guardadas',
  timestamp: '2025-06-12 23:27:24'
}
{
  service: 'IncidenteModel',
  module: 'Movimientos/Incidente',
  movimientoId: 217,
  empresaId: 5,
  rondaOriginal: 1,
  localidadId: 1,
  prioridad: 'BAJA',
  level: 'info',
  message: 'Iniciando reorganizaci�n por incidente',
  timestamp: '2025-06-12 23:27:24'
}
{
  service: 'IncidenteModel',
  module: 'Movimientos/Incidente',
  movimientoId: 217,
  rondaNumero: 1,
  posicionOriginal: 1,
  posicionFinal: 4,
  level: 'info',
  message: 'Movimiento movido al final de la ronda',
  timestamp: '2025-06-12 23:27:24'
}
{
  service: 'IncidenteModel',
  module: 'Movimientos/Incidente',
  incidenteId: 66,
  movimientoId: 217,
  empresaId: 5,
  localidadId: 1,
  imagenesGuardadas: 1,
  level: 'info',
  message: 'Incidente creado y procesado',
  timestamp: '2025-06-12 23:27:24'
}
{
  service: 'IncidenteModel',
  module: 'Movimientos/Incidente',
  incidenteId: 67,
  cantidad: 1,
  carpeta: '/var/www/Cosaif/uploads/incidentes/2025/06/12',
  level: 'info',
  message: 'Imagenes procesadas y guardadas',
  timestamp: '2025-06-12 23:27:50'
}
{
  service: 'IncidenteModel',
  module: 'Movimientos/Incidente',
  movimientoId: 217,
  empresaId: 5,
  rondaOriginal: 1,
  localidadId: 1,
  prioridad: 'BAJA',
  level: 'info',
  message: 'Iniciando reorganizaci�n por incidente',
  timestamp: '2025-06-12 23:27:50'
}
{
  service: 'IncidenteModel',
  module: 'Movimientos/Incidente',
  movimientoId: 217,
  rondaNumero: 1,
  posicionOriginal: 1,
  posicionFinal: 4,
  level: 'info',
  message: 'Movimiento movido al final de la ronda',
  timestamp: '2025-06-12 23:27:50'
}
{
  service: 'IncidenteModel',
  module: 'Movimientos/Incidente',
  incidenteId: 67,
  movimientoId: 217,
  empresaId: 5,
  localidadId: 1,
  imagenesGuardadas: 1,
  level: 'info',
  message: 'Incidente creado y procesado',
  timestamp: '2025-06-12 23:27:50'
}
{
  service: 'IncidenteModel',
  module: 'Movimientos/Incidente',
  incidenteId: 68,
  cantidad: 1,
  carpeta: '/var/www/Cosaif/uploads/incidentes/2025/06/12',
  level: 'info',
  message: 'Imagenes procesadas y guardadas',
  timestamp: '2025-06-12 23:30:34'
}
{
  service: 'IncidenteModel',
  module: 'Movimientos/Incidente',
  movimientoId: 217,
  empresaId: 5,
  rondaOriginal: 1,
  localidadId: 1,
  prioridad: 'BAJA',
  level: 'info',
  message: 'Iniciando reorganizaci�n por incidente',
  timestamp: '2025-06-12 23:30:34'
}
{
  service: 'IncidenteModel',
  module: 'Movimientos/Incidente',
  movimientoId: 217,
  rondaNumero: 1,
  posicionOriginal: 1,
  posicionFinal: 4,
  level: 'info',
  message: 'Movimiento movido al final de la ronda',
  timestamp: '2025-06-12 23:30:34'
}
{
  service: 'IncidenteModel',
  module: 'Movimientos/Incidente',
  incidenteId: 68,
  movimientoId: 217,
  empresaId: 5,
  localidadId: 1,
  imagenesGuardadas: 1,
  level: 'info',
  message: 'Incidente creado y procesado',
  timestamp: '2025-06-12 23:30:34'
}
{
  service: 'IncidenteModel',
  module: 'Movimientos/Incidente',
  movimientoId: 243,
  empresaId: 2,
  rondaOriginal: 1,
  localidadId: 1,
  prioridad: 'ALTA',
  level: 'info',
  message: 'Iniciando reorganizaci�n por incidente',
  timestamp: '2025-06-12 23:34:15'
}
{
  service: 'IncidenteModel',
  module: 'Movimientos/Incidente',
  movimientoId: 243,
  rondaNumero: 1,
  posicionOriginal: 2,
  posicionFinal: 4,
  level: 'info',
  message: 'Movimiento movido al final de la ronda',
  timestamp: '2025-06-12 23:34:15'
}
{
  service: 'IncidenteModel',
  module: 'Movimientos/Incidente',
  movimientoId: 217,
  empresaId: 5,
  rondaOriginal: 1,
  localidadId: 1,
  prioridad: 'BAJA',
  level: 'info',
  message: 'Iniciando reorganizaci�n por incidente',
  timestamp: '2025-06-12 23:34:15'
}
{
  service: 'IncidenteModel',
  module: 'Movimientos/Incidente',
  movimientoId: 217,
  rondaNumero: 1,
  posicionOriginal: 1,
  posicionFinal: 4,
  level: 'info',
  message: 'Movimiento movido al final de la ronda',
  timestamp: '2025-06-12 23:34:15'
}
{
  service: 'IncidenteModel',
  module: 'Movimientos/Incidente',
  movimientoId: 243,
  empresaId: 2,
  rondaOriginal: 1,
  localidadId: 1,
  prioridad: 'ALTA',
  level: 'info',
  message: 'Iniciando reorganizaci�n por incidente',
  timestamp: '2025-06-12 23:34:18'
}
{
  service: 'IncidenteModel',
  module: 'Movimientos/Incidente',
  movimientoId: 243,
  rondaNumero: 1,
  posicionOriginal: 2,
  posicionFinal: 4,
  level: 'info',
  message: 'Movimiento movido al final de la ronda',
  timestamp: '2025-06-12 23:34:18'
}
{
  service: 'IncidenteModel',
  module: 'Movimientos/Incidente',
  movimientoId: 217,
  empresaId: 5,
  rondaOriginal: 1,
  localidadId: 1,
  prioridad: 'BAJA',
  level: 'info',
  message: 'Iniciando reorganizaci�n por incidente',
  timestamp: '2025-06-12 23:34:18'
}
{
  service: 'IncidenteModel',
  module: 'Movimientos/Incidente',
  movimientoId: 217,
  rondaNumero: 1,
  posicionOriginal: 1,
  posicionFinal: 4,
  level: 'info',
  message: 'Movimiento movido al final de la ronda',
  timestamp: '2025-06-12 23:34:18'
}
{
  service: 'IncidenteModel',
  module: 'Movimientos/Incidente',
  movimientoId: 243,
  empresaId: 2,
  rondaOriginal: 1,
  localidadId: 1,
  prioridad: 'ALTA',
  level: 'info',
  message: 'Iniciando reorganizaci�n por incidente',
  timestamp: '2025-06-12 23:34:32'
}
{
  service: 'IncidenteModel',
  module: 'Movimientos/Incidente',
  movimientoId: 243,
  rondaNumero: 1,
  posicionOriginal: 2,
  posicionFinal: 4,
  level: 'info',
  message: 'Movimiento movido al final de la ronda',
  timestamp: '2025-06-12 23:34:32'
}
{
  service: 'IncidenteModel',
  module: 'Movimientos/Incidente',
  movimientoId: 217,
  empresaId: 5,
  rondaOriginal: 1,
  localidadId: 1,
  prioridad: 'BAJA',
  level: 'info',
  message: 'Iniciando reorganizaci�n por incidente',
  timestamp: '2025-06-12 23:34:32'
}
{
  service: 'IncidenteModel',
  module: 'Movimientos/Incidente',
  movimientoId: 217,
  rondaNumero: 1,
  posicionOriginal: 1,
  posicionFinal: 4,
  level: 'info',
  message: 'Movimiento movido al final de la ronda',
  timestamp: '2025-06-12 23:34:32'
}
{
  service: 'IncidenteModel',
  module: 'Movimientos/Incidente',
  movimientoId: 243,
  empresaId: 2,
  localidadId: 1,
  level: 'info',
  message: 'No se encontr� ronda para el movimiento',
  timestamp: '2025-06-12 23:34:51'
}
{
  service: 'IncidenteModel',
  module: 'Movimientos/Incidente',
  movimientoId: 217,
  empresaId: 5,
  localidadId: 1,
  level: 'info',
  message: 'No se encontr� ronda para el movimiento',
  timestamp: '2025-06-12 23:34:51'
}
{
  service: 'IncidenteModel',
  module: 'Movimientos/Incidente',
  movimientoId: 243,
  empresaId: 2,
  localidadId: 1,
  level: 'info',
  message: 'No se encontr� ronda para el movimiento',
  timestamp: '2025-06-12 23:35:13'
}
{
  service: 'IncidenteModel',
  module: 'Movimientos/Incidente',
  movimientoId: 217,
  empresaId: 5,
  localidadId: 1,
  level: 'info',
  message: 'No se encontr� ronda para el movimiento',
  timestamp: '2025-06-12 23:35:13'
}
{
  service: 'IncidenteModel',
  module: 'Movimientos/Incidente',
  movimientoId: 243,
  empresaId: 2,
  localidadId: 1,
  level: 'info',
  message: 'No se encontr� ronda para el movimiento',
  timestamp: '2025-06-12 23:35:40'
}
{
  service: 'IncidenteModel',
  module: 'Movimientos/Incidente',
  movimientoId: 217,
  empresaId: 5,
  localidadId: 1,
  level: 'info',
  message: 'No se encontr� ronda para el movimiento',
  timestamp: '2025-06-12 23:35:40'
}
{
  service: 'IncidenteModel',
  module: 'Movimientos/Incidente',
  movimientoId: 243,
  empresaId: 2,
  localidadId: 1,
  level: 'info',
  message: 'No se encontr� ronda para el movimiento',
  timestamp: '2025-06-12 23:35:44'
}
{
  service: 'IncidenteModel',
  module: 'Movimientos/Incidente',
  movimientoId: 217,
  empresaId: 5,
  localidadId: 1,
  level: 'info',
  message: 'No se encontr� ronda para el movimiento',
  timestamp: '2025-06-12 23:35:44'
}
{
  service: 'IncidenteModel',
  module: 'Movimientos/Incidente',
  movimientoId: 243,
  empresaId: 2,
  localidadId: 1,
  level: 'info',
  message: 'No se encontr� ronda para el movimiento',
  timestamp: '2025-06-12 23:36:45'
}
{
  service: 'IncidenteModel',
  module: 'Movimientos/Incidente',
  movimientoId: 217,
  empresaId: 5,
  localidadId: 1,
  level: 'info',
  message: 'No se encontr� ronda para el movimiento',
  timestamp: '2025-06-12 23:36:45'
}
{
  service: 'IncidenteModel',
  module: 'Movimientos/Incidente',
  movimientoId: 243,
  empresaId: 2,
  localidadId: 1,
  level: 'info',
  message: 'No se encontr� ronda para el movimiento',
  timestamp: '2025-06-12 23:36:48'
}
{
  service: 'IncidenteModel',
  module: 'Movimientos/Incidente',
  movimientoId: 217,
  empresaId: 5,
  localidadId: 1,
  level: 'info',
  message: 'No se encontr� ronda para el movimiento',
  timestamp: '2025-06-12 23:36:48'
}
{
  service: 'IncidenteModel',
  module: 'Movimientos/Incidente',
  movimientoId: 243,
  empresaId: 2,
  localidadId: 1,
  level: 'info',
  message: 'No se encontr� ronda para el movimiento',
  timestamp: '2025-06-12 23:39:23'
}
{
  service: 'IncidenteModel',
  module: 'Movimientos/Incidente',
  movimientoId: 217,
  empresaId: 5,
  localidadId: 1,
  level: 'info',
  message: 'No se encontr� ronda para el movimiento',
  timestamp: '2025-06-12 23:39:23'
}
{
  service: 'IncidenteModel',
  module: 'Movimientos/Incidente',
  incidenteId: 69,
  cantidad: 1,
  carpeta: '/var/www/Cosaif/uploads/incidentes/2025/06/12',
  level: 'info',
  message: 'Imagenes procesadas y guardadas',
  timestamp: '2025-06-12 23:40:17'
}
{
  service: 'IncidenteModel',
  module: 'Movimientos/Incidente',
  incidenteId: 69,
  movimientoId: 244,
  empresaId: 2,
  localidadId: 1,
  imagenesGuardadas: 1,
  level: 'info',
  message: 'Incidente creado y procesado',
  timestamp: '2025-06-12 23:40:17'
}
{
  service: 'IncidenteModel',
  module: 'Movimientos/Incidente',
  movimientoId: 244,
  empresaId: 2,
  rondaOriginal: 1,
  localidadId: 1,
  prioridad: 'ALTA',
  level: 'info',
  message: 'Iniciando reorganizaci�n por incidente',
  timestamp: '2025-06-12 23:41:07'
}
{
  service: 'IncidenteModel',
  module: 'Movimientos/Incidente',
  movimientoId: 244,
  rondaNumero: 1,
  posicionOriginal: 1,
  posicionFinal: 1,
  level: 'info',
  message: 'Movimiento movido al final de la ronda',
  timestamp: '2025-06-12 23:41:07'
}
{
  service: 'IncidenteModel',
  module: 'Movimientos/Incidente',
  movimientoId: 243,
  empresaId: 2,
  localidadId: 1,
  level: 'info',
  message: 'No se encontr� ronda para el movimiento',
  timestamp: '2025-06-12 23:41:07'
}
{
  service: 'IncidenteModel',
  module: 'Movimientos/Incidente',
  movimientoId: 217,
  empresaId: 5,
  localidadId: 1,
  level: 'info',
  message: 'No se encontr� ronda para el movimiento',
  timestamp: '2025-06-12 23:41:07'
}
{
  service: 'IncidenteModel',
  module: 'Movimientos/Incidente',
  movimientoId: 244,
  empresaId: 2,
  rondaOriginal: 1,
  localidadId: 1,
  prioridad: 'ALTA',
  level: 'info',
  message: 'Iniciando reorganizaci�n por incidente',
  timestamp: '2025-06-12 23:41:37'
}
{
  service: 'IncidenteModel',
  module: 'Movimientos/Incidente',
  movimientoId: 244,
  rondaNumero: 1,
  posicionOriginal: 1,
  posicionFinal: 1,
  level: 'info',
  message: 'Movimiento movido al final de la ronda',
  timestamp: '2025-06-12 23:41:37'
}
{
  service: 'IncidenteModel',
  module: 'Movimientos/Incidente',
  movimientoId: 243,
  empresaId: 2,
  localidadId: 1,
  level: 'info',
  message: 'No se encontr� ronda para el movimiento',
  timestamp: '2025-06-12 23:41:37'
}
{
  service: 'IncidenteModel',
  module: 'Movimientos/Incidente',
  movimientoId: 217,
  empresaId: 5,
  localidadId: 1,
  level: 'info',
  message: 'No se encontr� ronda para el movimiento',
  timestamp: '2025-06-12 23:41:37'
}
{
  service: 'IncidenteModel',
  module: 'Movimientos/Incidente',
  movimientoId: 244,
  empresaId: 2,
  rondaOriginal: 1,
  localidadId: 1,
  prioridad: 'ALTA',
  level: 'info',
  message: 'Iniciando reorganizaci�n por incidente',
  timestamp: '2025-06-12 23:41:41'
}
{
  service: 'IncidenteModel',
  module: 'Movimientos/Incidente',
  movimientoId: 244,
  rondaNumero: 1,
  posicionOriginal: 1,
  posicionFinal: 1,
  level: 'info',
  message: 'Movimiento movido al final de la ronda',
  timestamp: '2025-06-12 23:41:41'
}
{
  service: 'IncidenteModel',
  module: 'Movimientos/Incidente',
  movimientoId: 243,
  empresaId: 2,
  localidadId: 1,
  level: 'info',
  message: 'No se encontr� ronda para el movimiento',
  timestamp: '2025-06-12 23:41:42'
}
{
  service: 'IncidenteModel',
  module: 'Movimientos/Incidente',
  movimientoId: 217,
  empresaId: 5,
  localidadId: 1,
  level: 'info',
  message: 'No se encontr� ronda para el movimiento',
  timestamp: '2025-06-12 23:41:42'
}
{
  service: 'IncidenteModel',
  module: 'Movimientos/Incidente',
  movimientoId: 244,
  empresaId: 2,
  rondaOriginal: 1,
  localidadId: 1,
  prioridad: 'ALTA',
  level: 'info',
  message: 'Iniciando reorganizaci�n por incidente',
  timestamp: '2025-06-12 23:42:27'
}
{
  service: 'IncidenteModel',
  module: 'Movimientos/Incidente',
  movimientoId: 244,
  rondaNumero: 1,
  posicionOriginal: 1,
  posicionFinal: 1,
  level: 'info',
  message: 'Movimiento movido al final de la ronda',
  timestamp: '2025-06-12 23:42:27'
}
{
  service: 'IncidenteModel',
  module: 'Movimientos/Incidente',
  movimientoId: 243,
  empresaId: 2,
  localidadId: 1,
  level: 'info',
  message: 'No se encontr� ronda para el movimiento',
  timestamp: '2025-06-12 23:42:27'
}
{
  service: 'IncidenteModel',
  module: 'Movimientos/Incidente',
  movimientoId: 217,
  empresaId: 5,
  localidadId: 1,
  level: 'info',
  message: 'No se encontr� ronda para el movimiento',
  timestamp: '2025-06-12 23:42:27'
}
{
  service: 'IncidenteModel',
  module: 'Movimientos/Incidente',
  movimientoId: 244,
  empresaId: 2,
  rondaOriginal: 1,
  localidadId: 1,
  prioridad: 'ALTA',
  level: 'info',
  message: 'Iniciando reorganizaci�n por incidente',
  timestamp: '2025-06-12 23:42:47'
}
{
  service: 'IncidenteModel',
  module: 'Movimientos/Incidente',
  movimientoId: 244,
  rondaNumero: 1,
  posicionOriginal: 1,
  posicionFinal: 1,
  level: 'info',
  message: 'Movimiento movido al final de la ronda',
  timestamp: '2025-06-12 23:42:47'
}
{
  service: 'IncidenteModel',
  module: 'Movimientos/Incidente',
  movimientoId: 243,
  empresaId: 2,
  localidadId: 1,
  level: 'info',
  message: 'No se encontr� ronda para el movimiento',
  timestamp: '2025-06-12 23:42:47'
}
{
  service: 'IncidenteModel',
  module: 'Movimientos/Incidente',
  movimientoId: 217,
  empresaId: 5,
  localidadId: 1,
  level: 'info',
  message: 'No se encontr� ronda para el movimiento',
  timestamp: '2025-06-12 23:42:47'
}
{
  service: 'IncidenteModel',
  module: 'Movimientos/Incidente',
  movimientoId: 244,
  empresaId: 2,
  rondaOriginal: 1,
  localidadId: 1,
  prioridad: 'ALTA',
  level: 'info',
  message: 'Iniciando reorganizaci�n por incidente',
  timestamp: '2025-06-12 23:43:05'
}
{
  service: 'IncidenteModel',
  module: 'Movimientos/Incidente',
  movimientoId: 244,
  rondaNumero: 1,
  posicionOriginal: 1,
  posicionFinal: 1,
  level: 'info',
  message: 'Movimiento movido al final de la ronda',
  timestamp: '2025-06-12 23:43:05'
}
{
  service: 'IncidenteModel',
  module: 'Movimientos/Incidente',
  movimientoId: 243,
  empresaId: 2,
  localidadId: 1,
  level: 'info',
  message: 'No se encontr� ronda para el movimiento',
  timestamp: '2025-06-12 23:43:05'
}
{
  service: 'IncidenteModel',
  module: 'Movimientos/Incidente',
  movimientoId: 217,
  empresaId: 5,
  localidadId: 1,
  level: 'info',
  message: 'No se encontr� ronda para el movimiento',
  timestamp: '2025-06-12 23:43:05'
}
{
  service: 'IncidenteModel',
  module: 'Movimientos/Incidente',
  movimientoId: 244,
  empresaId: 2,
  rondaOriginal: 1,
  localidadId: 1,
  prioridad: 'ALTA',
  level: 'info',
  message: 'Iniciando reorganizaci�n por incidente',
  timestamp: '2025-06-12 23:43:07'
}
{
  service: 'IncidenteModel',
  module: 'Movimientos/Incidente',
  movimientoId: 244,
  rondaNumero: 1,
  posicionOriginal: 1,
  posicionFinal: 1,
  level: 'info',
  message: 'Movimiento movido al final de la ronda',
  timestamp: '2025-06-12 23:43:07'
}
{
  service: 'IncidenteModel',
  module: 'Movimientos/Incidente',
  movimientoId: 243,
  empresaId: 2,
  localidadId: 1,
  level: 'info',
  message: 'No se encontr� ronda para el movimiento',
  timestamp: '2025-06-12 23:43:07'
}
{
  service: 'IncidenteModel',
  module: 'Movimientos/Incidente',
  movimientoId: 217,
  empresaId: 5,
  localidadId: 1,
  level: 'info',
  message: 'No se encontr� ronda para el movimiento',
  timestamp: '2025-06-12 23:43:07'
}
{
  service: 'IncidenteModel',
  module: 'Movimientos/Incidente',
  movimientoId: 243,
  empresaId: 2,
  localidadId: 1,
  level: 'info',
  message: 'No se encontr� ronda para el movimiento',
  timestamp: '2025-06-13 15:50:51'
}
{
  service: 'IncidenteModel',
  module: 'Movimientos/Incidente',
  movimientoId: 217,
  empresaId: 5,
  localidadId: 1,
  level: 'info',
  message: 'No se encontr� ronda para el movimiento',
  timestamp: '2025-06-13 15:50:51'
}
{
  service: 'IncidenteModel',
  module: 'Movimientos/Incidente',
  movimientoId: 243,
  empresaId: 2,
  localidadId: 1,
  level: 'info',
  message: 'No se encontr� ronda para el movimiento',
  timestamp: '2025-06-13 15:51:01'
}
{
  service: 'IncidenteModel',
  module: 'Movimientos/Incidente',
  movimientoId: 217,
  empresaId: 5,
  localidadId: 1,
  level: 'info',
  message: 'No se encontr� ronda para el movimiento',
  timestamp: '2025-06-13 15:51:01'
}
{
  service: 'IncidenteModel',
  module: 'Movimientos/Incidente',
  incidenteId: 70,
  cantidad: 1,
  carpeta: '/var/www/Cosaif/uploads/incidentes/2025/06/13',
  level: 'info',
  message: 'Imagenes procesadas y guardadas',
  timestamp: '2025-06-13 15:53:15'
}
{
  service: 'IncidenteModel',
  module: 'Movimientos/Incidente',
  incidenteId: 70,
  movimientoId: 245,
  empresaId: 2,
  localidadId: 1,
  imagenesGuardadas: 1,
  level: 'info',
  message: 'Incidente creado y procesado',
  timestamp: '2025-06-13 15:53:15'
}
{
  service: 'IncidenteModel',
  module: 'Movimientos/Incidente',
  incidenteId: 71,
  cantidad: 1,
  carpeta: '/var/www/Cosaif/uploads/incidentes/2025/06/13',
  level: 'info',
  message: 'Imagenes procesadas y guardadas',
  timestamp: '2025-06-13 15:58:41'
}
{
  service: 'IncidenteModel',
  module: 'Movimientos/Incidente',
  incidenteId: 71,
  movimientoId: 245,
  empresaId: 2,
  localidadId: 1,
  imagenesGuardadas: 1,
  level: 'info',
  message: 'Incidente creado y procesado',
  timestamp: '2025-06-13 15:58:41'
}
{
  service: 'IncidenteModel',
  module: 'Movimientos/Incidente',
  movimientoId: 243,
  empresaId: 2,
  localidadId: 1,
  level: 'info',
  message: 'No se encontr� ronda para el movimiento',
  timestamp: '2025-06-13 15:59:45'
}
{
  service: 'IncidenteModel',
  module: 'Movimientos/Incidente',
  movimientoId: 217,
  empresaId: 5,
  localidadId: 1,
  level: 'info',
  message: 'No se encontr� ronda para el movimiento',
  timestamp: '2025-06-13 15:59:45'
}
{
  service: 'IncidenteModel',
  module: 'Movimientos/Incidente',
  movimientoId: 245,
  empresaId: 2,
  rondaOriginal: 1,
  localidadId: 1,
  prioridad: 'ALTA',
  level: 'info',
  message: 'Iniciando reorganizaci�n por incidente',
  timestamp: '2025-06-13 15:59:46'
}
{
  service: 'IncidenteModel',
  module: 'Movimientos/Incidente',
  movimientoId: 245,
  rondaNumero: 1,
  posicionOriginal: 1,
  posicionFinal: 1,
  level: 'info',
  message: 'Movimiento movido al final de la ronda',
  timestamp: '2025-06-13 15:59:46'
}
{
  service: 'IncidenteModel',
  module: 'Movimientos/Incidente',
  incidenteId: 72,
  cantidad: 1,
  carpeta: '/var/www/Cosaif/uploads/incidentes/2025/06/13',
  level: 'info',
  message: 'Imagenes procesadas y guardadas',
  timestamp: '2025-06-13 15:59:55'
}
{
  service: 'IncidenteModel',
  module: 'Movimientos/Incidente',
  incidenteId: 72,
  movimientoId: 245,
  empresaId: 2,
  localidadId: 1,
  imagenesGuardadas: 1,
  level: 'info',
  message: 'Incidente creado y procesado',
  timestamp: '2025-06-13 15:59:55'
}
{
  service: 'IncidenteModel',
  module: 'Movimientos/Incidente',
  movimientoId: 243,
  empresaId: 2,
  localidadId: 1,
  level: 'info',
  message: 'No se encontr� ronda para el movimiento',
  timestamp: '2025-06-13 16:08:56'
}
{
  service: 'IncidenteModel',
  module: 'Movimientos/Incidente',
  movimientoId: 217,
  empresaId: 5,
  localidadId: 1,
  level: 'info',
  message: 'No se encontr� ronda para el movimiento',
  timestamp: '2025-06-13 16:08:56'
}
{
  service: 'IncidenteModel',
  module: 'Movimientos/Incidente',
  movimientoId: 245,
  empresaId: 2,
  rondaOriginal: 1,
  localidadId: 1,
  prioridad: 'ALTA',
  level: 'info',
  message: 'Iniciando reorganizaci�n por incidente',
  timestamp: '2025-06-13 16:08:56'
}
{
  service: 'IncidenteModel',
  module: 'Movimientos/Incidente',
  movimientoId: 245,
  rondaNumero: 1,
  posicionOriginal: 1,
  posicionFinal: 1,
  level: 'info',
  message: 'Movimiento movido al final de la ronda',
  timestamp: '2025-06-13 16:08:56'
}
{
  service: 'IncidenteModel',
  module: 'Movimientos/Incidente',
  incidenteId: 73,
  cantidad: 1,
  carpeta: '/var/www/Cosaif/uploads/incidentes/2025/06/13',
  level: 'info',
  message: 'Imagenes procesadas y guardadas',
  timestamp: '2025-06-13 16:09:16'
}
{
  service: 'IncidenteModel',
  module: 'Movimientos/Incidente',
  incidenteId: 73,
  movimientoId: 245,
  empresaId: 2,
  localidadId: 1,
  imagenesGuardadas: 1,
  level: 'info',
  message: 'Incidente creado y procesado',
  timestamp: '2025-06-13 16:09:16'
}
{
  service: 'IncidenteModel',
  module: 'Movimientos/Incidente',
  movimientoId: 243,
  empresaId: 2,
  localidadId: 1,
  level: 'info',
  message: 'No se encontr� ronda para el movimiento',
  timestamp: '2025-06-13 16:09:24'
}
{
  service: 'IncidenteModel',
  module: 'Movimientos/Incidente',
  movimientoId: 217,
  empresaId: 5,
  localidadId: 1,
  level: 'info',
  message: 'No se encontr� ronda para el movimiento',
  timestamp: '2025-06-13 16:09:24'
}
{
  service: 'IncidenteModel',
  module: 'Movimientos/Incidente',
  movimientoId: 245,
  empresaId: 2,
  rondaOriginal: 1,
  localidadId: 1,
  prioridad: 'ALTA',
  level: 'info',
  message: 'Iniciando reorganizaci�n por incidente',
  timestamp: '2025-06-13 16:09:24'
}
{
  service: 'IncidenteModel',
  module: 'Movimientos/Incidente',
  movimientoId: 245,
  rondaNumero: 1,
  posicionOriginal: 1,
  posicionFinal: 1,
  level: 'info',
  message: 'Movimiento movido al final de la ronda',
  timestamp: '2025-06-13 16:09:24'
}
{
  service: 'IncidenteModel',
  module: 'Movimientos/Incidente',
  movimientoId: 243,
  empresaId: 2,
  localidadId: 1,
  level: 'info',
  message: 'No se encontr� ronda para el movimiento',
  timestamp: '2025-06-13 16:12:01'
}
{
  service: 'IncidenteModel',
  module: 'Movimientos/Incidente',
  movimientoId: 217,
  empresaId: 5,
  localidadId: 1,
  level: 'info',
  message: 'No se encontr� ronda para el movimiento',
  timestamp: '2025-06-13 16:12:01'
}
{
  service: 'IncidenteModel',
  module: 'Movimientos/Incidente',
  movimientoId: 245,
  empresaId: 2,
  rondaOriginal: 1,
  localidadId: 1,
  prioridad: 'ALTA',
  level: 'info',
  message: 'Iniciando reorganizaci�n por incidente',
  timestamp: '2025-06-13 16:12:01'
}
{
  service: 'IncidenteModel',
  module: 'Movimientos/Incidente',
  movimientoId: 245,
  rondaNumero: 1,
  posicionOriginal: 1,
  posicionFinal: 1,
  level: 'info',
  message: 'Movimiento movido al final de la ronda',
  timestamp: '2025-06-13 16:12:01'
}
{
  service: 'IncidenteModel',
  module: 'Movimientos/Incidente',
  movimientoId: 243,
  empresaId: 2,
  localidadId: 1,
  level: 'info',
  message: 'No se encontr� ronda para el movimiento',
  timestamp: '2025-06-13 16:19:43'
}
{
  service: 'IncidenteModel',
  module: 'Movimientos/Incidente',
  movimientoId: 217,
  empresaId: 5,
  localidadId: 1,
  level: 'info',
  message: 'No se encontr� ronda para el movimiento',
  timestamp: '2025-06-13 16:19:43'
}
{
  service: 'IncidenteModel',
  module: 'Movimientos/Incidente',
  movimientoId: 245,
  empresaId: 2,
  rondaOriginal: 1,
  localidadId: 1,
  prioridad: 'ALTA',
  level: 'info',
  message: 'Iniciando reorganizaci�n por incidente',
  timestamp: '2025-06-13 16:19:43'
}
{
  service: 'IncidenteModel',
  module: 'Movimientos/Incidente',
  movimientoId: 245,
  rondaNumero: 1,
  posicionOriginal: 1,
  posicionFinal: 1,
  level: 'info',
  message: 'Movimiento movido al final de la ronda',
  timestamp: '2025-06-13 16:19:43'
}
{
  service: 'IncidenteModel',
  module: 'Movimientos/Incidente',
  incidenteId: 74,
  cantidad: 1,
  carpeta: '/var/www/Cosaif/uploads/incidentes/2025/06/13',
  level: 'info',
  message: 'Imagenes procesadas y guardadas',
  timestamp: '2025-06-13 16:20:46'
}
{
  service: 'IncidenteModel',
  module: 'Movimientos/Incidente',
  incidenteId: 74,
  movimientoId: 245,
  empresaId: 2,
  localidadId: 1,
  imagenesGuardadas: 1,
  level: 'info',
  message: 'Incidente creado y procesado',
  timestamp: '2025-06-13 16:20:47'
}
{
  service: 'IncidenteModel',
  module: 'Movimientos/Incidente',
  movimientoId: 243,
  empresaId: 2,
  localidadId: 1,
  level: 'info',
  message: 'No se encontr� ronda para el movimiento',
  timestamp: '2025-06-13 16:25:09'
}
{
  service: 'IncidenteModel',
  module: 'Movimientos/Incidente',
  movimientoId: 217,
  empresaId: 5,
  localidadId: 1,
  level: 'info',
  message: 'No se encontr� ronda para el movimiento',
  timestamp: '2025-06-13 16:25:09'
}
{
  service: 'IncidenteModel',
  module: 'Movimientos/Incidente',
  movimientoId: 245,
  empresaId: 2,
  rondaOriginal: 1,
  localidadId: 1,
  prioridad: 'ALTA',
  level: 'info',
  message: 'Iniciando reorganizaci�n por incidente',
  timestamp: '2025-06-13 16:25:09'
}
{
  service: 'IncidenteModel',
  module: 'Movimientos/Incidente',
  movimientoId: 245,
  rondaNumero: 1,
  posicionOriginal: 1,
  posicionFinal: 1,
  level: 'info',
  message: 'Movimiento movido al final de la ronda',
  timestamp: '2025-06-13 16:25:09'
}
{
  service: 'IncidenteModel',
  module: 'Movimientos/Incidente',
  movimientoId: 243,
  empresaId: 2,
  localidadId: 1,
  level: 'info',
  message: 'No se encontr� ronda para el movimiento',
  timestamp: '2025-06-13 16:31:26'
}
{
  service: 'IncidenteModel',
  module: 'Movimientos/Incidente',
  movimientoId: 217,
  empresaId: 5,
  localidadId: 1,
  level: 'info',
  message: 'No se encontr� ronda para el movimiento',
  timestamp: '2025-06-13 16:31:26'
}
{
  service: 'IncidenteModel',
  module: 'Movimientos/Incidente',
  movimientoId: 245,
  empresaId: 2,
  rondaOriginal: 1,
  localidadId: 1,
  prioridad: 'ALTA',
  level: 'info',
  message: 'Iniciando reorganizaci�n por incidente',
  timestamp: '2025-06-13 16:31:26'
}
{
  service: 'IncidenteModel',
  module: 'Movimientos/Incidente',
  movimientoId: 245,
  rondaNumero: 1,
  posicionOriginal: 1,
  posicionFinal: 1,
  level: 'info',
  message: 'Movimiento movido al final de la ronda',
  timestamp: '2025-06-13 16:31:26'
}
{
  service: 'IncidenteModel',
  module: 'Movimientos/Incidente',
  movimientoId: 243,
  empresaId: 2,
  localidadId: 1,
  level: 'info',
  message: 'No se encontr� ronda para el movimiento',
  timestamp: '2025-06-13 16:34:01'
}
{
  service: 'IncidenteModel',
  module: 'Movimientos/Incidente',
  movimientoId: 217,
  empresaId: 5,
  localidadId: 1,
  level: 'info',
  message: 'No se encontr� ronda para el movimiento',
  timestamp: '2025-06-13 16:34:01'
}
{
  service: 'IncidenteModel',
  module: 'Movimientos/Incidente',
  movimientoId: 245,
  empresaId: 2,
  rondaOriginal: 1,
  localidadId: 1,
  prioridad: 'ALTA',
  level: 'info',
  message: 'Iniciando reorganizaci�n por incidente',
  timestamp: '2025-06-13 16:34:01'
}
{
  service: 'IncidenteModel',
  module: 'Movimientos/Incidente',
  movimientoId: 245,
  rondaNumero: 1,
  posicionOriginal: 1,
  posicionFinal: 1,
  level: 'info',
  message: 'Movimiento movido al final de la ronda',
  timestamp: '2025-06-13 16:34:01'
}
{
  service: 'IncidenteModel',
  module: 'Movimientos/Incidente',
  movimientoId: 243,
  empresaId: 2,
  localidadId: 1,
  level: 'info',
  message: 'No se encontr� ronda para el movimiento',
  timestamp: '2025-06-13 16:37:12'
}
{
  service: 'IncidenteModel',
  module: 'Movimientos/Incidente',
  movimientoId: 217,
  empresaId: 5,
  localidadId: 1,
  level: 'info',
  message: 'No se encontr� ronda para el movimiento',
  timestamp: '2025-06-13 16:37:12'
}
{
  service: 'IncidenteModel',
  module: 'Movimientos/Incidente',
  movimientoId: 245,
  empresaId: 2,
  rondaOriginal: 1,
  localidadId: 1,
  prioridad: 'ALTA',
  level: 'info',
  message: 'Iniciando reorganizaci�n por incidente',
  timestamp: '2025-06-13 16:37:12'
}
{
  service: 'IncidenteModel',
  module: 'Movimientos/Incidente',
  movimientoId: 245,
  rondaNumero: 1,
  posicionOriginal: 1,
  posicionFinal: 1,
  level: 'info',
  message: 'Movimiento movido al final de la ronda',
  timestamp: '2025-06-13 16:37:12'
}
{
  service: 'IncidenteModel',
  module: 'Movimientos/Incidente',
  movimientoId: 243,
  empresaId: 2,
  localidadId: 1,
  level: 'info',
  message: 'No se encontr� ronda para el movimiento',
  timestamp: '2025-06-13 16:37:51'
}
{
  service: 'IncidenteModel',
  module: 'Movimientos/Incidente',
  movimientoId: 217,
  empresaId: 5,
  localidadId: 1,
  level: 'info',
  message: 'No se encontr� ronda para el movimiento',
  timestamp: '2025-06-13 16:37:51'
}
{
  service: 'IncidenteModel',
  module: 'Movimientos/Incidente',
  movimientoId: 245,
  empresaId: 2,
  rondaOriginal: 1,
  localidadId: 1,
  prioridad: 'ALTA',
  level: 'info',
  message: 'Iniciando reorganizaci�n por incidente',
  timestamp: '2025-06-13 16:37:51'
}
{
  service: 'IncidenteModel',
  module: 'Movimientos/Incidente',
  movimientoId: 245,
  rondaNumero: 1,
  posicionOriginal: 1,
  posicionFinal: 1,
  level: 'info',
  message: 'Movimiento movido al final de la ronda',
  timestamp: '2025-06-13 16:37:51'
}
{
  service: 'IncidenteModel',
  module: 'Movimientos/Incidente',
  movimientoId: 243,
  empresaId: 2,
  localidadId: 1,
  level: 'info',
  message: 'No se encontr� ronda para el movimiento',
  timestamp: '2025-06-13 16:43:59'
}
{
  service: 'IncidenteModel',
  module: 'Movimientos/Incidente',
  movimientoId: 217,
  empresaId: 5,
  localidadId: 1,
  level: 'info',
  message: 'No se encontr� ronda para el movimiento',
  timestamp: '2025-06-13 16:43:59'
}
{
  service: 'IncidenteModel',
  module: 'Movimientos/Incidente',
  movimientoId: 245,
  empresaId: 2,
  rondaOriginal: 1,
  localidadId: 1,
  prioridad: 'ALTA',
  level: 'info',
  message: 'Iniciando reorganizaci�n por incidente',
  timestamp: '2025-06-13 16:43:59'
}
{
  service: 'IncidenteModel',
  module: 'Movimientos/Incidente',
  movimientoId: 245,
  rondaNumero: 1,
  posicionOriginal: 1,
  posicionFinal: 1,
  level: 'info',
  message: 'Movimiento movido al final de la ronda',
  timestamp: '2025-06-13 16:43:59'
}
{
  service: 'IncidenteModel',
  module: 'Movimientos/Incidente',
  movimientoId: 243,
  empresaId: 2,
  localidadId: 1,
  level: 'info',
  message: 'No se encontr� ronda para el movimiento',
  timestamp: '2025-06-13 23:17:07'
}
{
  service: 'IncidenteModel',
  module: 'Movimientos/Incidente',
  movimientoId: 217,
  empresaId: 5,
  localidadId: 1,
  level: 'info',
  message: 'No se encontr� ronda para el movimiento',
  timestamp: '2025-06-13 23:17:07'
}
{
  service: 'IncidenteModel',
  module: 'Movimientos/Incidente',
  movimientoId: 245,
  empresaId: 2,
  rondaOriginal: 1,
  localidadId: 1,
  prioridad: 'ALTA',
  level: 'info',
  message: 'Iniciando reorganizaci�n por incidente',
  timestamp: '2025-06-13 23:17:07'
}
{
  service: 'IncidenteModel',
  module: 'Movimientos/Incidente',
  movimientoId: 245,
  rondaNumero: 1,
  posicionOriginal: 1,
  posicionFinal: 1,
  level: 'info',
  message: 'Movimiento movido al final de la ronda',
  timestamp: '2025-06-13 23:17:07'
}
{
  service: 'IncidenteModel',
  module: 'Movimientos/Incidente',
  movimientoId: 243,
  empresaId: 2,
  localidadId: 1,
  level: 'info',
  message: 'No se encontr� ronda para el movimiento',
  timestamp: '2025-06-16 16:29:59'
}
{
  service: 'IncidenteModel',
  module: 'Movimientos/Incidente',
  movimientoId: 217,
  empresaId: 5,
  localidadId: 1,
  level: 'info',
  message: 'No se encontr� ronda para el movimiento',
  timestamp: '2025-06-16 16:29:59'
}
{
  service: 'IncidenteModel',
  module: 'Movimientos/Incidente',
  movimientoId: 245,
  empresaId: 2,
  rondaOriginal: 1,
  localidadId: 1,
  prioridad: 'ALTA',
  level: 'info',
  message: 'Iniciando reorganizaci�n por incidente',
  timestamp: '2025-06-16 16:29:59'
}
{
  service: 'IncidenteModel',
  module: 'Movimientos/Incidente',
  movimientoId: 245,
  rondaNumero: 1,
  posicionOriginal: 1,
  posicionFinal: 1,
  level: 'info',
  message: 'Movimiento movido al final de la ronda',
  timestamp: '2025-06-16 16:29:59'
}
{
  service: 'IncidenteModel',
  module: 'Movimientos/Incidente',
  movimientoId: 243,
  empresaId: 2,
  localidadId: 1,
  level: 'info',
  message: 'No se encontr� ronda para el movimiento',
  timestamp: '2025-06-16 16:33:26'
}
{
  service: 'IncidenteModel',
  module: 'Movimientos/Incidente',
  movimientoId: 217,
  empresaId: 5,
  localidadId: 1,
  level: 'info',
  message: 'No se encontr� ronda para el movimiento',
  timestamp: '2025-06-16 16:33:26'
}
{
  service: 'IncidenteModel',
  module: 'Movimientos/Incidente',
  movimientoId: 245,
  empresaId: 2,
  rondaOriginal: 1,
  localidadId: 1,
  prioridad: 'ALTA',
  level: 'info',
  message: 'Iniciando reorganizaci�n por incidente',
  timestamp: '2025-06-16 16:33:26'
}
{
  service: 'IncidenteModel',
  module: 'Movimientos/Incidente',
  movimientoId: 245,
  rondaNumero: 1,
  posicionOriginal: 1,
  posicionFinal: 1,
  level: 'info',
  message: 'Movimiento movido al final de la ronda',
  timestamp: '2025-06-16 16:33:26'
}
{
  service: 'IncidenteModel',
  module: 'Movimientos/Incidente',
  movimientoId: 243,
  empresaId: 2,
  localidadId: 1,
  level: 'info',
  message: 'No se encontr� ronda para el movimiento',
  timestamp: '2025-06-16 16:47:28'
}
{
  service: 'IncidenteModel',
  module: 'Movimientos/Incidente',
  movimientoId: 217,
  empresaId: 5,
  localidadId: 1,
  level: 'info',
  message: 'No se encontr� ronda para el movimiento',
  timestamp: '2025-06-16 16:47:28'
}
{
  service: 'IncidenteModel',
  module: 'Movimientos/Incidente',
  movimientoId: 245,
  empresaId: 2,
  rondaOriginal: 1,
  localidadId: 1,
  prioridad: 'ALTA',
  level: 'info',
  message: 'Iniciando reorganizaci�n por incidente',
  timestamp: '2025-06-16 16:47:28'
}
{
  service: 'IncidenteModel',
  module: 'Movimientos/Incidente',
  movimientoId: 245,
  rondaNumero: 1,
  posicionOriginal: 1,
  posicionFinal: 1,
  level: 'info',
  message: 'Movimiento movido al final de la ronda',
  timestamp: '2025-06-16 16:47:28'
}
{
  service: 'IncidenteModel',
  module: 'Movimientos/Incidente',
  movimientoId: 243,
  empresaId: 2,
  localidadId: 1,
  level: 'info',
  message: 'No se encontr� ronda para el movimiento',
  timestamp: '2025-06-16 16:51:37'
}
{
  service: 'IncidenteModel',
  module: 'Movimientos/Incidente',
  movimientoId: 217,
  empresaId: 5,
  localidadId: 1,
  level: 'info',
  message: 'No se encontr� ronda para el movimiento',
  timestamp: '2025-06-16 16:51:37'
}
{
  service: 'IncidenteModel',
  module: 'Movimientos/Incidente',
  movimientoId: 245,
  empresaId: 2,
  rondaOriginal: 1,
  localidadId: 1,
  prioridad: 'ALTA',
  level: 'info',
  message: 'Iniciando reorganizaci�n por incidente',
  timestamp: '2025-06-16 16:51:37'
}
{
  service: 'IncidenteModel',
  module: 'Movimientos/Incidente',
  movimientoId: 245,
  rondaNumero: 1,
  posicionOriginal: 1,
  posicionFinal: 1,
  level: 'info',
  message: 'Movimiento movido al final de la ronda',
  timestamp: '2025-06-16 16:51:37'
}
{
  service: 'IncidenteModel',
  module: 'Movimientos/Incidente',
  movimientoId: 243,
  empresaId: 2,
  localidadId: 1,
  level: 'info',
  message: 'No se encontr� ronda para el movimiento',
  timestamp: '2025-06-16 18:17:46'
}
{
  service: 'IncidenteModel',
  module: 'Movimientos/Incidente',
  movimientoId: 217,
  empresaId: 5,
  localidadId: 1,
  level: 'info',
  message: 'No se encontr� ronda para el movimiento',
  timestamp: '2025-06-16 18:17:46'
}
{
  service: 'IncidenteModel',
  module: 'Movimientos/Incidente',
  movimientoId: 245,
  empresaId: 2,
  rondaOriginal: 1,
  localidadId: 1,
  prioridad: 'ALTA',
  level: 'info',
  message: 'Iniciando reorganizaci�n por incidente',
  timestamp: '2025-06-16 18:17:46'
}
{
  service: 'IncidenteModel',
  module: 'Movimientos/Incidente',
  movimientoId: 245,
  rondaNumero: 1,
  posicionOriginal: 1,
  posicionFinal: 1,
  level: 'info',
  message: 'Movimiento movido al final de la ronda',
  timestamp: '2025-06-16 18:17:46'
}
{
  service: 'IncidenteModel',
  module: 'Movimientos/Incidente',
  movimientoId: 243,
  empresaId: 2,
  localidadId: 1,
  level: 'info',
  message: 'No se encontr� ronda para el movimiento',
  timestamp: '2025-06-16 18:29:09'
}
{
  service: 'IncidenteModel',
  module: 'Movimientos/Incidente',
  movimientoId: 217,
  empresaId: 5,
  localidadId: 1,
  level: 'info',
  message: 'No se encontr� ronda para el movimiento',
  timestamp: '2025-06-16 18:29:09'
}
{
  service: 'IncidenteModel',
  module: 'Movimientos/Incidente',
  movimientoId: 245,
  empresaId: 2,
  rondaOriginal: 1,
  localidadId: 1,
  prioridad: 'ALTA',
  level: 'info',
  message: 'Iniciando reorganizaci�n por incidente',
  timestamp: '2025-06-16 18:29:09'
}
{
  service: 'IncidenteModel',
  module: 'Movimientos/Incidente',
  movimientoId: 245,
  rondaNumero: 1,
  posicionOriginal: 1,
  posicionFinal: 1,
  level: 'info',
  message: 'Movimiento movido al final de la ronda',
  timestamp: '2025-06-16 18:29:09'
}
{
  service: 'IncidenteModel',
  module: 'Movimientos/Incidente',
  movimientoId: 243,
  empresaId: 2,
  localidadId: 1,
  level: 'info',
  message: 'No se encontr� ronda para el movimiento',
  timestamp: '2025-06-16 18:47:24'
}
{
  service: 'IncidenteModel',
  module: 'Movimientos/Incidente',
  movimientoId: 217,
  empresaId: 5,
  localidadId: 1,
  level: 'info',
  message: 'No se encontr� ronda para el movimiento',
  timestamp: '2025-06-16 18:47:24'
}
{
  service: 'IncidenteModel',
  module: 'Movimientos/Incidente',
  movimientoId: 245,
  empresaId: 2,
  rondaOriginal: 1,
  localidadId: 1,
  prioridad: 'ALTA',
  level: 'info',
  message: 'Iniciando reorganizaci�n por incidente',
  timestamp: '2025-06-16 18:47:24'
}
{
  service: 'IncidenteModel',
  module: 'Movimientos/Incidente',
  movimientoId: 245,
  rondaNumero: 1,
  posicionOriginal: 1,
  posicionFinal: 1,
  level: 'info',
  message: 'Movimiento movido al final de la ronda',
  timestamp: '2025-06-16 18:47:24'
}
{
  service: 'IncidenteModel',
  module: 'Movimientos/Incidente',
  movimientoId: 243,
  empresaId: 2,
  localidadId: 1,
  level: 'info',
  message: 'No se encontr� ronda para el movimiento',
  timestamp: '2025-06-16 18:53:08'
}
{
  service: 'IncidenteModel',
  module: 'Movimientos/Incidente',
  movimientoId: 217,
  empresaId: 5,
  localidadId: 1,
  level: 'info',
  message: 'No se encontr� ronda para el movimiento',
  timestamp: '2025-06-16 18:53:08'
}
{
  service: 'IncidenteModel',
  module: 'Movimientos/Incidente',
  movimientoId: 245,
  empresaId: 2,
  rondaOriginal: 1,
  localidadId: 1,
  prioridad: 'ALTA',
  level: 'info',
  message: 'Iniciando reorganizaci�n por incidente',
  timestamp: '2025-06-16 18:53:08'
}
{
  service: 'IncidenteModel',
  module: 'Movimientos/Incidente',
  movimientoId: 245,
  rondaNumero: 1,
  posicionOriginal: 1,
  posicionFinal: 1,
  level: 'info',
  message: 'Movimiento movido al final de la ronda',
  timestamp: '2025-06-16 18:53:08'
}
{
  service: 'IncidenteModel',
  module: 'Movimientos/Incidente',
  movimientoId: 243,
  empresaId: 2,
  localidadId: 1,
  level: 'info',
  message: 'No se encontr� ronda para el movimiento',
  timestamp: '2025-06-16 19:08:52'
}
{
  service: 'IncidenteModel',
  module: 'Movimientos/Incidente',
  movimientoId: 217,
  empresaId: 5,
  localidadId: 1,
  level: 'info',
  message: 'No se encontr� ronda para el movimiento',
  timestamp: '2025-06-16 19:08:52'
}
{
  service: 'IncidenteModel',
  module: 'Movimientos/Incidente',
  movimientoId: 245,
  empresaId: 2,
  rondaOriginal: 1,
  localidadId: 1,
  prioridad: 'ALTA',
  level: 'info',
  message: 'Iniciando reorganizaci�n por incidente',
  timestamp: '2025-06-16 19:08:52'
}
{
  service: 'IncidenteModel',
  module: 'Movimientos/Incidente',
  movimientoId: 245,
  rondaNumero: 1,
  posicionOriginal: 1,
  posicionFinal: 1,
  level: 'info',
  message: 'Movimiento movido al final de la ronda',
  timestamp: '2025-06-16 19:08:52'
}
{
  service: 'IncidenteModel',
  module: 'Movimientos/Incidente',
  movimientoId: 243,
  empresaId: 2,
  localidadId: 1,
  level: 'info',
  message: 'No se encontr� ronda para el movimiento',
  timestamp: '2025-06-16 19:10:17'
}
{
  service: 'IncidenteModel',
  module: 'Movimientos/Incidente',
  movimientoId: 217,
  empresaId: 5,
  localidadId: 1,
  level: 'info',
  message: 'No se encontr� ronda para el movimiento',
  timestamp: '2025-06-16 19:10:17'
}
{
  service: 'IncidenteModel',
  module: 'Movimientos/Incidente',
  movimientoId: 245,
  empresaId: 2,
  rondaOriginal: 1,
  localidadId: 1,
  prioridad: 'ALTA',
  level: 'info',
  message: 'Iniciando reorganizaci�n por incidente',
  timestamp: '2025-06-16 19:10:17'
}
{
  service: 'IncidenteModel',
  module: 'Movimientos/Incidente',
  movimientoId: 245,
  rondaNumero: 1,
  posicionOriginal: 1,
  posicionFinal: 1,
  level: 'info',
  message: 'Movimiento movido al final de la ronda',
  timestamp: '2025-06-16 19:10:17'
}
{
  service: 'IncidenteModel',
  module: 'Movimientos/Incidente',
  movimientoId: 243,
  empresaId: 2,
  localidadId: 1,
  level: 'info',
  message: 'No se encontr� ronda para el movimiento',
  timestamp: '2025-06-16 19:10:31'
}
{
  service: 'IncidenteModel',
  module: 'Movimientos/Incidente',
  movimientoId: 217,
  empresaId: 5,
  localidadId: 1,
  level: 'info',
  message: 'No se encontr� ronda para el movimiento',
  timestamp: '2025-06-16 19:10:31'
}
{
  service: 'IncidenteModel',
  module: 'Movimientos/Incidente',
  movimientoId: 245,
  empresaId: 2,
  rondaOriginal: 1,
  localidadId: 1,
  prioridad: 'ALTA',
  level: 'info',
  message: 'Iniciando reorganizaci�n por incidente',
  timestamp: '2025-06-16 19:10:31'
}
{
  service: 'IncidenteModel',
  module: 'Movimientos/Incidente',
  movimientoId: 245,
  rondaNumero: 1,
  posicionOriginal: 1,
  posicionFinal: 1,
  level: 'info',
  message: 'Movimiento movido al final de la ronda',
  timestamp: '2025-06-16 19:10:31'
}
{
  service: 'IncidenteModel',
  module: 'Movimientos/Incidente',
  movimientoId: 243,
  empresaId: 2,
  localidadId: 1,
  level: 'info',
  message: 'No se encontr� ronda para el movimiento',
  timestamp: '2025-06-16 21:55:57'
}
{
  service: 'IncidenteModel',
  module: 'Movimientos/Incidente',
  movimientoId: 217,
  empresaId: 5,
  localidadId: 1,
  level: 'info',
  message: 'No se encontr� ronda para el movimiento',
  timestamp: '2025-06-16 21:55:57'
}
{
  service: 'IncidenteModel',
  module: 'Movimientos/Incidente',
  movimientoId: 245,
  empresaId: 2,
  rondaOriginal: 1,
  localidadId: 1,
  prioridad: 'ALTA',
  level: 'info',
  message: 'Iniciando reorganizaci�n por incidente',
  timestamp: '2025-06-16 21:55:57'
}
{
  service: 'IncidenteModel',
  module: 'Movimientos/Incidente',
  movimientoId: 245,
  rondaNumero: 1,
  posicionOriginal: 1,
  posicionFinal: 1,
  level: 'info',
  message: 'Movimiento movido al final de la ronda',
  timestamp: '2025-06-16 21:55:57'
}
{
  service: 'IncidenteModel',
  module: 'Movimientos/Incidente',
  movimientoId: 243,
  empresaId: 2,
  localidadId: 1,
  level: 'info',
  message: 'No se encontr� ronda para el movimiento',
  timestamp: '2025-06-16 21:56:38'
}
{
  service: 'IncidenteModel',
  module: 'Movimientos/Incidente',
  movimientoId: 217,
  empresaId: 5,
  localidadId: 1,
  level: 'info',
  message: 'No se encontr� ronda para el movimiento',
  timestamp: '2025-06-16 21:56:38'
}
{
  service: 'IncidenteModel',
  module: 'Movimientos/Incidente',
  movimientoId: 245,
  empresaId: 2,
  rondaOriginal: 1,
  localidadId: 1,
  prioridad: 'ALTA',
  level: 'info',
  message: 'Iniciando reorganizaci�n por incidente',
  timestamp: '2025-06-16 21:56:38'
}
{
  service: 'IncidenteModel',
  module: 'Movimientos/Incidente',
  movimientoId: 245,
  rondaNumero: 1,
  posicionOriginal: 1,
  posicionFinal: 1,
  level: 'info',
  message: 'Movimiento movido al final de la ronda',
  timestamp: '2025-06-16 21:56:38'
}
{
  service: 'IncidenteModel',
  module: 'Movimientos/Incidente',
  movimientoId: 243,
  empresaId: 2,
  localidadId: 1,
  level: 'info',
  message: 'No se encontr� ronda para el movimiento',
  timestamp: '2025-06-16 21:58:41'
}
{
  service: 'IncidenteModel',
  module: 'Movimientos/Incidente',
  movimientoId: 217,
  empresaId: 5,
  localidadId: 1,
  level: 'info',
  message: 'No se encontr� ronda para el movimiento',
  timestamp: '2025-06-16 21:58:41'
}
{
  service: 'IncidenteModel',
  module: 'Movimientos/Incidente',
  movimientoId: 245,
  empresaId: 2,
  rondaOriginal: 1,
  localidadId: 1,
  prioridad: 'ALTA',
  level: 'info',
  message: 'Iniciando reorganizaci�n por incidente',
  timestamp: '2025-06-16 21:58:41'
}
{
  service: 'IncidenteModel',
  module: 'Movimientos/Incidente',
  movimientoId: 245,
  rondaNumero: 1,
  posicionOriginal: 1,
  posicionFinal: 1,
  level: 'info',
  message: 'Movimiento movido al final de la ronda',
  timestamp: '2025-06-16 21:58:41'
}
{
  service: 'IncidenteModel',
  module: 'Movimientos/Incidente',
  movimientoId: 243,
  empresaId: 2,
  localidadId: 1,
  level: 'info',
  message: 'No se encontr� ronda para el movimiento',
  timestamp: '2025-06-16 21:58:44'
}
{
  service: 'IncidenteModel',
  module: 'Movimientos/Incidente',
  movimientoId: 217,
  empresaId: 5,
  localidadId: 1,
  level: 'info',
  message: 'No se encontr� ronda para el movimiento',
  timestamp: '2025-06-16 21:58:44'
}
{
  service: 'IncidenteModel',
  module: 'Movimientos/Incidente',
  movimientoId: 245,
  empresaId: 2,
  rondaOriginal: 1,
  localidadId: 1,
  prioridad: 'ALTA',
  level: 'info',
  message: 'Iniciando reorganizaci�n por incidente',
  timestamp: '2025-06-16 21:58:44'
}
{
  service: 'IncidenteModel',
  module: 'Movimientos/Incidente',
  movimientoId: 245,
  rondaNumero: 1,
  posicionOriginal: 1,
  posicionFinal: 1,
  level: 'info',
  message: 'Movimiento movido al final de la ronda',
  timestamp: '2025-06-16 21:58:44'
}
{
  service: 'IncidenteModel',
  module: 'Movimientos/Incidente',
  movimientoId: 243,
  empresaId: 2,
  localidadId: 1,
  level: 'info',
  message: 'No se encontr� ronda para el movimiento',
  timestamp: '2025-06-16 22:26:50'
}
{
  service: 'IncidenteModel',
  module: 'Movimientos/Incidente',
  movimientoId: 217,
  empresaId: 5,
  localidadId: 1,
  level: 'info',
  message: 'No se encontr� ronda para el movimiento',
  timestamp: '2025-06-16 22:26:50'
}
{
  service: 'IncidenteModel',
  module: 'Movimientos/Incidente',
  movimientoId: 245,
  empresaId: 2,
  rondaOriginal: 1,
  localidadId: 1,
  prioridad: 'ALTA',
  level: 'info',
  message: 'Iniciando reorganizaci�n por incidente',
  timestamp: '2025-06-16 22:26:50'
}
{
  service: 'IncidenteModel',
  module: 'Movimientos/Incidente',
  movimientoId: 245,
  rondaNumero: 1,
  posicionOriginal: 1,
  posicionFinal: 1,
  level: 'info',
  message: 'Movimiento movido al final de la ronda',
  timestamp: '2025-06-16 22:26:50'
}
{
  service: 'IncidenteModel',
  module: 'Movimientos/Incidente',
  movimientoId: 243,
  empresaId: 2,
  localidadId: 1,
  level: 'info',
  message: 'No se encontr� ronda para el movimiento',
  timestamp: '2025-06-16 22:32:18'
}
{
  service: 'IncidenteModel',
  module: 'Movimientos/Incidente',
  movimientoId: 217,
  empresaId: 5,
  localidadId: 1,
  level: 'info',
  message: 'No se encontr� ronda para el movimiento',
  timestamp: '2025-06-16 22:32:18'
}
{
  service: 'IncidenteModel',
  module: 'Movimientos/Incidente',
  movimientoId: 245,
  empresaId: 2,
  rondaOriginal: 1,
  localidadId: 1,
  prioridad: 'ALTA',
  level: 'info',
  message: 'Iniciando reorganizaci�n por incidente',
  timestamp: '2025-06-16 22:32:18'
}
{
  service: 'IncidenteModel',
  module: 'Movimientos/Incidente',
  movimientoId: 245,
  rondaNumero: 1,
  posicionOriginal: 1,
  posicionFinal: 1,
  level: 'info',
  message: 'Movimiento movido al final de la ronda',
  timestamp: '2025-06-16 22:32:18'
}
{
  service: 'IncidenteModel',
  module: 'Movimientos/Incidente',
  movimientoId: 243,
  empresaId: 2,
  localidadId: 1,
  level: 'info',
  message: 'No se encontr� ronda para el movimiento',
  timestamp: '2025-06-16 23:49:05'
}
{
  service: 'IncidenteModel',
  module: 'Movimientos/Incidente',
  movimientoId: 217,
  empresaId: 5,
  localidadId: 1,
  level: 'info',
  message: 'No se encontr� ronda para el movimiento',
  timestamp: '2025-06-16 23:49:05'
}
{
  service: 'IncidenteModel',
  module: 'Movimientos/Incidente',
  movimientoId: 245,
  empresaId: 2,
  rondaOriginal: 1,
  localidadId: 1,
  prioridad: 'ALTA',
  level: 'info',
  message: 'Iniciando reorganizaci�n por incidente',
  timestamp: '2025-06-16 23:49:05'
}
{
  service: 'IncidenteModel',
  module: 'Movimientos/Incidente',
  movimientoId: 245,
  rondaNumero: 1,
  posicionOriginal: 1,
  posicionFinal: 1,
  level: 'info',
  message: 'Movimiento movido al final de la ronda',
  timestamp: '2025-06-16 23:49:05'
}
{
  service: 'IncidenteModel',
  module: 'Movimientos/Incidente',
  movimientoId: 243,
  empresaId: 2,
  localidadId: 1,
  level: 'info',
  message: 'No se encontr� ronda para el movimiento',
  timestamp: '2025-06-16 23:49:09'
}
{
  service: 'IncidenteModel',
  module: 'Movimientos/Incidente',
  movimientoId: 217,
  empresaId: 5,
  localidadId: 1,
  level: 'info',
  message: 'No se encontr� ronda para el movimiento',
  timestamp: '2025-06-16 23:49:09'
}
{
  service: 'IncidenteModel',
  module: 'Movimientos/Incidente',
  movimientoId: 245,
  empresaId: 2,
  rondaOriginal: 1,
  localidadId: 1,
  prioridad: 'ALTA',
  level: 'info',
  message: 'Iniciando reorganizaci�n por incidente',
  timestamp: '2025-06-16 23:49:09'
}
{
  service: 'IncidenteModel',
  module: 'Movimientos/Incidente',
  movimientoId: 245,
  rondaNumero: 1,
  posicionOriginal: 1,
  posicionFinal: 1,
  level: 'info',
  message: 'Movimiento movido al final de la ronda',
  timestamp: '2025-06-16 23:49:09'
}
{
  service: 'IncidenteModel',
  module: 'Movimientos/Incidente',
  movimientoId: 243,
  empresaId: 2,
  localidadId: 1,
  level: 'info',
  message: 'No se encontr� ronda para el movimiento',
  timestamp: '2025-06-16 23:49:28'
}
{
  service: 'IncidenteModel',
  module: 'Movimientos/Incidente',
  movimientoId: 217,
  empresaId: 5,
  localidadId: 1,
  level: 'info',
  message: 'No se encontr� ronda para el movimiento',
  timestamp: '2025-06-16 23:49:28'
}
{
  service: 'IncidenteModel',
  module: 'Movimientos/Incidente',
  movimientoId: 245,
  empresaId: 2,
  rondaOriginal: 1,
  localidadId: 1,
  prioridad: 'ALTA',
  level: 'info',
  message: 'Iniciando reorganizaci�n por incidente',
  timestamp: '2025-06-16 23:49:28'
}
{
  service: 'IncidenteModel',
  module: 'Movimientos/Incidente',
  movimientoId: 245,
  rondaNumero: 1,
  posicionOriginal: 1,
  posicionFinal: 1,
  level: 'info',
  message: 'Movimiento movido al final de la ronda',
  timestamp: '2025-06-16 23:49:28'
}
{
  service: 'IncidenteModel',
  module: 'Movimientos/Incidente',
  movimientoId: 243,
  empresaId: 2,
  localidadId: 1,
  level: 'info',
  message: 'No se encontr� ronda para el movimiento',
  timestamp: '2025-06-16 23:49:48'
}
{
  service: 'IncidenteModel',
  module: 'Movimientos/Incidente',
  movimientoId: 217,
  empresaId: 5,
  localidadId: 1,
  level: 'info',
  message: 'No se encontr� ronda para el movimiento',
  timestamp: '2025-06-16 23:49:48'
}
{
  service: 'IncidenteModel',
  module: 'Movimientos/Incidente',
  movimientoId: 245,
  empresaId: 2,
  rondaOriginal: 1,
  localidadId: 1,
  prioridad: 'ALTA',
  level: 'info',
  message: 'Iniciando reorganizaci�n por incidente',
  timestamp: '2025-06-16 23:49:48'
}
{
  service: 'IncidenteModel',
  module: 'Movimientos/Incidente',
  movimientoId: 245,
  rondaNumero: 1,
  posicionOriginal: 1,
  posicionFinal: 1,
  level: 'info',
  message: 'Movimiento movido al final de la ronda',
  timestamp: '2025-06-16 23:49:48'
}
{
  service: 'IncidenteModel',
  module: 'Movimientos/Incidente',
  movimientoId: 243,
  empresaId: 2,
  localidadId: 1,
  level: 'info',
  message: 'No se encontr� ronda para el movimiento',
  timestamp: '2025-06-16 23:49:56'
}
{
  service: 'IncidenteModel',
  module: 'Movimientos/Incidente',
  movimientoId: 217,
  empresaId: 5,
  localidadId: 1,
  level: 'info',
  message: 'No se encontr� ronda para el movimiento',
  timestamp: '2025-06-16 23:49:56'
}
{
  service: 'IncidenteModel',
  module: 'Movimientos/Incidente',
  movimientoId: 245,
  empresaId: 2,
  rondaOriginal: 1,
  localidadId: 1,
  prioridad: 'ALTA',
  level: 'info',
  message: 'Iniciando reorganizaci�n por incidente',
  timestamp: '2025-06-16 23:49:56'
}
{
  service: 'IncidenteModel',
  module: 'Movimientos/Incidente',
  movimientoId: 245,
  rondaNumero: 1,
  posicionOriginal: 1,
  posicionFinal: 1,
  level: 'info',
  message: 'Movimiento movido al final de la ronda',
  timestamp: '2025-06-16 23:49:56'
}
{
  service: 'IncidenteModel',
  module: 'Movimientos/Incidente',
  movimientoId: 243,
  empresaId: 2,
  localidadId: 1,
  level: 'info',
  message: 'No se encontr� ronda para el movimiento',
  timestamp: '2025-06-16 23:50:12'
}
{
  service: 'IncidenteModel',
  module: 'Movimientos/Incidente',
  movimientoId: 217,
  empresaId: 5,
  localidadId: 1,
  level: 'info',
  message: 'No se encontr� ronda para el movimiento',
  timestamp: '2025-06-16 23:50:12'
}
{
  service: 'IncidenteModel',
  module: 'Movimientos/Incidente',
  movimientoId: 245,
  empresaId: 2,
  rondaOriginal: 1,
  localidadId: 1,
  prioridad: 'ALTA',
  level: 'info',
  message: 'Iniciando reorganizaci�n por incidente',
  timestamp: '2025-06-16 23:50:12'
}
{
  service: 'IncidenteModel',
  module: 'Movimientos/Incidente',
  movimientoId: 245,
  rondaNumero: 1,
  posicionOriginal: 1,
  posicionFinal: 1,
  level: 'info',
  message: 'Movimiento movido al final de la ronda',
  timestamp: '2025-06-16 23:50:12'
}
{
  service: 'IncidenteModel',
  module: 'Movimientos/Incidente',
  movimientoId: 243,
  empresaId: 2,
  localidadId: 1,
  level: 'info',
  message: 'No se encontr� ronda para el movimiento',
  timestamp: '2025-06-16 23:54:16'
}
{
  service: 'IncidenteModel',
  module: 'Movimientos/Incidente',
  movimientoId: 217,
  empresaId: 5,
  localidadId: 1,
  level: 'info',
  message: 'No se encontr� ronda para el movimiento',
  timestamp: '2025-06-16 23:54:16'
}
{
  service: 'IncidenteModel',
  module: 'Movimientos/Incidente',
  movimientoId: 245,
  empresaId: 2,
  rondaOriginal: 1,
  localidadId: 1,
  prioridad: 'ALTA',
  level: 'info',
  message: 'Iniciando reorganizaci�n por incidente',
  timestamp: '2025-06-16 23:54:16'
}
{
  service: 'IncidenteModel',
  module: 'Movimientos/Incidente',
  movimientoId: 245,
  rondaNumero: 1,
  posicionOriginal: 1,
  posicionFinal: 1,
  level: 'info',
  message: 'Movimiento movido al final de la ronda',
  timestamp: '2025-06-16 23:54:16'
}
{
  service: 'IncidenteModel',
  module: 'Movimientos/Incidente',
  movimientoId: 243,
  empresaId: 2,
  localidadId: 1,
  level: 'info',
  message: 'No se encontr� ronda para el movimiento',
  timestamp: '2025-06-16 23:54:26'
}
{
  service: 'IncidenteModel',
  module: 'Movimientos/Incidente',
  movimientoId: 217,
  empresaId: 5,
  localidadId: 1,
  level: 'info',
  message: 'No se encontr� ronda para el movimiento',
  timestamp: '2025-06-16 23:54:26'
}
{
  service: 'IncidenteModel',
  module: 'Movimientos/Incidente',
  movimientoId: 245,
  empresaId: 2,
  rondaOriginal: 1,
  localidadId: 1,
  prioridad: 'ALTA',
  level: 'info',
  message: 'Iniciando reorganizaci�n por incidente',
  timestamp: '2025-06-16 23:54:26'
}
{
  service: 'IncidenteModel',
  module: 'Movimientos/Incidente',
  movimientoId: 245,
  rondaNumero: 1,
  posicionOriginal: 1,
  posicionFinal: 1,
  level: 'info',
  message: 'Movimiento movido al final de la ronda',
  timestamp: '2025-06-16 23:54:26'
}
{
  service: 'IncidenteModel',
  module: 'Movimientos/Incidente',
  movimientoId: 243,
  empresaId: 2,
  localidadId: 1,
  level: 'info',
  message: 'No se encontr� ronda para el movimiento',
  timestamp: '2025-06-16 23:55:25'
}
{
  service: 'IncidenteModel',
  module: 'Movimientos/Incidente',
  movimientoId: 217,
  empresaId: 5,
  localidadId: 1,
  level: 'info',
  message: 'No se encontr� ronda para el movimiento',
  timestamp: '2025-06-16 23:55:25'
}
{
  service: 'IncidenteModel',
  module: 'Movimientos/Incidente',
  movimientoId: 245,
  empresaId: 2,
  rondaOriginal: 1,
  localidadId: 1,
  prioridad: 'ALTA',
  level: 'info',
  message: 'Iniciando reorganizaci�n por incidente',
  timestamp: '2025-06-16 23:55:25'
}
{
  service: 'IncidenteModel',
  module: 'Movimientos/Incidente',
  movimientoId: 245,
  rondaNumero: 1,
  posicionOriginal: 1,
  posicionFinal: 1,
  level: 'info',
  message: 'Movimiento movido al final de la ronda',
  timestamp: '2025-06-16 23:55:25'
}
{
  service: 'IncidenteModel',
  module: 'Movimientos/Incidente',
  movimientoId: 243,
  empresaId: 2,
  localidadId: 1,
  level: 'info',
  message: 'No se encontr� ronda para el movimiento',
  timestamp: '2025-06-17 06:14:44'
}
{
  service: 'IncidenteModel',
  module: 'Movimientos/Incidente',
  movimientoId: 217,
  empresaId: 5,
  localidadId: 1,
  level: 'info',
  message: 'No se encontr� ronda para el movimiento',
  timestamp: '2025-06-17 06:14:44'
}
{
  service: 'IncidenteModel',
  module: 'Movimientos/Incidente',
  movimientoId: 245,
  empresaId: 2,
  rondaOriginal: 1,
  localidadId: 1,
  prioridad: 'ALTA',
  level: 'info',
  message: 'Iniciando reorganizaci�n por incidente',
  timestamp: '2025-06-17 06:14:44'
}
{
  service: 'IncidenteModel',
  module: 'Movimientos/Incidente',
  movimientoId: 245,
  rondaNumero: 1,
  posicionOriginal: 1,
  posicionFinal: 1,
  level: 'info',
  message: 'Movimiento movido al final de la ronda',
  timestamp: '2025-06-17 06:14:44'
}
{
  service: 'IncidenteModel',
  module: 'Movimientos/Incidente',
  movimientoId: 243,
  empresaId: 2,
  localidadId: 1,
  level: 'info',
  message: 'No se encontr� ronda para el movimiento',
  timestamp: '2025-06-17 06:14:47'
}
{
  service: 'IncidenteModel',
  module: 'Movimientos/Incidente',
  movimientoId: 217,
  empresaId: 5,
  localidadId: 1,
  level: 'info',
  message: 'No se encontr� ronda para el movimiento',
  timestamp: '2025-06-17 06:14:47'
}
{
  service: 'IncidenteModel',
  module: 'Movimientos/Incidente',
  movimientoId: 245,
  empresaId: 2,
  rondaOriginal: 1,
  localidadId: 1,
  prioridad: 'ALTA',
  level: 'info',
  message: 'Iniciando reorganizaci�n por incidente',
  timestamp: '2025-06-17 06:14:47'
}
{
  service: 'IncidenteModel',
  module: 'Movimientos/Incidente',
  movimientoId: 245,
  rondaNumero: 1,
  posicionOriginal: 1,
  posicionFinal: 1,
  level: 'info',
  message: 'Movimiento movido al final de la ronda',
  timestamp: '2025-06-17 06:14:47'
}
{
  service: 'IncidenteModel',
  module: 'Movimientos/Incidente',
  movimientoId: 243,
  empresaId: 2,
  localidadId: 1,
  level: 'info',
  message: 'No se encontr� ronda para el movimiento',
  timestamp: '2025-06-17 06:38:00'
}
{
  service: 'IncidenteModel',
  module: 'Movimientos/Incidente',
  movimientoId: 217,
  empresaId: 5,
  localidadId: 1,
  level: 'info',
  message: 'No se encontr� ronda para el movimiento',
  timestamp: '2025-06-17 06:38:00'
}
{
  service: 'IncidenteModel',
  module: 'Movimientos/Incidente',
  movimientoId: 245,
  empresaId: 2,
  rondaOriginal: 1,
  localidadId: 1,
  prioridad: 'ALTA',
  level: 'info',
  message: 'Iniciando reorganizaci�n por incidente',
  timestamp: '2025-06-17 06:38:00'
}
{
  service: 'IncidenteModel',
  module: 'Movimientos/Incidente',
  movimientoId: 245,
  rondaNumero: 1,
  posicionOriginal: 1,
  posicionFinal: 1,
  level: 'info',
  message: 'Movimiento movido al final de la ronda',
  timestamp: '2025-06-17 06:38:00'
}
{
  service: 'IncidenteModel',
  module: 'Movimientos/Incidente',
  movimientoId: 243,
  empresaId: 2,
  localidadId: 1,
  level: 'info',
  message: 'No se encontr� ronda para el movimiento',
  timestamp: '2025-06-17 06:39:08'
}
{
  service: 'IncidenteModel',
  module: 'Movimientos/Incidente',
  movimientoId: 217,
  empresaId: 5,
  localidadId: 1,
  level: 'info',
  message: 'No se encontr� ronda para el movimiento',
  timestamp: '2025-06-17 06:39:08'
}
{
  service: 'IncidenteModel',
  module: 'Movimientos/Incidente',
  movimientoId: 245,
  empresaId: 2,
  rondaOriginal: 1,
  localidadId: 1,
  prioridad: 'ALTA',
  level: 'info',
  message: 'Iniciando reorganizaci�n por incidente',
  timestamp: '2025-06-17 06:39:08'
}
{
  service: 'IncidenteModel',
  module: 'Movimientos/Incidente',
  movimientoId: 245,
  rondaNumero: 1,
  posicionOriginal: 1,
  posicionFinal: 1,
  level: 'info',
  message: 'Movimiento movido al final de la ronda',
  timestamp: '2025-06-17 06:39:08'
}
{
  service: 'IncidenteModel',
  module: 'Movimientos/Incidente',
  movimientoId: 243,
  empresaId: 2,
  localidadId: 1,
  level: 'info',
  message: 'No se encontr� ronda para el movimiento',
  timestamp: '2025-06-17 06:46:40'
}
{
  service: 'IncidenteModel',
  module: 'Movimientos/Incidente',
  movimientoId: 217,
  empresaId: 5,
  localidadId: 1,
  level: 'info',
  message: 'No se encontr� ronda para el movimiento',
  timestamp: '2025-06-17 06:46:40'
}
{
  service: 'IncidenteModel',
  module: 'Movimientos/Incidente',
  movimientoId: 245,
  empresaId: 2,
  rondaOriginal: 1,
  localidadId: 1,
  prioridad: 'ALTA',
  level: 'info',
  message: 'Iniciando reorganizaci�n por incidente',
  timestamp: '2025-06-17 06:46:40'
}
{
  service: 'IncidenteModel',
  module: 'Movimientos/Incidente',
  movimientoId: 245,
  rondaNumero: 1,
  posicionOriginal: 1,
  posicionFinal: 1,
  level: 'info',
  message: 'Movimiento movido al final de la ronda',
  timestamp: '2025-06-17 06:46:40'
}
{
  service: 'IncidenteModel',
  module: 'Movimientos/Incidente',
  movimientoId: 243,
  empresaId: 2,
  localidadId: 1,
  level: 'info',
  message: 'No se encontr� ronda para el movimiento',
  timestamp: '2025-06-17 06:46:44'
}
{
  service: 'IncidenteModel',
  module: 'Movimientos/Incidente',
  movimientoId: 217,
  empresaId: 5,
  localidadId: 1,
  level: 'info',
  message: 'No se encontr� ronda para el movimiento',
  timestamp: '2025-06-17 06:46:44'
}
{
  service: 'IncidenteModel',
  module: 'Movimientos/Incidente',
  movimientoId: 245,
  empresaId: 2,
  rondaOriginal: 1,
  localidadId: 1,
  prioridad: 'ALTA',
  level: 'info',
  message: 'Iniciando reorganizaci�n por incidente',
  timestamp: '2025-06-17 06:46:44'
}
{
  service: 'IncidenteModel',
  module: 'Movimientos/Incidente',
  movimientoId: 245,
  rondaNumero: 1,
  posicionOriginal: 1,
  posicionFinal: 1,
  level: 'info',
  message: 'Movimiento movido al final de la ronda',
  timestamp: '2025-06-17 06:46:44'
}
{
  service: 'IncidenteModel',
  module: 'Movimientos/Incidente',
  movimientoId: 243,
  empresaId: 2,
  localidadId: 1,
  level: 'info',
  message: 'No se encontr� ronda para el movimiento',
  timestamp: '2025-06-17 06:51:19'
}
{
  service: 'IncidenteModel',
  module: 'Movimientos/Incidente',
  movimientoId: 217,
  empresaId: 5,
  localidadId: 1,
  level: 'info',
  message: 'No se encontr� ronda para el movimiento',
  timestamp: '2025-06-17 06:51:19'
}
{
  service: 'IncidenteModel',
  module: 'Movimientos/Incidente',
  movimientoId: 245,
  empresaId: 2,
  rondaOriginal: 1,
  localidadId: 1,
  prioridad: 'ALTA',
  level: 'info',
  message: 'Iniciando reorganizaci�n por incidente',
  timestamp: '2025-06-17 06:51:19'
}
{
  service: 'IncidenteModel',
  module: 'Movimientos/Incidente',
  movimientoId: 245,
  rondaNumero: 1,
  posicionOriginal: 1,
  posicionFinal: 1,
  level: 'info',
  message: 'Movimiento movido al final de la ronda',
  timestamp: '2025-06-17 06:51:19'
}
{
  service: 'IncidenteModel',
  module: 'Movimientos/Incidente',
  movimientoId: 243,
  empresaId: 2,
  localidadId: 1,
  level: 'info',
  message: 'No se encontr� ronda para el movimiento',
  timestamp: '2025-06-17 06:51:24'
}
{
  service: 'IncidenteModel',
  module: 'Movimientos/Incidente',
  movimientoId: 217,
  empresaId: 5,
  localidadId: 1,
  level: 'info',
  message: 'No se encontr� ronda para el movimiento',
  timestamp: '2025-06-17 06:51:24'
}
{
  service: 'IncidenteModel',
  module: 'Movimientos/Incidente',
  movimientoId: 245,
  empresaId: 2,
  rondaOriginal: 1,
  localidadId: 1,
  prioridad: 'ALTA',
  level: 'info',
  message: 'Iniciando reorganizaci�n por incidente',
  timestamp: '2025-06-17 06:51:24'
}
{
  service: 'IncidenteModel',
  module: 'Movimientos/Incidente',
  movimientoId: 245,
  rondaNumero: 1,
  posicionOriginal: 1,
  posicionFinal: 1,
  level: 'info',
  message: 'Movimiento movido al final de la ronda',
  timestamp: '2025-06-17 06:51:24'
}
{
  service: 'IncidenteModel',
  module: 'Movimientos/Incidente',
  movimientoId: 243,
  empresaId: 2,
  localidadId: 1,
  level: 'info',
  message: 'No se encontr� ronda para el movimiento',
  timestamp: '2025-06-17 06:55:19'
}
{
  service: 'IncidenteModel',
  module: 'Movimientos/Incidente',
  movimientoId: 217,
  empresaId: 5,
  localidadId: 1,
  level: 'info',
  message: 'No se encontr� ronda para el movimiento',
  timestamp: '2025-06-17 06:55:19'
}
{
  service: 'IncidenteModel',
  module: 'Movimientos/Incidente',
  movimientoId: 245,
  empresaId: 2,
  rondaOriginal: 1,
  localidadId: 1,
  prioridad: 'ALTA',
  level: 'info',
  message: 'Iniciando reorganizaci�n por incidente',
  timestamp: '2025-06-17 06:55:19'
}
{
  service: 'IncidenteModel',
  module: 'Movimientos/Incidente',
  movimientoId: 245,
  rondaNumero: 1,
  posicionOriginal: 1,
  posicionFinal: 1,
  level: 'info',
  message: 'Movimiento movido al final de la ronda',
  timestamp: '2025-06-17 06:55:19'
}
{
  service: 'IncidenteModel',
  module: 'Movimientos/Incidente',
  movimientoId: 243,
  empresaId: 2,
  localidadId: 1,
  level: 'info',
  message: 'No se encontr� ronda para el movimiento',
  timestamp: '2025-06-17 07:17:58'
}
{
  service: 'IncidenteModel',
  module: 'Movimientos/Incidente',
  movimientoId: 217,
  empresaId: 5,
  localidadId: 1,
  level: 'info',
  message: 'No se encontr� ronda para el movimiento',
  timestamp: '2025-06-17 07:17:58'
}
{
  service: 'IncidenteModel',
  module: 'Movimientos/Incidente',
  movimientoId: 245,
  empresaId: 2,
  rondaOriginal: 1,
  localidadId: 1,
  prioridad: 'ALTA',
  level: 'info',
  message: 'Iniciando reorganizaci�n por incidente',
  timestamp: '2025-06-17 07:17:58'
}
{
  service: 'IncidenteModel',
  module: 'Movimientos/Incidente',
  movimientoId: 245,
  rondaNumero: 1,
  posicionOriginal: 1,
  posicionFinal: 1,
  level: 'info',
  message: 'Movimiento movido al final de la ronda',
  timestamp: '2025-06-17 07:17:58'
}
{
  service: 'IncidenteModel',
  module: 'Movimientos/Incidente',
  movimientoId: 243,
  empresaId: 2,
  localidadId: 1,
  level: 'info',
  message: 'No se encontr� ronda para el movimiento',
  timestamp: '2025-06-17 07:18:40'
}
{
  service: 'IncidenteModel',
  module: 'Movimientos/Incidente',
  movimientoId: 217,
  empresaId: 5,
  localidadId: 1,
  level: 'info',
  message: 'No se encontr� ronda para el movimiento',
  timestamp: '2025-06-17 07:18:40'
}
{
  service: 'IncidenteModel',
  module: 'Movimientos/Incidente',
  movimientoId: 245,
  empresaId: 2,
  rondaOriginal: 1,
  localidadId: 1,
  prioridad: 'ALTA',
  level: 'info',
  message: 'Iniciando reorganizaci�n por incidente',
  timestamp: '2025-06-17 07:18:40'
}
{
  service: 'IncidenteModel',
  module: 'Movimientos/Incidente',
  movimientoId: 245,
  rondaNumero: 1,
  posicionOriginal: 1,
  posicionFinal: 1,
  level: 'info',
  message: 'Movimiento movido al final de la ronda',
  timestamp: '2025-06-17 07:18:40'
}
{
  service: 'IncidenteModel',
  module: 'Movimientos/Incidente',
  movimientoId: 243,
  empresaId: 2,
  localidadId: 1,
  level: 'info',
  message: 'No se encontr� ronda para el movimiento',
  timestamp: '2025-06-17 15:07:17'
}
{
  service: 'IncidenteModel',
  module: 'Movimientos/Incidente',
  movimientoId: 217,
  empresaId: 5,
  localidadId: 1,
  level: 'info',
  message: 'No se encontr� ronda para el movimiento',
  timestamp: '2025-06-17 15:07:17'
}
{
  service: 'IncidenteModel',
  module: 'Movimientos/Incidente',
  movimientoId: 245,
  empresaId: 2,
  rondaOriginal: 1,
  localidadId: 1,
  prioridad: 'ALTA',
  level: 'info',
  message: 'Iniciando reorganizaci�n por incidente',
  timestamp: '2025-06-17 15:07:17'
}
{
  service: 'IncidenteModel',
  module: 'Movimientos/Incidente',
  movimientoId: 245,
  rondaNumero: 1,
  posicionOriginal: 1,
  posicionFinal: 1,
  level: 'info',
  message: 'Movimiento movido al final de la ronda',
  timestamp: '2025-06-17 15:07:17'
}
{
  service: 'IncidenteModel',
  module: 'Movimientos/Incidente',
  movimientoId: 243,
  empresaId: 2,
  localidadId: 1,
  level: 'info',
  message: 'No se encontr� ronda para el movimiento',
  timestamp: '2025-06-17 15:07:44'
}
{
  service: 'IncidenteModel',
  module: 'Movimientos/Incidente',
  movimientoId: 217,
  empresaId: 5,
  localidadId: 1,
  level: 'info',
  message: 'No se encontr� ronda para el movimiento',
  timestamp: '2025-06-17 15:07:44'
}
{
  service: 'IncidenteModel',
  module: 'Movimientos/Incidente',
  movimientoId: 245,
  empresaId: 2,
  rondaOriginal: 1,
  localidadId: 1,
  prioridad: 'ALTA',
  level: 'info',
  message: 'Iniciando reorganizaci�n por incidente',
  timestamp: '2025-06-17 15:07:44'
}
{
  service: 'IncidenteModel',
  module: 'Movimientos/Incidente',
  movimientoId: 245,
  rondaNumero: 1,
  posicionOriginal: 1,
  posicionFinal: 1,
  level: 'info',
  message: 'Movimiento movido al final de la ronda',
  timestamp: '2025-06-17 15:07:44'
}
{
  service: 'IncidenteModel',
  module: 'Movimientos/Incidente',
  movimientoId: 243,
  empresaId: 2,
  localidadId: 1,
  level: 'info',
  message: 'No se encontr� ronda para el movimiento',
  timestamp: '2025-06-17 15:11:39'
}
{
  service: 'IncidenteModel',
  module: 'Movimientos/Incidente',
  movimientoId: 217,
  empresaId: 5,
  localidadId: 1,
  level: 'info',
  message: 'No se encontr� ronda para el movimiento',
  timestamp: '2025-06-17 15:11:39'
}
{
  service: 'IncidenteModel',
  module: 'Movimientos/Incidente',
  movimientoId: 245,
  empresaId: 2,
  rondaOriginal: 1,
  localidadId: 1,
  prioridad: 'ALTA',
  level: 'info',
  message: 'Iniciando reorganizaci�n por incidente',
  timestamp: '2025-06-17 15:11:39'
}
{
  service: 'IncidenteModel',
  module: 'Movimientos/Incidente',
  movimientoId: 245,
  rondaNumero: 1,
  posicionOriginal: 1,
  posicionFinal: 1,
  level: 'info',
  message: 'Movimiento movido al final de la ronda',
  timestamp: '2025-06-17 15:11:39'
}
{
  service: 'IncidenteModel',
  module: 'Movimientos/Incidente',
  incidenteId: 75,
  cantidad: 1,
  carpeta: '/var/www/Cosaif/uploads/incidentes/2025/06/17',
  level: 'info',
  message: 'Imagenes procesadas y guardadas',
  timestamp: '2025-06-17 15:12:24'
}
{
  service: 'IncidenteModel',
  module: 'Movimientos/Incidente',
  incidenteId: 75,
  movimientoId: 245,
  empresaId: 2,
  localidadId: 1,
  imagenesGuardadas: 1,
  level: 'info',
  message: 'Incidente creado y procesado',
  timestamp: '2025-06-17 15:12:25'
}
{
  service: 'IncidenteModel',
  module: 'Movimientos/Incidente',
  incidenteId: 76,
  cantidad: 1,
  carpeta: '/var/www/Cosaif/uploads/incidentes/2025/06/17',
  level: 'info',
  message: 'Imagenes procesadas y guardadas',
  timestamp: '2025-06-17 15:12:44'
}
{
  service: 'IncidenteModel',
  module: 'Movimientos/Incidente',
  incidenteId: 76,
  movimientoId: 245,
  empresaId: 2,
  localidadId: 1,
  imagenesGuardadas: 1,
  level: 'info',
  message: 'Incidente creado y procesado',
  timestamp: '2025-06-17 15:12:45'
}
{
  service: 'IncidenteModel',
  module: 'Movimientos/Incidente',
  incidenteId: 77,
  cantidad: 1,
  carpeta: '/var/www/Cosaif/uploads/incidentes/2025/06/17',
  level: 'info',
  message: 'Imagenes procesadas y guardadas',
  timestamp: '2025-06-17 15:12:55'
}
{
  service: 'IncidenteModel',
  module: 'Movimientos/Incidente',
  incidenteId: 77,
  movimientoId: 245,
  empresaId: 2,
  localidadId: 1,
  imagenesGuardadas: 1,
  level: 'info',
  message: 'Incidente creado y procesado',
  timestamp: '2025-06-17 15:12:56'
}
{
  service: 'IncidenteModel',
  module: 'Movimientos/Incidente',
  movimientoId: 243,
  empresaId: 2,
  localidadId: 1,
  level: 'info',
  message: 'No se encontr� ronda para el movimiento',
  timestamp: '2025-06-17 15:23:49'
}
{
  service: 'IncidenteModel',
  module: 'Movimientos/Incidente',
  movimientoId: 217,
  empresaId: 5,
  localidadId: 1,
  level: 'info',
  message: 'No se encontr� ronda para el movimiento',
  timestamp: '2025-06-17 15:23:49'
}
{
  service: 'IncidenteModel',
  module: 'Movimientos/Incidente',
  movimientoId: 245,
  empresaId: 2,
  rondaOriginal: 1,
  localidadId: 1,
  prioridad: 'ALTA',
  level: 'info',
  message: 'Iniciando reorganizaci�n por incidente',
  timestamp: '2025-06-17 15:23:49'
}
{
  service: 'IncidenteModel',
  module: 'Movimientos/Incidente',
  movimientoId: 245,
  rondaNumero: 1,
  posicionOriginal: 1,
  posicionFinal: 1,
  level: 'info',
  message: 'Movimiento movido al final de la ronda',
  timestamp: '2025-06-17 15:23:49'
}
{
  service: 'IncidenteModel',
  module: 'Movimientos/Incidente',
  incidenteId: 78,
  cantidad: 1,
  carpeta: '/var/www/Cosaif/uploads/incidentes/2025/06/17',
  level: 'info',
  message: 'Imagenes procesadas y guardadas',
  timestamp: '2025-06-17 15:23:56'
}
{
  service: 'IncidenteModel',
  module: 'Movimientos/Incidente',
  incidenteId: 78,
  movimientoId: 245,
  empresaId: 2,
  localidadId: 1,
  imagenesGuardadas: 1,
  level: 'info',
  message: 'Incidente creado y procesado',
  timestamp: '2025-06-17 15:23:56'
}
{
  service: 'IncidenteModel',
  module: 'Movimientos/Incidente',
  movimientoId: 243,
  empresaId: 2,
  localidadId: 1,
  level: 'info',
  message: 'No se encontr� ronda para el movimiento',
  timestamp: '2025-06-17 15:34:40'
}
{
  service: 'IncidenteModel',
  module: 'Movimientos/Incidente',
  movimientoId: 217,
  empresaId: 5,
  localidadId: 1,
  level: 'info',
  message: 'No se encontr� ronda para el movimiento',
  timestamp: '2025-06-17 15:34:40'
}
{
  service: 'IncidenteModel',
  module: 'Movimientos/Incidente',
  movimientoId: 245,
  empresaId: 2,
  rondaOriginal: 1,
  localidadId: 1,
  prioridad: 'ALTA',
  level: 'info',
  message: 'Iniciando reorganizaci�n por incidente',
  timestamp: '2025-06-17 15:34:40'
}
{
  service: 'IncidenteModel',
  module: 'Movimientos/Incidente',
  movimientoId: 245,
  rondaNumero: 1,
  posicionOriginal: 1,
  posicionFinal: 1,
  level: 'info',
  message: 'Movimiento movido al final de la ronda',
  timestamp: '2025-06-17 15:34:40'
}
{
  service: 'IncidenteModel',
  module: 'Movimientos/Incidente',
  movimientoId: 243,
  empresaId: 2,
  localidadId: 1,
  level: 'info',
  message: 'No se encontr� ronda para el movimiento',
  timestamp: '2025-06-17 15:34:42'
}
{
  service: 'IncidenteModel',
  module: 'Movimientos/Incidente',
  movimientoId: 217,
  empresaId: 5,
  localidadId: 1,
  level: 'info',
  message: 'No se encontr� ronda para el movimiento',
  timestamp: '2025-06-17 15:34:42'
}
{
  service: 'IncidenteModel',
  module: 'Movimientos/Incidente',
  movimientoId: 245,
  empresaId: 2,
  rondaOriginal: 1,
  localidadId: 1,
  prioridad: 'ALTA',
  level: 'info',
  message: 'Iniciando reorganizaci�n por incidente',
  timestamp: '2025-06-17 15:34:42'
}
{
  service: 'IncidenteModel',
  module: 'Movimientos/Incidente',
  movimientoId: 245,
  rondaNumero: 1,
  posicionOriginal: 1,
  posicionFinal: 1,
  level: 'info',
  message: 'Movimiento movido al final de la ronda',
  timestamp: '2025-06-17 15:34:42'
}
{
  service: 'IncidenteModel',
  module: 'Movimientos/Incidente',
  movimientoId: 243,
  empresaId: 2,
  localidadId: 1,
  level: 'info',
  message: 'No se encontr� ronda para el movimiento',
  timestamp: '2025-06-17 15:34:55'
}
{
  service: 'IncidenteModel',
  module: 'Movimientos/Incidente',
  movimientoId: 217,
  empresaId: 5,
  localidadId: 1,
  level: 'info',
  message: 'No se encontr� ronda para el movimiento',
  timestamp: '2025-06-17 15:34:55'
}
{
  service: 'IncidenteModel',
  module: 'Movimientos/Incidente',
  movimientoId: 245,
  empresaId: 2,
  rondaOriginal: 1,
  localidadId: 1,
  prioridad: 'ALTA',
  level: 'info',
  message: 'Iniciando reorganizaci�n por incidente',
  timestamp: '2025-06-17 15:34:55'
}
{
  service: 'IncidenteModel',
  module: 'Movimientos/Incidente',
  movimientoId: 245,
  rondaNumero: 1,
  posicionOriginal: 1,
  posicionFinal: 1,
  level: 'info',
  message: 'Movimiento movido al final de la ronda',
  timestamp: '2025-06-17 15:34:55'
}
{
  service: 'IncidenteModel',
  module: 'Movimientos/Incidente',
  movimientoId: 243,
  empresaId: 2,
  localidadId: 1,
  level: 'info',
  message: 'No se encontr� ronda para el movimiento',
  timestamp: '2025-06-17 15:34:58'
}
{
  service: 'IncidenteModel',
  module: 'Movimientos/Incidente',
  movimientoId: 217,
  empresaId: 5,
  localidadId: 1,
  level: 'info',
  message: 'No se encontr� ronda para el movimiento',
  timestamp: '2025-06-17 15:34:58'
}
{
  service: 'IncidenteModel',
  module: 'Movimientos/Incidente',
  movimientoId: 245,
  empresaId: 2,
  rondaOriginal: 1,
  localidadId: 1,
  prioridad: 'ALTA',
  level: 'info',
  message: 'Iniciando reorganizaci�n por incidente',
  timestamp: '2025-06-17 15:34:58'
}
{
  service: 'IncidenteModel',
  module: 'Movimientos/Incidente',
  movimientoId: 245,
  rondaNumero: 1,
  posicionOriginal: 1,
  posicionFinal: 1,
  level: 'info',
  message: 'Movimiento movido al final de la ronda',
  timestamp: '2025-06-17 15:34:58'
}
{
  service: 'IncidenteModel',
  module: 'Movimientos/Incidente',
  incidenteId: 79,
  cantidad: 1,
  carpeta: '/var/www/Cosaif/uploads/incidentes/2025/06/17',
  level: 'info',
  message: 'Imagenes procesadas y guardadas',
  timestamp: '2025-06-17 15:35:09'
}
{
  service: 'IncidenteModel',
  module: 'Movimientos/Incidente',
  incidenteId: 79,
  movimientoId: 245,
  empresaId: 2,
  localidadId: 1,
  imagenesGuardadas: 1,
  level: 'info',
  message: 'Incidente creado y procesado',
  timestamp: '2025-06-17 15:35:10'
}
{
  service: 'IncidenteModel',
  module: 'Movimientos/Incidente',
  movimientoId: 243,
  empresaId: 2,
  localidadId: 1,
  level: 'info',
  message: 'No se encontr� ronda para el movimiento',
  timestamp: '2025-06-17 15:40:29'
}
{
  service: 'IncidenteModel',
  module: 'Movimientos/Incidente',
  movimientoId: 217,
  empresaId: 5,
  localidadId: 1,
  level: 'info',
  message: 'No se encontr� ronda para el movimiento',
  timestamp: '2025-06-17 15:40:29'
}
{
  service: 'IncidenteModel',
  module: 'Movimientos/Incidente',
  movimientoId: 245,
  empresaId: 2,
  rondaOriginal: 1,
  localidadId: 1,
  prioridad: 'ALTA',
  level: 'info',
  message: 'Iniciando reorganizaci�n por incidente',
  timestamp: '2025-06-17 15:40:29'
}
{
  service: 'IncidenteModel',
  module: 'Movimientos/Incidente',
  movimientoId: 245,
  rondaNumero: 1,
  posicionOriginal: 1,
  posicionFinal: 1,
  level: 'info',
  message: 'Movimiento movido al final de la ronda',
  timestamp: '2025-06-17 15:40:29'
}
{
  service: 'IncidenteModel',
  module: 'Movimientos/Incidente',
  movimientoId: 243,
  empresaId: 2,
  localidadId: 1,
  level: 'info',
  message: 'No se encontr� ronda para el movimiento',
  timestamp: '2025-06-17 15:40:31'
}
{
  service: 'IncidenteModel',
  module: 'Movimientos/Incidente',
  movimientoId: 217,
  empresaId: 5,
  localidadId: 1,
  level: 'info',
  message: 'No se encontr� ronda para el movimiento',
  timestamp: '2025-06-17 15:40:31'
}
{
  service: 'IncidenteModel',
  module: 'Movimientos/Incidente',
  movimientoId: 245,
  empresaId: 2,
  rondaOriginal: 1,
  localidadId: 1,
  prioridad: 'ALTA',
  level: 'info',
  message: 'Iniciando reorganizaci�n por incidente',
  timestamp: '2025-06-17 15:40:31'
}
{
  service: 'IncidenteModel',
  module: 'Movimientos/Incidente',
  movimientoId: 245,
  rondaNumero: 1,
  posicionOriginal: 1,
  posicionFinal: 1,
  level: 'info',
  message: 'Movimiento movido al final de la ronda',
  timestamp: '2025-06-17 15:40:31'
}
{
  service: 'IncidenteModel',
  module: 'Movimientos/Incidente',
  movimientoId: 243,
  empresaId: 2,
  localidadId: 1,
  level: 'info',
  message: 'No se encontr� ronda para el movimiento',
  timestamp: '2025-06-17 15:40:34'
}
{
  service: 'IncidenteModel',
  module: 'Movimientos/Incidente',
  movimientoId: 217,
  empresaId: 5,
  localidadId: 1,
  level: 'info',
  message: 'No se encontr� ronda para el movimiento',
  timestamp: '2025-06-17 15:40:34'
}
{
  service: 'IncidenteModel',
  module: 'Movimientos/Incidente',
  movimientoId: 245,
  empresaId: 2,
  rondaOriginal: 1,
  localidadId: 1,
  prioridad: 'ALTA',
  level: 'info',
  message: 'Iniciando reorganizaci�n por incidente',
  timestamp: '2025-06-17 15:40:34'
}
{
  service: 'IncidenteModel',
  module: 'Movimientos/Incidente',
  movimientoId: 245,
  rondaNumero: 1,
  posicionOriginal: 1,
  posicionFinal: 1,
  level: 'info',
  message: 'Movimiento movido al final de la ronda',
  timestamp: '2025-06-17 15:40:34'
}
{
  service: 'IncidenteModel',
  module: 'Movimientos/Incidente',
  movimientoId: 243,
  empresaId: 2,
  localidadId: 1,
  level: 'info',
  message: 'No se encontr� ronda para el movimiento',
  timestamp: '2025-06-17 16:12:14'
}
{
  service: 'IncidenteModel',
  module: 'Movimientos/Incidente',
  movimientoId: 217,
  empresaId: 5,
  localidadId: 1,
  level: 'info',
  message: 'No se encontr� ronda para el movimiento',
  timestamp: '2025-06-17 16:12:14'
}
{
  service: 'IncidenteModel',
  module: 'Movimientos/Incidente',
  movimientoId: 245,
  empresaId: 2,
  rondaOriginal: 1,
  localidadId: 1,
  prioridad: 'ALTA',
  level: 'info',
  message: 'Iniciando reorganizaci�n por incidente',
  timestamp: '2025-06-17 16:12:14'
}
{
  service: 'IncidenteModel',
  module: 'Movimientos/Incidente',
  movimientoId: 245,
  rondaNumero: 1,
  posicionOriginal: 1,
  posicionFinal: 1,
  level: 'info',
  message: 'Movimiento movido al final de la ronda',
  timestamp: '2025-06-17 16:12:14'
}
{
  service: 'IncidenteModel',
  module: 'Movimientos/Incidente',
  incidenteId: 80,
  cantidad: 1,
  carpeta: '/var/www/Cosaif/uploads/incidentes/2025/06/17',
  level: 'info',
  message: 'Imagenes procesadas y guardadas',
  timestamp: '2025-06-17 16:14:40'
}
{
  service: 'IncidenteModel',
  module: 'Movimientos/Incidente',
  incidenteId: 80,
  movimientoId: 245,
  empresaId: 2,
  localidadId: 1,
  imagenesGuardadas: 1,
  level: 'info',
  message: 'Incidente creado y procesado',
  timestamp: '2025-06-17 16:14:40'
}
{
  service: 'IncidenteModel',
  module: 'Movimientos/Incidente',
  movimientoId: 243,
  empresaId: 2,
  localidadId: 1,
  level: 'info',
  message: 'No se encontr� ronda para el movimiento',
  timestamp: '2025-06-17 16:14:53'
}
{
  service: 'IncidenteModel',
  module: 'Movimientos/Incidente',
  movimientoId: 217,
  empresaId: 5,
  localidadId: 1,
  level: 'info',
  message: 'No se encontr� ronda para el movimiento',
  timestamp: '2025-06-17 16:14:53'
}
{
  service: 'IncidenteModel',
  module: 'Movimientos/Incidente',
  movimientoId: 245,
  empresaId: 2,
  rondaOriginal: 1,
  localidadId: 1,
  prioridad: 'ALTA',
  level: 'info',
  message: 'Iniciando reorganizaci�n por incidente',
  timestamp: '2025-06-17 16:14:53'
}
{
  service: 'IncidenteModel',
  module: 'Movimientos/Incidente',
  movimientoId: 245,
  rondaNumero: 1,
  posicionOriginal: 1,
  posicionFinal: 1,
  level: 'info',
  message: 'Movimiento movido al final de la ronda',
  timestamp: '2025-06-17 16:14:53'
}
{
  service: 'IncidenteModel',
  module: 'Movimientos/Incidente',
  incidenteId: 81,
  cantidad: 1,
  carpeta: '/var/www/Cosaif/uploads/incidentes/2025/06/17',
  level: 'info',
  message: 'Imagenes procesadas y guardadas',
  timestamp: '2025-06-17 16:15:23'
}
{
  service: 'IncidenteModel',
  module: 'Movimientos/Incidente',
  incidenteId: 81,
  movimientoId: 245,
  empresaId: 2,
  localidadId: 1,
  imagenesGuardadas: 1,
  level: 'info',
  message: 'Incidente creado y procesado',
  timestamp: '2025-06-17 16:15:23'
}
{
  service: 'IncidenteModel',
  module: 'Movimientos/Incidente',
  movimientoId: 243,
  empresaId: 2,
  localidadId: 1,
  level: 'info',
  message: 'No se encontr� ronda para el movimiento',
  timestamp: '2025-06-17 16:27:07'
}
{
  service: 'IncidenteModel',
  module: 'Movimientos/Incidente',
  movimientoId: 217,
  empresaId: 5,
  localidadId: 1,
  level: 'info',
  message: 'No se encontr� ronda para el movimiento',
  timestamp: '2025-06-17 16:27:07'
}
{
  service: 'IncidenteModel',
  module: 'Movimientos/Incidente',
  movimientoId: 245,
  empresaId: 2,
  rondaOriginal: 1,
  localidadId: 1,
  prioridad: 'ALTA',
  level: 'info',
  message: 'Iniciando reorganizaci�n por incidente',
  timestamp: '2025-06-17 16:27:07'
}
{
  service: 'IncidenteModel',
  module: 'Movimientos/Incidente',
  movimientoId: 245,
  rondaNumero: 1,
  posicionOriginal: 1,
  posicionFinal: 1,
  level: 'info',
  message: 'Movimiento movido al final de la ronda',
  timestamp: '2025-06-17 16:27:07'
}
{
  service: 'IncidenteModel',
  module: 'Movimientos/Incidente',
  incidenteId: 82,
  cantidad: 1,
  carpeta: '/var/www/Cosaif/uploads/incidentes/2025/06/17',
  level: 'info',
  message: 'Imagenes procesadas y guardadas',
  timestamp: '2025-06-17 16:27:14'
}
{
  service: 'IncidenteModel',
  module: 'Movimientos/Incidente',
  incidenteId: 82,
  movimientoId: 245,
  empresaId: 2,
  localidadId: 1,
  imagenesGuardadas: 1,
  level: 'info',
  message: 'Incidente creado y procesado',
  timestamp: '2025-06-17 16:27:15'
}
{
  service: 'IncidenteModel',
  module: 'Movimientos/Incidente',
  movimientoId: 243,
  empresaId: 2,
  localidadId: 1,
  level: 'info',
  message: 'No se encontr� ronda para el movimiento',
  timestamp: '2025-06-17 17:04:27'
}
{
  service: 'IncidenteModel',
  module: 'Movimientos/Incidente',
  movimientoId: 217,
  empresaId: 5,
  localidadId: 1,
  level: 'info',
  message: 'No se encontr� ronda para el movimiento',
  timestamp: '2025-06-17 17:04:27'
}
{
  service: 'IncidenteModel',
  module: 'Movimientos/Incidente',
  movimientoId: 245,
  empresaId: 2,
  rondaOriginal: 1,
  localidadId: 1,
  prioridad: 'ALTA',
  level: 'info',
  message: 'Iniciando reorganizaci�n por incidente',
  timestamp: '2025-06-17 17:04:27'
}
{
  service: 'IncidenteModel',
  module: 'Movimientos/Incidente',
  movimientoId: 245,
  rondaNumero: 1,
  posicionOriginal: 1,
  posicionFinal: 1,
  level: 'info',
  message: 'Movimiento movido al final de la ronda',
  timestamp: '2025-06-17 17:04:27'
}
{
  service: 'IncidenteModel',
  module: 'Movimientos/Incidente',
  incidenteId: 83,
  cantidad: 2,
  carpeta: '/var/www/Cosaif/uploads/incidentes/2025/06/17',
  level: 'info',
  message: 'Imagenes procesadas y guardadas',
  timestamp: '2025-06-17 17:06:27'
}
{
  service: 'IncidenteModel',
  module: 'Movimientos/Incidente',
  incidenteId: 83,
  movimientoId: 245,
  empresaId: 2,
  localidadId: 1,
  imagenesGuardadas: 2,
  level: 'info',
  message: 'Incidente creado y procesado',
  timestamp: '2025-06-17 17:06:28'
}
{
  service: 'IncidenteModel',
  module: 'Movimientos/Incidente',
  movimientoId: 243,
  empresaId: 2,
  localidadId: 1,
  level: 'info',
  message: 'No se encontr� ronda para el movimiento',
  timestamp: '2025-06-17 17:19:43'
}
{
  service: 'IncidenteModel',
  module: 'Movimientos/Incidente',
  movimientoId: 217,
  empresaId: 5,
  localidadId: 1,
  level: 'info',
  message: 'No se encontr� ronda para el movimiento',
  timestamp: '2025-06-17 17:19:43'
}
{
  service: 'IncidenteModel',
  module: 'Movimientos/Incidente',
  movimientoId: 245,
  empresaId: 2,
  rondaOriginal: 1,
  localidadId: 1,
  prioridad: 'ALTA',
  level: 'info',
  message: 'Iniciando reorganizaci�n por incidente',
  timestamp: '2025-06-17 17:19:43'
}
{
  service: 'IncidenteModel',
  module: 'Movimientos/Incidente',
  movimientoId: 245,
  rondaNumero: 1,
  posicionOriginal: 1,
  posicionFinal: 1,
  level: 'info',
  message: 'Movimiento movido al final de la ronda',
  timestamp: '2025-06-17 17:19:43'
}
{
  service: 'IncidenteModel',
  module: 'Movimientos/Incidente',
  incidenteId: 84,
  cantidad: 2,
  carpeta: '/var/www/Cosaif/uploads/incidentes/2025/06/17',
  level: 'info',
  message: 'Imagenes procesadas y guardadas',
  timestamp: '2025-06-17 17:19:52'
}
{
  service: 'IncidenteModel',
  module: 'Movimientos/Incidente',
  incidenteId: 84,
  movimientoId: 245,
  empresaId: 2,
  localidadId: 1,
  imagenesGuardadas: 2,
  level: 'info',
  message: 'Incidente creado y procesado',
  timestamp: '2025-06-17 17:19:52'
}
{
  service: 'IncidenteModel',
  module: 'Movimientos/Incidente',
  movimientoId: 243,
  empresaId: 2,
  localidadId: 1,
  level: 'info',
  message: 'No se encontr� ronda para el movimiento',
  timestamp: '2025-06-17 17:36:20'
}
{
  service: 'IncidenteModel',
  module: 'Movimientos/Incidente',
  movimientoId: 217,
  empresaId: 5,
  localidadId: 1,
  level: 'info',
  message: 'No se encontr� ronda para el movimiento',
  timestamp: '2025-06-17 17:36:20'
}
{
  service: 'IncidenteModel',
  module: 'Movimientos/Incidente',
  movimientoId: 245,
  empresaId: 2,
  rondaOriginal: 1,
  localidadId: 1,
  prioridad: 'ALTA',
  level: 'info',
  message: 'Iniciando reorganizaci�n por incidente',
  timestamp: '2025-06-17 17:36:20'
}
{
  service: 'IncidenteModel',
  module: 'Movimientos/Incidente',
  movimientoId: 245,
  rondaNumero: 1,
  posicionOriginal: 1,
  posicionFinal: 1,
  level: 'info',
  message: 'Movimiento movido al final de la ronda',
  timestamp: '2025-06-17 17:36:20'
}
{
  service: 'IncidenteModel',
  module: 'Movimientos/Incidente',
  movimientoId: 243,
  empresaId: 2,
  localidadId: 1,
  level: 'info',
  message: 'No se encontr� ronda para el movimiento',
  timestamp: '2025-06-17 17:36:24'
}
{
  service: 'IncidenteModel',
  module: 'Movimientos/Incidente',
  movimientoId: 217,
  empresaId: 5,
  localidadId: 1,
  level: 'info',
  message: 'No se encontr� ronda para el movimiento',
  timestamp: '2025-06-17 17:36:24'
}
{
  service: 'IncidenteModel',
  module: 'Movimientos/Incidente',
  movimientoId: 245,
  empresaId: 2,
  rondaOriginal: 1,
  localidadId: 1,
  prioridad: 'ALTA',
  level: 'info',
  message: 'Iniciando reorganizaci�n por incidente',
  timestamp: '2025-06-17 17:36:24'
}
{
  service: 'IncidenteModel',
  module: 'Movimientos/Incidente',
  movimientoId: 245,
  rondaNumero: 1,
  posicionOriginal: 1,
  posicionFinal: 1,
  level: 'info',
  message: 'Movimiento movido al final de la ronda',
  timestamp: '2025-06-17 17:36:24'
}
{
  service: 'IncidenteModel',
  module: 'Movimientos/Incidente',
  incidenteId: 85,
  cantidad: 2,
  carpeta: '/var/www/Cosaif/uploads/incidentes/2025/06/17',
  level: 'info',
  message: 'Imagenes procesadas y guardadas',
  timestamp: '2025-06-17 17:38:51'
}
{
  service: 'IncidenteModel',
  module: 'Movimientos/Incidente',
  incidenteId: 85,
  movimientoId: 245,
  empresaId: 2,
  localidadId: 1,
  imagenesGuardadas: 2,
  level: 'info',
  message: 'Incidente creado y procesado',
  timestamp: '2025-06-17 17:38:52'
}
{
  service: 'IncidenteModel',
  module: 'Movimientos/Incidente',
  movimientoId: 243,
  empresaId: 2,
  localidadId: 1,
  level: 'info',
  message: 'No se encontr� ronda para el movimiento',
  timestamp: '2025-06-17 17:50:37'
}
{
  service: 'IncidenteModel',
  module: 'Movimientos/Incidente',
  movimientoId: 217,
  empresaId: 5,
  localidadId: 1,
  level: 'info',
  message: 'No se encontr� ronda para el movimiento',
  timestamp: '2025-06-17 17:50:37'
}
{
  service: 'IncidenteModel',
  module: 'Movimientos/Incidente',
  movimientoId: 245,
  empresaId: 2,
  rondaOriginal: 1,
  localidadId: 1,
  prioridad: 'ALTA',
  level: 'info',
  message: 'Iniciando reorganizaci�n por incidente',
  timestamp: '2025-06-17 17:50:37'
}
{
  service: 'IncidenteModel',
  module: 'Movimientos/Incidente',
  movimientoId: 245,
  rondaNumero: 1,
  posicionOriginal: 1,
  posicionFinal: 1,
  level: 'info',
  message: 'Movimiento movido al final de la ronda',
  timestamp: '2025-06-17 17:50:37'
}
{
  service: 'IncidenteModel',
  module: 'Movimientos/Incidente',
  incidenteId: 86,
  cantidad: 2,
  carpeta: '/var/www/Cosaif/uploads/incidentes/2025/06/17',
  level: 'info',
  message: 'Imagenes procesadas y guardadas',
  timestamp: '2025-06-17 17:54:32'
}
{
  service: 'IncidenteModel',
  module: 'Movimientos/Incidente',
  incidenteId: 86,
  movimientoId: 245,
  empresaId: 2,
  localidadId: 1,
  imagenesGuardadas: 2,
  level: 'info',
  message: 'Incidente creado y procesado',
  timestamp: '2025-06-17 17:54:33'
}
{
  service: 'IncidenteModel',
  module: 'Movimientos/Incidente',
  incidenteId: 87,
  cantidad: 2,
  carpeta: '/var/www/Cosaif/uploads/incidentes/2025/06/17',
  level: 'info',
  message: 'Imagenes procesadas y guardadas',
  timestamp: '2025-06-17 17:55:27'
}
{
  service: 'IncidenteModel',
  module: 'Movimientos/Incidente',
  incidenteId: 87,
  movimientoId: 245,
  empresaId: 2,
  localidadId: 1,
  imagenesGuardadas: 2,
  level: 'info',
  message: 'Incidente creado y procesado',
  timestamp: '2025-06-17 17:55:28'
}
{
  service: 'IncidenteModel',
  module: 'Movimientos/Incidente',
  movimientoId: 243,
  empresaId: 2,
  localidadId: 1,
  level: 'info',
  message: 'No se encontr� ronda para el movimiento',
  timestamp: '2025-06-17 17:56:13'
}
{
  service: 'IncidenteModel',
  module: 'Movimientos/Incidente',
  movimientoId: 217,
  empresaId: 5,
  localidadId: 1,
  level: 'info',
  message: 'No se encontr� ronda para el movimiento',
  timestamp: '2025-06-17 17:56:13'
}
{
  service: 'IncidenteModel',
  module: 'Movimientos/Incidente',
  movimientoId: 245,
  empresaId: 2,
  rondaOriginal: 1,
  localidadId: 1,
  prioridad: 'ALTA',
  level: 'info',
  message: 'Iniciando reorganizaci�n por incidente',
  timestamp: '2025-06-17 17:56:13'
}
{
  service: 'IncidenteModel',
  module: 'Movimientos/Incidente',
  movimientoId: 245,
  rondaNumero: 1,
  posicionOriginal: 1,
  posicionFinal: 1,
  level: 'info',
  message: 'Movimiento movido al final de la ronda',
  timestamp: '2025-06-17 17:56:13'
}
{
  service: 'IncidenteModel',
  module: 'Movimientos/Incidente',
  incidenteId: 88,
  cantidad: 1,
  carpeta: '/var/www/Cosaif/uploads/incidentes/2025/06/17',
  level: 'info',
  message: 'Imagenes procesadas y guardadas',
  timestamp: '2025-06-17 17:57:49'
}
{
  service: 'IncidenteModel',
  module: 'Movimientos/Incidente',
  incidenteId: 88,
  movimientoId: 245,
  empresaId: 2,
  localidadId: 1,
  imagenesGuardadas: 1,
  level: 'info',
  message: 'Incidente creado y procesado',
  timestamp: '2025-06-17 17:57:50'
}
{
  service: 'IncidenteModel',
  module: 'Movimientos/Incidente',
  movimientoId: 243,
  empresaId: 2,
  localidadId: 1,
  level: 'info',
  message: 'No se encontr� ronda para el movimiento',
  timestamp: '2025-06-17 18:10:16'
}
{
  service: 'IncidenteModel',
  module: 'Movimientos/Incidente',
  movimientoId: 217,
  empresaId: 5,
  localidadId: 1,
  level: 'info',
  message: 'No se encontr� ronda para el movimiento',
  timestamp: '2025-06-17 18:10:16'
}
{
  service: 'IncidenteModel',
  module: 'Movimientos/Incidente',
  movimientoId: 245,
  empresaId: 2,
  rondaOriginal: 1,
  localidadId: 1,
  prioridad: 'ALTA',
  level: 'info',
  message: 'Iniciando reorganizaci�n por incidente',
  timestamp: '2025-06-17 18:10:16'
}
{
  service: 'IncidenteModel',
  module: 'Movimientos/Incidente',
  movimientoId: 245,
  rondaNumero: 1,
  posicionOriginal: 1,
  posicionFinal: 1,
  level: 'info',
  message: 'Movimiento movido al final de la ronda',
  timestamp: '2025-06-17 18:10:16'
}
{
  service: 'IncidenteModel',
  module: 'Movimientos/Incidente',
  movimientoId: 243,
  empresaId: 2,
  localidadId: 1,
  level: 'info',
  message: 'No se encontr� ronda para el movimiento',
  timestamp: '2025-06-17 18:10:25'
}
{
  service: 'IncidenteModel',
  module: 'Movimientos/Incidente',
  movimientoId: 217,
  empresaId: 5,
  localidadId: 1,
  level: 'info',
  message: 'No se encontr� ronda para el movimiento',
  timestamp: '2025-06-17 18:10:25'
}
{
  service: 'IncidenteModel',
  module: 'Movimientos/Incidente',
  movimientoId: 245,
  empresaId: 2,
  rondaOriginal: 1,
  localidadId: 1,
  prioridad: 'ALTA',
  level: 'info',
  message: 'Iniciando reorganizaci�n por incidente',
  timestamp: '2025-06-17 18:10:25'
}
{
  service: 'IncidenteModel',
  module: 'Movimientos/Incidente',
  movimientoId: 245,
  rondaNumero: 1,
  posicionOriginal: 1,
  posicionFinal: 1,
  level: 'info',
  message: 'Movimiento movido al final de la ronda',
  timestamp: '2025-06-17 18:10:25'
}
{
  service: 'IncidenteModel',
  module: 'Movimientos/Incidente',
  incidenteId: 89,
  cantidad: 1,
  carpeta: '/var/www/Cosaif/uploads/incidentes/2025/06/17',
  level: 'info',
  message: 'Imagenes procesadas y guardadas',
  timestamp: '2025-06-17 18:11:28'
}
{
  service: 'IncidenteModel',
  module: 'Movimientos/Incidente',
  incidenteId: 89,
  movimientoId: 245,
  empresaId: 2,
  localidadId: 1,
  imagenesGuardadas: 1,
  level: 'info',
  message: 'Incidente creado y procesado',
  timestamp: '2025-06-17 18:11:29'
}
{
  service: 'IncidenteModel',
  module: 'Movimientos/Incidente',
  movimientoId: 243,
  empresaId: 2,
  localidadId: 1,
  level: 'info',
  message: 'No se encontr� ronda para el movimiento',
  timestamp: '2025-06-17 18:24:21'
}
{
  service: 'IncidenteModel',
  module: 'Movimientos/Incidente',
  movimientoId: 217,
  empresaId: 5,
  localidadId: 1,
  level: 'info',
  message: 'No se encontr� ronda para el movimiento',
  timestamp: '2025-06-17 18:24:21'
}
{
  service: 'IncidenteModel',
  module: 'Movimientos/Incidente',
  movimientoId: 245,
  empresaId: 2,
  rondaOriginal: 1,
  localidadId: 1,
  prioridad: 'ALTA',
  level: 'info',
  message: 'Iniciando reorganizaci�n por incidente',
  timestamp: '2025-06-17 18:24:21'
}
{
  service: 'IncidenteModel',
  module: 'Movimientos/Incidente',
  movimientoId: 245,
  rondaNumero: 1,
  posicionOriginal: 1,
  posicionFinal: 1,
  level: 'info',
  message: 'Movimiento movido al final de la ronda',
  timestamp: '2025-06-17 18:24:21'
}
{
  service: 'IncidenteModel',
  module: 'Movimientos/Incidente',
  incidenteId: 90,
  cantidad: 1,
  carpeta: '/var/www/Cosaif/uploads/incidentes/2025/06/17',
  level: 'info',
  message: 'Imagenes procesadas y guardadas',
  timestamp: '2025-06-17 18:24:31'
}
{
  service: 'IncidenteModel',
  module: 'Movimientos/Incidente',
  incidenteId: 90,
  movimientoId: 245,
  empresaId: 2,
  localidadId: 1,
  imagenesGuardadas: 1,
  level: 'info',
  message: 'Incidente creado y procesado',
  timestamp: '2025-06-17 18:24:32'
}
{
  service: 'IncidenteModel',
  module: 'Movimientos/Incidente',
  movimientoId: 243,
  empresaId: 2,
  localidadId: 1,
  level: 'info',
  message: 'No se encontr� ronda para el movimiento',
  timestamp: '2025-06-17 18:26:25'
}
{
  service: 'IncidenteModel',
  module: 'Movimientos/Incidente',
  movimientoId: 217,
  empresaId: 5,
  localidadId: 1,
  level: 'info',
  message: 'No se encontr� ronda para el movimiento',
  timestamp: '2025-06-17 18:26:25'
}
{
  service: 'IncidenteModel',
  module: 'Movimientos/Incidente',
  movimientoId: 245,
  empresaId: 2,
  rondaOriginal: 1,
  localidadId: 1,
  prioridad: 'ALTA',
  level: 'info',
  message: 'Iniciando reorganizaci�n por incidente',
  timestamp: '2025-06-17 18:26:25'
}
{
  service: 'IncidenteModel',
  module: 'Movimientos/Incidente',
  movimientoId: 245,
  rondaNumero: 1,
  posicionOriginal: 1,
  posicionFinal: 1,
  level: 'info',
  message: 'Movimiento movido al final de la ronda',
  timestamp: '2025-06-17 18:26:25'
}
{
  service: 'IncidenteModel',
  module: 'Movimientos/Incidente',
  incidenteId: 91,
  cantidad: 4,
  carpeta: '/var/www/Cosaif/uploads/incidentes/2025/06/17',
  level: 'info',
  message: 'Imagenes procesadas y guardadas',
  timestamp: '2025-06-17 18:26:30'
}
{
  service: 'IncidenteModel',
  module: 'Movimientos/Incidente',
  incidenteId: 91,
  movimientoId: 245,
  empresaId: 2,
  localidadId: 1,
  imagenesGuardadas: 4,
  level: 'info',
  message: 'Incidente creado y procesado',
  timestamp: '2025-06-17 18:26:31'
}
{
  service: 'IncidenteModel',
  module: 'Movimientos/Incidente',
  movimientoId: 243,
  empresaId: 2,
  localidadId: 1,
  level: 'info',
  message: 'No se encontr� ronda para el movimiento',
  timestamp: '2025-06-17 18:27:57'
}
{
  service: 'IncidenteModel',
  module: 'Movimientos/Incidente',
  movimientoId: 217,
  empresaId: 5,
  localidadId: 1,
  level: 'info',
  message: 'No se encontr� ronda para el movimiento',
  timestamp: '2025-06-17 18:27:57'
}
{
  service: 'IncidenteModel',
  module: 'Movimientos/Incidente',
  movimientoId: 245,
  empresaId: 2,
  rondaOriginal: 1,
  localidadId: 1,
  prioridad: 'ALTA',
  level: 'info',
  message: 'Iniciando reorganizaci�n por incidente',
  timestamp: '2025-06-17 18:27:57'
}
{
  service: 'IncidenteModel',
  module: 'Movimientos/Incidente',
  movimientoId: 245,
  rondaNumero: 1,
  posicionOriginal: 1,
  posicionFinal: 1,
  level: 'info',
  message: 'Movimiento movido al final de la ronda',
  timestamp: '2025-06-17 18:27:57'
}
{
  service: 'IncidenteModel',
  module: 'Movimientos/Incidente',
  incidenteId: 92,
  cantidad: 4,
  carpeta: '/var/www/Cosaif/uploads/incidentes/2025/06/17',
  level: 'info',
  message: 'Imagenes procesadas y guardadas',
  timestamp: '2025-06-17 18:28:48'
}
{
  service: 'IncidenteModel',
  module: 'Movimientos/Incidente',
  incidenteId: 92,
  movimientoId: 245,
  empresaId: 2,
  localidadId: 1,
  imagenesGuardadas: 4,
  level: 'info',
  message: 'Incidente creado y procesado',
  timestamp: '2025-06-17 18:28:49'
}
{
  service: 'IncidenteModel',
  module: 'Movimientos/Incidente',
  movimientoId: 243,
  empresaId: 2,
  localidadId: 1,
  level: 'info',
  message: 'No se encontr� ronda para el movimiento',
  timestamp: '2025-06-17 19:08:24'
}
{
  service: 'IncidenteModel',
  module: 'Movimientos/Incidente',
  movimientoId: 217,
  empresaId: 5,
  localidadId: 1,
  level: 'info',
  message: 'No se encontr� ronda para el movimiento',
  timestamp: '2025-06-17 19:08:24'
}
{
  service: 'IncidenteModel',
  module: 'Movimientos/Incidente',
  incidenteId: 93,
  cantidad: 1,
  carpeta: '/var/www/Cosaif/uploads/incidentes/2025/06/17',
  level: 'info',
  message: 'Imagenes procesadas y guardadas',
  timestamp: '2025-06-17 19:09:21'
}
{
  service: 'IncidenteModel',
  module: 'Movimientos/Incidente',
  movimientoId: 223,
  empresaId: 1,
  rondaOriginal: 1,
  localidadId: 1,
  prioridad: 'BAJA',
  level: 'info',
  message: 'Iniciando reorganizaci�n por incidente',
  timestamp: '2025-06-17 19:09:21'
}
{
  service: 'IncidenteModel',
  module: 'Movimientos/Incidente',
  movimientoId: 223,
  rondaNumero: 1,
  posicionOriginal: 1,
  posicionFinal: 2,
  level: 'info',
  message: 'Movimiento movido al final de la ronda',
  timestamp: '2025-06-17 19:09:21'
}
{
  service: 'IncidenteModel',
  module: 'Movimientos/Incidente',
  incidenteId: 93,
  movimientoId: 223,
  empresaId: 1,
  localidadId: 1,
  imagenesGuardadas: 1,
  level: 'info',
  message: 'Incidente creado y procesado',
  timestamp: '2025-06-17 19:09:21'
}
{
  service: 'IncidenteModel',
  module: 'Movimientos/Incidente',
  incidenteId: 94,
  cantidad: 1,
  carpeta: '/var/www/Cosaif/uploads/incidentes/2025/06/17',
  level: 'info',
  message: 'Imagenes procesadas y guardadas',
  timestamp: '2025-06-17 19:09:26'
}
{
  service: 'IncidenteModel',
  module: 'Movimientos/Incidente',
  movimientoId: 223,
  empresaId: 1,
  rondaOriginal: 1,
  localidadId: 1,
  prioridad: 'BAJA',
  level: 'info',
  message: 'Iniciando reorganizaci�n por incidente',
  timestamp: '2025-06-17 19:09:26'
}
{
  service: 'IncidenteModel',
  module: 'Movimientos/Incidente',
  movimientoId: 223,
  rondaNumero: 1,
  posicionOriginal: 1,
  posicionFinal: 2,
  level: 'info',
  message: 'Movimiento movido al final de la ronda',
  timestamp: '2025-06-17 19:09:26'
}
{
  service: 'IncidenteModel',
  module: 'Movimientos/Incidente',
  incidenteId: 94,
  movimientoId: 223,
  empresaId: 1,
  localidadId: 1,
  imagenesGuardadas: 1,
  level: 'info',
  message: 'Incidente creado y procesado',
  timestamp: '2025-06-17 19:09:27'
}
{
  service: 'IncidenteModel',
  module: 'Movimientos/Incidente',
  movimientoId: 243,
  empresaId: 2,
  localidadId: 1,
  level: 'info',
  message: 'No se encontr� ronda para el movimiento',
  timestamp: '2025-06-17 19:09:30'
}
{
  service: 'IncidenteModel',
  module: 'Movimientos/Incidente',
  movimientoId: 217,
  empresaId: 5,
  localidadId: 1,
  level: 'info',
  message: 'No se encontr� ronda para el movimiento',
  timestamp: '2025-06-17 19:09:30'
}
{
  service: 'IncidenteModel',
  module: 'Movimientos/Incidente',
  movimientoId: 223,
  empresaId: 1,
  rondaOriginal: 1,
  localidadId: 1,
  prioridad: 'BAJA',
  level: 'info',
  message: 'Iniciando reorganizaci�n por incidente',
  timestamp: '2025-06-17 19:09:30'
}
{
  service: 'IncidenteModel',
  module: 'Movimientos/Incidente',
  movimientoId: 223,
  rondaNumero: 1,
  posicionOriginal: 1,
  posicionFinal: 2,
  level: 'info',
  message: 'Movimiento movido al final de la ronda',
  timestamp: '2025-06-17 19:09:30'
}
{
  service: 'IncidenteModel',
  module: 'Movimientos/Incidente',
  incidenteId: 95,
  cantidad: 1,
  carpeta: '/var/www/Cosaif/uploads/incidentes/2025/06/17',
  level: 'info',
  message: 'Imagenes procesadas y guardadas',
  timestamp: '2025-06-17 19:10:12'
}
{
  service: 'IncidenteModel',
  module: 'Movimientos/Incidente',
  movimientoId: 38,
  empresaId: 2,
  rondaOriginal: 1,
  localidadId: 1,
  prioridad: 'BAJA',
  level: 'info',
  message: 'Iniciando reorganizaci�n por incidente',
  timestamp: '2025-06-17 19:10:12'
}
{
  service: 'IncidenteModel',
  module: 'Movimientos/Incidente',
  movimientoId: 38,
  rondaNumero: 1,
  posicionOriginal: 2,
  posicionFinal: 1,
  level: 'info',
  message: 'Movimiento movido al final de la ronda',
  timestamp: '2025-06-17 19:10:12'
}
{
  service: 'IncidenteModel',
  module: 'Movimientos/Incidente',
  incidenteId: 95,
  movimientoId: 38,
  empresaId: 2,
  localidadId: 1,
  imagenesGuardadas: 1,
  level: 'info',
  message: 'Incidente creado y procesado',
  timestamp: '2025-06-17 19:10:12'
}
{
  service: 'IncidenteModel',
  module: 'Movimientos/Incidente',
  movimientoId: 38,
  empresaId: 2,
  rondaOriginal: 1,
  localidadId: 1,
  prioridad: 'BAJA',
  level: 'info',
  message: 'Iniciando reorganizaci�n por incidente',
  timestamp: '2025-06-18 19:15:12'
}
{
  service: 'IncidenteModel',
  module: 'Movimientos/Incidente',
  movimientoId: 38,
  rondaNumero: 1,
  posicionOriginal: 1,
  posicionFinal: 1,
  level: 'info',
  message: 'Movimiento movido al final de la ronda',
  timestamp: '2025-06-18 19:15:12'
}
{
  service: 'IncidenteModel',
  module: 'Movimientos/Incidente',
  movimientoId: 243,
  empresaId: 2,
  localidadId: 1,
  level: 'info',
  message: 'No se encontr� ronda para el movimiento',
  timestamp: '2025-06-18 19:15:13'
}
{
  service: 'IncidenteModel',
  module: 'Movimientos/Incidente',
  movimientoId: 217,
  empresaId: 5,
  localidadId: 1,
  level: 'info',
  message: 'No se encontr� ronda para el movimiento',
  timestamp: '2025-06-18 19:15:13'
}
{
  service: 'IncidenteModel',
  module: 'Movimientos/Incidente',
  movimientoId: 38,
  empresaId: 2,
  rondaOriginal: 1,
  localidadId: 1,
  prioridad: 'BAJA',
  level: 'info',
  message: 'Iniciando reorganizaci�n por incidente',
  timestamp: '2025-06-18 19:26:15'
}
{
  service: 'IncidenteModel',
  module: 'Movimientos/Incidente',
  movimientoId: 38,
  rondaNumero: 1,
  posicionOriginal: 1,
  posicionFinal: 1,
  level: 'info',
  message: 'Movimiento movido al final de la ronda',
  timestamp: '2025-06-18 19:26:15'
}
{
  service: 'IncidenteModel',
  module: 'Movimientos/Incidente',
  movimientoId: 243,
  empresaId: 2,
  localidadId: 1,
  level: 'info',
  message: 'No se encontr� ronda para el movimiento',
  timestamp: '2025-06-18 19:26:15'
}
{
  service: 'IncidenteModel',
  module: 'Movimientos/Incidente',
  movimientoId: 217,
  empresaId: 5,
  localidadId: 1,
  level: 'info',
  message: 'No se encontr� ronda para el movimiento',
  timestamp: '2025-06-18 19:26:15'
}
{
  service: 'IncidenteModel',
  module: 'Movimientos/Incidente',
  movimientoId: 38,
  empresaId: 2,
  rondaOriginal: 1,
  localidadId: 1,
  prioridad: 'BAJA',
  level: 'info',
  message: 'Iniciando reorganizaci�n por incidente',
  timestamp: '2025-06-18 19:26:27'
}
{
  service: 'IncidenteModel',
  module: 'Movimientos/Incidente',
  movimientoId: 38,
  rondaNumero: 1,
  posicionOriginal: 1,
  posicionFinal: 1,
  level: 'info',
  message: 'Movimiento movido al final de la ronda',
  timestamp: '2025-06-18 19:26:27'
}
{
  service: 'IncidenteModel',
  module: 'Movimientos/Incidente',
  movimientoId: 243,
  empresaId: 2,
  localidadId: 1,
  level: 'info',
  message: 'No se encontr� ronda para el movimiento',
  timestamp: '2025-06-18 19:26:27'
}
{
  service: 'IncidenteModel',
  module: 'Movimientos/Incidente',
  movimientoId: 217,
  empresaId: 5,
  localidadId: 1,
  level: 'info',
  message: 'No se encontr� ronda para el movimiento',
  timestamp: '2025-06-18 19:26:27'
}
{
  service: 'IncidenteModel',
  module: 'Movimientos/Incidente',
  movimientoId: 38,
  empresaId: 2,
  rondaOriginal: 1,
  localidadId: 1,
  prioridad: 'BAJA',
  level: 'info',
  message: 'Iniciando reorganizaci�n por incidente',
  timestamp: '2025-06-18 19:26:35'
}
{
  service: 'IncidenteModel',
  module: 'Movimientos/Incidente',
  movimientoId: 38,
  rondaNumero: 1,
  posicionOriginal: 1,
  posicionFinal: 1,
  level: 'info',
  message: 'Movimiento movido al final de la ronda',
  timestamp: '2025-06-18 19:26:35'
}
{
  service: 'IncidenteModel',
  module: 'Movimientos/Incidente',
  movimientoId: 243,
  empresaId: 2,
  localidadId: 1,
  level: 'info',
  message: 'No se encontr� ronda para el movimiento',
  timestamp: '2025-06-18 19:26:35'
}
{
  service: 'IncidenteModel',
  module: 'Movimientos/Incidente',
  movimientoId: 217,
  empresaId: 5,
  localidadId: 1,
  level: 'info',
  message: 'No se encontr� ronda para el movimiento',
  timestamp: '2025-06-18 19:26:35'
}
{
  service: 'IncidenteModel',
  module: 'Movimientos/Incidente',
  incidenteId: 96,
  cantidad: 1,
  carpeta: '/var/www/Cosaif/uploads/incidentes/2025/06/18',
  level: 'info',
  message: 'Imagenes procesadas y guardadas',
  timestamp: '2025-06-18 19:28:00'
}
{
  service: 'IncidenteModel',
  module: 'Movimientos/Incidente',
  movimientoId: 38,
  empresaId: 2,
  rondaOriginal: 1,
  localidadId: 1,
  prioridad: 'BAJA',
  level: 'info',
  message: 'Iniciando reorganizaci�n por incidente',
  timestamp: '2025-06-18 19:28:00'
}
{
  service: 'IncidenteModel',
  module: 'Movimientos/Incidente',
  movimientoId: 38,
  rondaNumero: 1,
  posicionOriginal: 1,
  posicionFinal: 1,
  level: 'info',
  message: 'Movimiento movido al final de la ronda',
  timestamp: '2025-06-18 19:28:00'
}
{
  service: 'IncidenteModel',
  module: 'Movimientos/Incidente',
  incidenteId: 96,
  movimientoId: 38,
  empresaId: 2,
  localidadId: 1,
  imagenesGuardadas: 1,
  level: 'info',
  message: 'Incidente creado y procesado',
  timestamp: '2025-06-18 19:28:00'
}
{
  service: 'IncidenteModel',
  module: 'Movimientos/Incidente',
  movimientoId: 38,
  empresaId: 2,
  rondaOriginal: 1,
  localidadId: 1,
  prioridad: 'BAJA',
  level: 'info',
  message: 'Iniciando reorganizaci�n por incidente',
  timestamp: '2025-06-19 17:46:33'
}
{
  service: 'IncidenteModel',
  module: 'Movimientos/Incidente',
  movimientoId: 38,
  rondaNumero: 1,
  posicionOriginal: 1,
  posicionFinal: 1,
  level: 'info',
  message: 'Movimiento movido al final de la ronda',
  timestamp: '2025-06-19 17:46:33'
}
{
  service: 'IncidenteModel',
  module: 'Movimientos/Incidente',
  movimientoId: 243,
  empresaId: 2,
  localidadId: 1,
  level: 'info',
  message: 'No se encontr� ronda para el movimiento',
  timestamp: '2025-06-19 17:46:33'
}
{
  service: 'IncidenteModel',
  module: 'Movimientos/Incidente',
  movimientoId: 217,
  empresaId: 5,
  localidadId: 1,
  level: 'info',
  message: 'No se encontr� ronda para el movimiento',
  timestamp: '2025-06-19 17:46:33'
}
{
  service: 'IncidenteModel',
  module: 'Movimientos/Incidente',
  incidenteId: 97,
  cantidad: 1,
  carpeta: '/var/www/Cosaif/uploads/incidentes/2025/06/19',
  level: 'info',
  message: 'Imagenes procesadas y guardadas',
  timestamp: '2025-06-19 17:47:29'
}
{
  service: 'IncidenteModel',
  module: 'Movimientos/Incidente',
  movimientoId: 38,
  empresaId: 2,
  rondaOriginal: 1,
  localidadId: 1,
  prioridad: 'BAJA',
  level: 'info',
  message: 'Iniciando reorganizaci�n por incidente',
  timestamp: '2025-06-19 17:47:29'
}
{
  service: 'IncidenteModel',
  module: 'Movimientos/Incidente',
  movimientoId: 38,
  rondaNumero: 1,
  posicionOriginal: 1,
  posicionFinal: 1,
  level: 'info',
  message: 'Movimiento movido al final de la ronda',
  timestamp: '2025-06-19 17:47:29'
}
{
  service: 'IncidenteModel',
  module: 'Movimientos/Incidente',
  incidenteId: 97,
  movimientoId: 38,
  empresaId: 2,
  localidadId: 1,
  imagenesGuardadas: 1,
  level: 'info',
  message: 'Incidente creado y procesado',
  timestamp: '2025-06-19 17:47:29'
}
{
  service: 'IncidenteModel',
  module: 'Movimientos/Incidente',
  movimientoId: 243,
  empresaId: 2,
  localidadId: 1,
  level: 'info',
  message: 'No se encontr� ronda para el movimiento',
  timestamp: '2025-06-19 17:52:45'
}
{
  service: 'IncidenteModel',
  module: 'Movimientos/Incidente',
  movimientoId: 217,
  empresaId: 5,
  localidadId: 1,
  level: 'info',
  message: 'No se encontr� ronda para el movimiento',
  timestamp: '2025-06-19 17:52:45'
}
{
  service: 'IncidenteModel',
  module: 'Movimientos/Incidente',
  movimientoId: 38,
  empresaId: 2,
  rondaOriginal: 1,
  localidadId: 1,
  prioridad: 'BAJA',
  level: 'info',
  message: 'Iniciando reorganizaci�n por incidente',
  timestamp: '2025-06-19 17:52:45'
}
{
  service: 'IncidenteModel',
  module: 'Movimientos/Incidente',
  movimientoId: 38,
  rondaNumero: 1,
  posicionOriginal: 1,
  posicionFinal: 1,
  level: 'info',
  message: 'Movimiento movido al final de la ronda',
  timestamp: '2025-06-19 17:52:45'
}
{
  service: 'IncidenteModel',
  module: 'Movimientos/Incidente',
  movimientoId: 243,
  empresaId: 2,
  localidadId: 1,
  level: 'info',
  message: 'No se encontr� ronda para el movimiento',
  timestamp: '2025-06-19 17:52:47'
}
{
  service: 'IncidenteModel',
  module: 'Movimientos/Incidente',
  movimientoId: 217,
  empresaId: 5,
  localidadId: 1,
  level: 'info',
  message: 'No se encontr� ronda para el movimiento',
  timestamp: '2025-06-19 17:52:47'
}
{
  service: 'IncidenteModel',
  module: 'Movimientos/Incidente',
  movimientoId: 38,
  empresaId: 2,
  rondaOriginal: 1,
  localidadId: 1,
  prioridad: 'BAJA',
  level: 'info',
  message: 'Iniciando reorganizaci�n por incidente',
  timestamp: '2025-06-19 17:52:47'
}
{
  service: 'IncidenteModel',
  module: 'Movimientos/Incidente',
  movimientoId: 38,
  rondaNumero: 1,
  posicionOriginal: 1,
  posicionFinal: 1,
  level: 'info',
  message: 'Movimiento movido al final de la ronda',
  timestamp: '2025-06-19 17:52:47'
}
{
  service: 'IncidenteModel',
  module: 'Movimientos/Incidente',
  movimientoId: 243,
  empresaId: 2,
  localidadId: 1,
  level: 'info',
  message: 'No se encontr� ronda para el movimiento',
  timestamp: '2025-06-19 18:07:22'
}
{
  service: 'IncidenteModel',
  module: 'Movimientos/Incidente',
  movimientoId: 217,
  empresaId: 5,
  localidadId: 1,
  level: 'info',
  message: 'No se encontr� ronda para el movimiento',
  timestamp: '2025-06-19 18:07:22'
}
{
  service: 'IncidenteModel',
  module: 'Movimientos/Incidente',
  movimientoId: 243,
  empresaId: 2,
  localidadId: 1,
  level: 'info',
  message: 'No se encontr� ronda para el movimiento',
  timestamp: '2025-06-19 18:14:10'
}
{
  service: 'IncidenteModel',
  module: 'Movimientos/Incidente',
  movimientoId: 217,
  empresaId: 5,
  localidadId: 1,
  level: 'info',
  message: 'No se encontr� ronda para el movimiento',
  timestamp: '2025-06-19 18:14:10'
}
{
  service: 'IncidenteModel',
  module: 'Movimientos/Incidente',
  movimientoId: 243,
  empresaId: 2,
  localidadId: 1,
  level: 'info',
  message: 'No se encontr� ronda para el movimiento',
  timestamp: '2025-06-19 22:24:46'
}
{
  service: 'IncidenteModel',
  module: 'Movimientos/Incidente',
  movimientoId: 217,
  empresaId: 5,
  localidadId: 1,
  level: 'info',
  message: 'No se encontr� ronda para el movimiento',
  timestamp: '2025-06-19 22:24:46'
}
{
  service: 'IncidenteModel',
  module: 'Movimientos/Incidente',
  movimientoId: 243,
  empresaId: 2,
  localidadId: 1,
  level: 'info',
  message: 'No se encontr� ronda para el movimiento',
  timestamp: '2025-06-19 22:24:53'
}
{
  service: 'IncidenteModel',
  module: 'Movimientos/Incidente',
  movimientoId: 217,
  empresaId: 5,
  localidadId: 1,
  level: 'info',
  message: 'No se encontr� ronda para el movimiento',
  timestamp: '2025-06-19 22:24:53'
}
{
  service: 'IncidenteModel',
  module: 'Movimientos/Incidente',
  movimientoId: 243,
  empresaId: 2,
  localidadId: 1,
  level: 'info',
  message: 'No se encontr� ronda para el movimiento',
  timestamp: '2025-06-19 22:26:02'
}
{
  service: 'IncidenteModel',
  module: 'Movimientos/Incidente',
  movimientoId: 217,
  empresaId: 5,
  localidadId: 1,
  level: 'info',
  message: 'No se encontr� ronda para el movimiento',
  timestamp: '2025-06-19 22:26:02'
}
{
  service: 'IncidenteModel',
  module: 'Movimientos/Incidente',
  movimientoId: 243,
  empresaId: 2,
  localidadId: 1,
  level: 'info',
  message: 'No se encontr� ronda para el movimiento',
  timestamp: '2025-06-19 22:28:35'
}
{
  service: 'IncidenteModel',
  module: 'Movimientos/Incidente',
  movimientoId: 217,
  empresaId: 5,
  localidadId: 1,
  level: 'info',
  message: 'No se encontr� ronda para el movimiento',
  timestamp: '2025-06-19 22:28:35'
}
{
  service: 'IncidenteModel',
  module: 'Movimientos/Incidente',
  movimientoId: 243,
  empresaId: 2,
  localidadId: 1,
  level: 'info',
  message: 'No se encontr� ronda para el movimiento',
  timestamp: '2025-06-19 22:30:23'
}
{
  service: 'IncidenteModel',
  module: 'Movimientos/Incidente',
  movimientoId: 217,
  empresaId: 5,
  localidadId: 1,
  level: 'info',
  message: 'No se encontr� ronda para el movimiento',
  timestamp: '2025-06-19 22:30:23'
}
{
  service: 'IncidenteModel',
  module: 'Movimientos/Incidente',
  movimientoId: 243,
  empresaId: 2,
  localidadId: 1,
  level: 'info',
  message: 'No se encontr� ronda para el movimiento',
  timestamp: '2025-06-19 22:30:33'
}
{
  service: 'IncidenteModel',
  module: 'Movimientos/Incidente',
  movimientoId: 217,
  empresaId: 5,
  localidadId: 1,
  level: 'info',
  message: 'No se encontr� ronda para el movimiento',
  timestamp: '2025-06-19 22:30:33'
}
{
  service: 'IncidenteModel',
  module: 'Movimientos/Incidente',
  movimientoId: 243,
  empresaId: 2,
  localidadId: 1,
  level: 'info',
  message: 'No se encontr� ronda para el movimiento',
  timestamp: '2025-06-19 22:33:04'
}
{
  service: 'IncidenteModel',
  module: 'Movimientos/Incidente',
  movimientoId: 217,
  empresaId: 5,
  localidadId: 1,
  level: 'info',
  message: 'No se encontr� ronda para el movimiento',
  timestamp: '2025-06-19 22:33:04'
}
{
  service: 'IncidenteModel',
  module: 'Movimientos/Incidente',
  movimientoId: 243,
  empresaId: 2,
  localidadId: 1,
  level: 'info',
  message: 'No se encontr� ronda para el movimiento',
  timestamp: '2025-06-19 22:34:58'
}
{
  service: 'IncidenteModel',
  module: 'Movimientos/Incidente',
  movimientoId: 217,
  empresaId: 5,
  localidadId: 1,
  level: 'info',
  message: 'No se encontr� ronda para el movimiento',
  timestamp: '2025-06-19 22:34:58'
}
{
  service: 'IncidenteModel',
  module: 'Movimientos/Incidente',
  movimientoId: 243,
  empresaId: 2,
  localidadId: 1,
  level: 'info',
  message: 'No se encontr� ronda para el movimiento',
  timestamp: '2025-06-19 22:35:20'
}
{
  service: 'IncidenteModel',
  module: 'Movimientos/Incidente',
  movimientoId: 217,
  empresaId: 5,
  localidadId: 1,
  level: 'info',
  message: 'No se encontr� ronda para el movimiento',
  timestamp: '2025-06-19 22:35:20'
}
{
  service: 'IncidenteModel',
  module: 'Movimientos/Incidente',
  movimientoId: 243,
  empresaId: 2,
  localidadId: 1,
  level: 'info',
  message: 'No se encontr� ronda para el movimiento',
  timestamp: '2025-06-19 22:35:27'
}
{
  service: 'IncidenteModel',
  module: 'Movimientos/Incidente',
  movimientoId: 217,
  empresaId: 5,
  localidadId: 1,
  level: 'info',
  message: 'No se encontr� ronda para el movimiento',
  timestamp: '2025-06-19 22:35:27'
}
{
  service: 'IncidenteModel',
  module: 'Movimientos/Incidente',
  incidenteId: 98,
  cantidad: 1,
  carpeta: '/var/www/Cosaif/uploads/incidentes/2025/06/19',
  level: 'info',
  message: 'Imagenes procesadas y guardadas',
  timestamp: '2025-06-19 22:35:33'
}
{
  service: 'IncidenteModel',
  module: 'Movimientos/Incidente',
  incidenteId: 98,
  movimientoId: 123,
  empresaId: 2,
  localidadId: 1,
  imagenesGuardadas: 1,
  level: 'info',
  message: 'Incidente creado y procesado',
  timestamp: '2025-06-19 22:35:34'
}
{
  service: 'IncidenteModel',
  module: 'Movimientos/Incidente',
  incidenteId: 99,
  cantidad: 1,
  carpeta: '/var/www/Cosaif/uploads/incidentes/2025/06/19',
  level: 'info',
  message: 'Imagenes procesadas y guardadas',
  timestamp: '2025-06-19 22:35:48'
}
{
  service: 'IncidenteModel',
  module: 'Movimientos/Incidente',
  incidenteId: 99,
  movimientoId: 123,
  empresaId: 2,
  localidadId: 1,
  imagenesGuardadas: 1,
  level: 'info',
  message: 'Incidente creado y procesado',
  timestamp: '2025-06-19 22:35:49'
}
{
  service: 'IncidenteModel',
  module: 'Movimientos/Incidente',
  movimientoId: 243,
  empresaId: 2,
  localidadId: 1,
  level: 'info',
  message: 'No se encontr� ronda para el movimiento',
  timestamp: '2025-06-19 22:36:24'
}
{
  service: 'IncidenteModel',
  module: 'Movimientos/Incidente',
  movimientoId: 217,
  empresaId: 5,
  localidadId: 1,
  level: 'info',
  message: 'No se encontr� ronda para el movimiento',
  timestamp: '2025-06-19 22:36:24'
}
{
  service: 'IncidenteModel',
  module: 'Movimientos/Incidente',
  incidenteId: 100,
  cantidad: 1,
  carpeta: '/var/www/Cosaif/uploads/incidentes/2025/06/19',
  level: 'info',
  message: 'Imagenes procesadas y guardadas',
  timestamp: '2025-06-19 22:36:59'
}
{
  service: 'IncidenteModel',
  module: 'Movimientos/Incidente',
  movimientoId: 39,
  empresaId: 2,
  rondaOriginal: 1,
  localidadId: 1,
  prioridad: 'BAJA',
  level: 'info',
  message: 'Iniciando reorganizaci�n por incidente',
  timestamp: '2025-06-19 22:36:59'
}
{
  service: 'IncidenteModel',
  module: 'Movimientos/Incidente',
  movimientoId: 39,
  rondaNumero: 1,
  posicionOriginal: 1,
  posicionFinal: 1,
  level: 'info',
  message: 'Movimiento movido al final de la ronda',
  timestamp: '2025-06-19 22:36:59'
}
{
  service: 'IncidenteModel',
  module: 'Movimientos/Incidente',
  incidenteId: 100,
  movimientoId: 39,
  empresaId: 2,
  localidadId: 1,
  imagenesGuardadas: 1,
  level: 'info',
  message: 'Incidente creado y procesado',
  timestamp: '2025-06-19 22:37:00'
}
{
  service: 'IncidenteModel',
  module: 'Movimientos/Incidente',
  movimientoId: 39,
  empresaId: 2,
  rondaOriginal: 1,
  localidadId: 1,
  prioridad: 'BAJA',
  level: 'info',
  message: 'Iniciando reorganizaci�n por incidente',
  timestamp: '2025-06-19 22:38:51'
}
{
  service: 'IncidenteModel',
  module: 'Movimientos/Incidente',
  movimientoId: 39,
  rondaNumero: 1,
  posicionOriginal: 1,
  posicionFinal: 1,
  level: 'info',
  message: 'Movimiento movido al final de la ronda',
  timestamp: '2025-06-19 22:38:51'
}
{
  service: 'IncidenteModel',
  module: 'Movimientos/Incidente',
  movimientoId: 243,
  empresaId: 2,
  localidadId: 1,
  level: 'info',
  message: 'No se encontr� ronda para el movimiento',
  timestamp: '2025-06-19 22:38:51'
}
{
  service: 'IncidenteModel',
  module: 'Movimientos/Incidente',
  movimientoId: 217,
  empresaId: 5,
  localidadId: 1,
  level: 'info',
  message: 'No se encontr� ronda para el movimiento',
  timestamp: '2025-06-19 22:38:51'
}
{
  service: 'IncidenteModel',
  module: 'Movimientos/Incidente',
  movimientoId: 39,
  empresaId: 2,
  rondaOriginal: 1,
  localidadId: 1,
  prioridad: 'BAJA',
  level: 'info',
  message: 'Iniciando reorganizaci�n por incidente',
  timestamp: '2025-06-19 22:39:32'
}
{
  service: 'IncidenteModel',
  module: 'Movimientos/Incidente',
  movimientoId: 39,
  rondaNumero: 1,
  posicionOriginal: 1,
  posicionFinal: 1,
  level: 'info',
  message: 'Movimiento movido al final de la ronda',
  timestamp: '2025-06-19 22:39:32'
}
{
  service: 'IncidenteModel',
  module: 'Movimientos/Incidente',
  movimientoId: 243,
  empresaId: 2,
  localidadId: 1,
  level: 'info',
  message: 'No se encontr� ronda para el movimiento',
  timestamp: '2025-06-19 22:39:32'
}
{
  service: 'IncidenteModel',
  module: 'Movimientos/Incidente',
  movimientoId: 217,
  empresaId: 5,
  localidadId: 1,
  level: 'info',
  message: 'No se encontr� ronda para el movimiento',
  timestamp: '2025-06-19 22:39:32'
}
{
  service: 'IncidenteModel',
  module: 'Movimientos/Incidente',
  movimientoId: 39,
  empresaId: 2,
  rondaOriginal: 1,
  localidadId: 1,
  prioridad: 'BAJA',
  level: 'info',
  message: 'Iniciando reorganizaci�n por incidente',
  timestamp: '2025-06-19 22:39:40'
}
{
  service: 'IncidenteModel',
  module: 'Movimientos/Incidente',
  movimientoId: 39,
  rondaNumero: 1,
  posicionOriginal: 1,
  posicionFinal: 1,
  level: 'info',
  message: 'Movimiento movido al final de la ronda',
  timestamp: '2025-06-19 22:39:40'
}
{
  service: 'IncidenteModel',
  module: 'Movimientos/Incidente',
  movimientoId: 243,
  empresaId: 2,
  localidadId: 1,
  level: 'info',
  message: 'No se encontr� ronda para el movimiento',
  timestamp: '2025-06-19 22:39:40'
}
{
  service: 'IncidenteModel',
  module: 'Movimientos/Incidente',
  movimientoId: 217,
  empresaId: 5,
  localidadId: 1,
  level: 'info',
  message: 'No se encontr� ronda para el movimiento',
  timestamp: '2025-06-19 22:39:40'
}
{
  service: 'IncidenteModel',
  module: 'Movimientos/Incidente',
  movimientoId: 39,
  empresaId: 2,
  rondaOriginal: 1,
  localidadId: 1,
  prioridad: 'BAJA',
  level: 'info',
  message: 'Iniciando reorganizaci�n por incidente',
  timestamp: '2025-06-19 22:39:47'
}
{
  service: 'IncidenteModel',
  module: 'Movimientos/Incidente',
  movimientoId: 39,
  rondaNumero: 1,
  posicionOriginal: 1,
  posicionFinal: 1,
  level: 'info',
  message: 'Movimiento movido al final de la ronda',
  timestamp: '2025-06-19 22:39:47'
}
{
  service: 'IncidenteModel',
  module: 'Movimientos/Incidente',
  movimientoId: 243,
  empresaId: 2,
  localidadId: 1,
  level: 'info',
  message: 'No se encontr� ronda para el movimiento',
  timestamp: '2025-06-19 22:39:47'
}
{
  service: 'IncidenteModel',
  module: 'Movimientos/Incidente',
  movimientoId: 217,
  empresaId: 5,
  localidadId: 1,
  level: 'info',
  message: 'No se encontr� ronda para el movimiento',
  timestamp: '2025-06-19 22:39:47'
}
{
  service: 'IncidenteModel',
  module: 'Movimientos/Incidente',
  movimientoId: 39,
  empresaId: 2,
  rondaOriginal: 1,
  localidadId: 1,
  prioridad: 'BAJA',
  level: 'info',
  message: 'Iniciando reorganizaci�n por incidente',
  timestamp: '2025-06-19 22:39:51'
}
{
  service: 'IncidenteModel',
  module: 'Movimientos/Incidente',
  movimientoId: 39,
  rondaNumero: 1,
  posicionOriginal: 1,
  posicionFinal: 1,
  level: 'info',
  message: 'Movimiento movido al final de la ronda',
  timestamp: '2025-06-19 22:39:51'
}
{
  service: 'IncidenteModel',
  module: 'Movimientos/Incidente',
  movimientoId: 243,
  empresaId: 2,
  localidadId: 1,
  level: 'info',
  message: 'No se encontr� ronda para el movimiento',
  timestamp: '2025-06-19 22:39:51'
}
{
  service: 'IncidenteModel',
  module: 'Movimientos/Incidente',
  movimientoId: 217,
  empresaId: 5,
  localidadId: 1,
  level: 'info',
  message: 'No se encontr� ronda para el movimiento',
  timestamp: '2025-06-19 22:39:51'
}
{
  service: 'IncidenteModel',
  module: 'Movimientos/Incidente',
  movimientoId: 39,
  empresaId: 2,
  rondaOriginal: 1,
  localidadId: 1,
  prioridad: 'BAJA',
  level: 'info',
  message: 'Iniciando reorganizaci�n por incidente',
  timestamp: '2025-06-19 22:39:57'
}
{
  service: 'IncidenteModel',
  module: 'Movimientos/Incidente',
  movimientoId: 39,
  rondaNumero: 1,
  posicionOriginal: 1,
  posicionFinal: 1,
  level: 'info',
  message: 'Movimiento movido al final de la ronda',
  timestamp: '2025-06-19 22:39:57'
}
{
  service: 'IncidenteModel',
  module: 'Movimientos/Incidente',
  movimientoId: 243,
  empresaId: 2,
  localidadId: 1,
  level: 'info',
  message: 'No se encontr� ronda para el movimiento',
  timestamp: '2025-06-19 22:39:57'
}
{
  service: 'IncidenteModel',
  module: 'Movimientos/Incidente',
  movimientoId: 217,
  empresaId: 5,
  localidadId: 1,
  level: 'info',
  message: 'No se encontr� ronda para el movimiento',
  timestamp: '2025-06-19 22:39:57'
}
{
  service: 'IncidenteModel',
  module: 'Movimientos/Incidente',
  movimientoId: 243,
  empresaId: 2,
  localidadId: 1,
  level: 'info',
  message: 'No se encontr� ronda para el movimiento',
  timestamp: '2025-06-21 14:56:37'
}
{
  service: 'IncidenteModel',
  module: 'Movimientos/Incidente',
  movimientoId: 217,
  empresaId: 5,
  localidadId: 1,
  level: 'info',
  message: 'No se encontr� ronda para el movimiento',
  timestamp: '2025-06-21 14:56:37'
}
{
  service: 'IncidenteModel',
  module: 'Movimientos/Incidente',
  movimientoId: 243,
  empresaId: 2,
  localidadId: 1,
  level: 'info',
  message: 'No se encontr� ronda para el movimiento',
  timestamp: '2025-06-21 14:56:42'
}
{
  service: 'IncidenteModel',
  module: 'Movimientos/Incidente',
  movimientoId: 217,
  empresaId: 5,
  localidadId: 1,
  level: 'info',
  message: 'No se encontr� ronda para el movimiento',
  timestamp: '2025-06-21 14:56:42'
}
{
  service: 'IncidenteModel',
  module: 'Movimientos/Incidente',
  movimientoId: 243,
  empresaId: 2,
  localidadId: 1,
  level: 'info',
  message: 'No se encontr� ronda para el movimiento',
  timestamp: '2025-06-21 14:56:44'
}
{
  service: 'IncidenteModel',
  module: 'Movimientos/Incidente',
  movimientoId: 217,
  empresaId: 5,
  localidadId: 1,
  level: 'info',
  message: 'No se encontr� ronda para el movimiento',
  timestamp: '2025-06-21 14:56:44'
}
{
  service: 'IncidenteModel',
  module: 'Movimientos/Incidente',
  movimientoId: 243,
  empresaId: 2,
  localidadId: 1,
  level: 'info',
  message: 'No se encontr� ronda para el movimiento',
  timestamp: '2025-06-21 14:56:44'
}
{
  service: 'IncidenteModel',
  module: 'Movimientos/Incidente',
  movimientoId: 217,
  empresaId: 5,
  localidadId: 1,
  level: 'info',
  message: 'No se encontr� ronda para el movimiento',
  timestamp: '2025-06-21 14:56:44'
}
{
  service: 'IncidenteModel',
  module: 'Movimientos/Incidente',
  movimientoId: 243,
  empresaId: 2,
  localidadId: 1,
  level: 'info',
  message: 'No se encontr� ronda para el movimiento',
  timestamp: '2025-06-21 14:56:49'
}
{
  service: 'IncidenteModel',
  module: 'Movimientos/Incidente',
  movimientoId: 217,
  empresaId: 5,
  localidadId: 1,
  level: 'info',
  message: 'No se encontr� ronda para el movimiento',
  timestamp: '2025-06-21 14:56:49'
}
{
  service: 'IncidenteModel',
  module: 'Movimientos/Incidente',
  movimientoId: 243,
  empresaId: 2,
  localidadId: 1,
  level: 'info',
  message: 'No se encontr� ronda para el movimiento',
  timestamp: '2025-06-21 14:56:49'
}
{
  service: 'IncidenteModel',
  module: 'Movimientos/Incidente',
  movimientoId: 217,
  empresaId: 5,
  localidadId: 1,
  level: 'info',
  message: 'No se encontr� ronda para el movimiento',
  timestamp: '2025-06-21 14:56:49'
}
{
  service: 'IncidenteModel',
  module: 'Movimientos/Incidente',
  movimientoId: 243,
  empresaId: 2,
  localidadId: 1,
  level: 'info',
  message: 'No se encontr� ronda para el movimiento',
  timestamp: '2025-06-21 14:56:55'
}
{
  service: 'IncidenteModel',
  module: 'Movimientos/Incidente',
  movimientoId: 217,
  empresaId: 5,
  localidadId: 1,
  level: 'info',
  message: 'No se encontr� ronda para el movimiento',
  timestamp: '2025-06-21 14:56:55'
}
{
  service: 'IncidenteModel',
  module: 'Movimientos/Incidente',
  movimientoId: 243,
  empresaId: 2,
  localidadId: 1,
  level: 'info',
  message: 'No se encontr� ronda para el movimiento',
  timestamp: '2025-06-21 14:56:55'
}
{
  service: 'IncidenteModel',
  module: 'Movimientos/Incidente',
  movimientoId: 217,
  empresaId: 5,
  localidadId: 1,
  level: 'info',
  message: 'No se encontr� ronda para el movimiento',
  timestamp: '2025-06-21 14:56:55'
}
{
  service: 'IncidenteModel',
  module: 'Movimientos/Incidente',
  movimientoId: 243,
  empresaId: 2,
  localidadId: 1,
  level: 'info',
  message: 'No se encontr� ronda para el movimiento',
  timestamp: '2025-06-21 14:57:00'
}
{
  service: 'IncidenteModel',
  module: 'Movimientos/Incidente',
  movimientoId: 217,
  empresaId: 5,
  localidadId: 1,
  level: 'info',
  message: 'No se encontr� ronda para el movimiento',
  timestamp: '2025-06-21 14:57:00'
}
{
  service: 'IncidenteModel',
  module: 'Movimientos/Incidente',
  movimientoId: 243,
  empresaId: 2,
  localidadId: 1,
  level: 'info',
  message: 'No se encontr� ronda para el movimiento',
  timestamp: '2025-06-21 14:57:00'
}
{
  service: 'IncidenteModel',
  module: 'Movimientos/Incidente',
  movimientoId: 217,
  empresaId: 5,
  localidadId: 1,
  level: 'info',
  message: 'No se encontr� ronda para el movimiento',
  timestamp: '2025-06-21 14:57:00'
}
{
  service: 'IncidenteModel',
  module: 'Movimientos/Incidente',
  movimientoId: 243,
  empresaId: 2,
  localidadId: 1,
  level: 'info',
  message: 'No se encontr� ronda para el movimiento',
  timestamp: '2025-06-21 14:57:05'
}
{
  service: 'IncidenteModel',
  module: 'Movimientos/Incidente',
  movimientoId: 217,
  empresaId: 5,
  localidadId: 1,
  level: 'info',
  message: 'No se encontr� ronda para el movimiento',
  timestamp: '2025-06-21 14:57:05'
}
{
  service: 'IncidenteModel',
  module: 'Movimientos/Incidente',
  movimientoId: 243,
  empresaId: 2,
  localidadId: 1,
  level: 'info',
  message: 'No se encontr� ronda para el movimiento',
  timestamp: '2025-06-21 14:57:06'
}
{
  service: 'IncidenteModel',
  module: 'Movimientos/Incidente',
  movimientoId: 217,
  empresaId: 5,
  localidadId: 1,
  level: 'info',
  message: 'No se encontr� ronda para el movimiento',
  timestamp: '2025-06-21 14:57:06'
}
{
  service: 'IncidenteModel',
  module: 'Movimientos/Incidente',
  movimientoId: 243,
  empresaId: 2,
  localidadId: 1,
  level: 'info',
  message: 'No se encontr� ronda para el movimiento',
  timestamp: '2025-06-21 14:57:11'
}
{
  service: 'IncidenteModel',
  module: 'Movimientos/Incidente',
  movimientoId: 243,
  empresaId: 2,
  localidadId: 1,
  level: 'info',
  message: 'No se encontr� ronda para el movimiento',
  timestamp: '2025-06-21 14:57:11'
}
{
  service: 'IncidenteModel',
  module: 'Movimientos/Incidente',
  movimientoId: 217,
  empresaId: 5,
  localidadId: 1,
  level: 'info',
  message: 'No se encontr� ronda para el movimiento',
  timestamp: '2025-06-21 14:57:11'
}
{
  service: 'IncidenteModel',
  module: 'Movimientos/Incidente',
  movimientoId: 217,
  empresaId: 5,
  localidadId: 1,
  level: 'info',
  message: 'No se encontr� ronda para el movimiento',
  timestamp: '2025-06-21 14:57:11'
}
{
  service: 'IncidenteModel',
  module: 'Movimientos/Incidente',
  movimientoId: 243,
  empresaId: 2,
  localidadId: 1,
  level: 'info',
  message: 'No se encontr� ronda para el movimiento',
  timestamp: '2025-06-21 14:57:16'
}
{
  service: 'IncidenteModel',
  module: 'Movimientos/Incidente',
  movimientoId: 217,
  empresaId: 5,
  localidadId: 1,
  level: 'info',
  message: 'No se encontr� ronda para el movimiento',
  timestamp: '2025-06-21 14:57:16'
}
{
  service: 'IncidenteModel',
  module: 'Movimientos/Incidente',
  movimientoId: 243,
  empresaId: 2,
  localidadId: 1,
  level: 'info',
  message: 'No se encontr� ronda para el movimiento',
  timestamp: '2025-06-21 14:57:16'
}
{
  service: 'IncidenteModel',
  module: 'Movimientos/Incidente',
  movimientoId: 217,
  empresaId: 5,
  localidadId: 1,
  level: 'info',
  message: 'No se encontr� ronda para el movimiento',
  timestamp: '2025-06-21 14:57:16'
}
{
  service: 'IncidenteModel',
  module: 'Movimientos/Incidente',
  movimientoId: 243,
  empresaId: 2,
  localidadId: 1,
  level: 'info',
  message: 'No se encontr� ronda para el movimiento',
  timestamp: '2025-06-21 14:57:21'
}
{
  service: 'IncidenteModel',
  module: 'Movimientos/Incidente',
  movimientoId: 217,
  empresaId: 5,
  localidadId: 1,
  level: 'info',
  message: 'No se encontr� ronda para el movimiento',
  timestamp: '2025-06-21 14:57:21'
}
{
  service: 'IncidenteModel',
  module: 'Movimientos/Incidente',
  movimientoId: 243,
  empresaId: 2,
  localidadId: 1,
  level: 'info',
  message: 'No se encontr� ronda para el movimiento',
  timestamp: '2025-06-21 14:57:21'
}
{
  service: 'IncidenteModel',
  module: 'Movimientos/Incidente',
  movimientoId: 217,
  empresaId: 5,
  localidadId: 1,
  level: 'info',
  message: 'No se encontr� ronda para el movimiento',
  timestamp: '2025-06-21 14:57:21'
}
{
  service: 'IncidenteModel',
  module: 'Movimientos/Incidente',
  movimientoId: 243,
  empresaId: 2,
  localidadId: 1,
  level: 'info',
  message: 'No se encontr� ronda para el movimiento',
  timestamp: '2025-06-21 14:57:27'
}
{
  service: 'IncidenteModel',
  module: 'Movimientos/Incidente',
  movimientoId: 217,
  empresaId: 5,
  localidadId: 1,
  level: 'info',
  message: 'No se encontr� ronda para el movimiento',
  timestamp: '2025-06-21 14:57:27'
}
{
  service: 'IncidenteModel',
  module: 'Movimientos/Incidente',
  movimientoId: 243,
  empresaId: 2,
  localidadId: 1,
  level: 'info',
  message: 'No se encontr� ronda para el movimiento',
  timestamp: '2025-06-21 14:57:27'
}
{
  service: 'IncidenteModel',
  module: 'Movimientos/Incidente',
  movimientoId: 217,
  empresaId: 5,
  localidadId: 1,
  level: 'info',
  message: 'No se encontr� ronda para el movimiento',
  timestamp: '2025-06-21 14:57:27'
}
{
  service: 'IncidenteModel',
  module: 'Movimientos/Incidente',
  movimientoId: 243,
  empresaId: 2,
  localidadId: 1,
  level: 'info',
  message: 'No se encontr� ronda para el movimiento',
  timestamp: '2025-06-21 14:57:32'
}
{
  service: 'IncidenteModel',
  module: 'Movimientos/Incidente',
  movimientoId: 217,
  empresaId: 5,
  localidadId: 1,
  level: 'info',
  message: 'No se encontr� ronda para el movimiento',
  timestamp: '2025-06-21 14:57:32'
}
{
  service: 'IncidenteModel',
  module: 'Movimientos/Incidente',
  movimientoId: 243,
  empresaId: 2,
  localidadId: 1,
  level: 'info',
  message: 'No se encontr� ronda para el movimiento',
  timestamp: '2025-06-21 14:57:32'
}
{
  service: 'IncidenteModel',
  module: 'Movimientos/Incidente',
  movimientoId: 217,
  empresaId: 5,
  localidadId: 1,
  level: 'info',
  message: 'No se encontr� ronda para el movimiento',
  timestamp: '2025-06-21 14:57:32'
}
{
  service: 'IncidenteModel',
  module: 'Movimientos/Incidente',
  movimientoId: 243,
  empresaId: 2,
  localidadId: 1,
  level: 'info',
  message: 'No se encontr� ronda para el movimiento',
  timestamp: '2025-06-21 14:57:37'
}
{
  service: 'IncidenteModel',
  module: 'Movimientos/Incidente',
  movimientoId: 243,
  empresaId: 2,
  localidadId: 1,
  level: 'info',
  message: 'No se encontr� ronda para el movimiento',
  timestamp: '2025-06-21 14:57:37'
}
{
  service: 'IncidenteModel',
  module: 'Movimientos/Incidente',
  movimientoId: 217,
  empresaId: 5,
  localidadId: 1,
  level: 'info',
  message: 'No se encontr� ronda para el movimiento',
  timestamp: '2025-06-21 14:57:37'
}
{
  service: 'IncidenteModel',
  module: 'Movimientos/Incidente',
  movimientoId: 217,
  empresaId: 5,
  localidadId: 1,
  level: 'info',
  message: 'No se encontr� ronda para el movimiento',
  timestamp: '2025-06-21 14:57:37'
}
{
  service: 'IncidenteModel',
  module: 'Movimientos/Incidente',
  movimientoId: 243,
  empresaId: 2,
  localidadId: 1,
  level: 'info',
  message: 'No se encontr� ronda para el movimiento',
  timestamp: '2025-06-21 14:57:43'
}
{
  service: 'IncidenteModel',
  module: 'Movimientos/Incidente',
  movimientoId: 217,
  empresaId: 5,
  localidadId: 1,
  level: 'info',
  message: 'No se encontr� ronda para el movimiento',
  timestamp: '2025-06-21 14:57:43'
}
{
  service: 'IncidenteModel',
  module: 'Movimientos/Incidente',
  movimientoId: 243,
  empresaId: 2,
  localidadId: 1,
  level: 'info',
  message: 'No se encontr� ronda para el movimiento',
  timestamp: '2025-06-21 14:57:43'
}
{
  service: 'IncidenteModel',
  module: 'Movimientos/Incidente',
  movimientoId: 217,
  empresaId: 5,
  localidadId: 1,
  level: 'info',
  message: 'No se encontr� ronda para el movimiento',
  timestamp: '2025-06-21 14:57:43'
}
{
  service: 'IncidenteModel',
  module: 'Movimientos/Incidente',
  movimientoId: 243,
  empresaId: 2,
  localidadId: 1,
  level: 'info',
  message: 'No se encontr� ronda para el movimiento',
  timestamp: '2025-06-21 14:57:48'
}
{
  service: 'IncidenteModel',
  module: 'Movimientos/Incidente',
  movimientoId: 217,
  empresaId: 5,
  localidadId: 1,
  level: 'info',
  message: 'No se encontr� ronda para el movimiento',
  timestamp: '2025-06-21 14:57:48'
}
{
  service: 'IncidenteModel',
  module: 'Movimientos/Incidente',
  movimientoId: 243,
  empresaId: 2,
  localidadId: 1,
  level: 'info',
  message: 'No se encontr� ronda para el movimiento',
  timestamp: '2025-06-21 14:57:48'
}
{
  service: 'IncidenteModel',
  module: 'Movimientos/Incidente',
  movimientoId: 217,
  empresaId: 5,
  localidadId: 1,
  level: 'info',
  message: 'No se encontr� ronda para el movimiento',
  timestamp: '2025-06-21 14:57:48'
}
{
  service: 'IncidenteModel',
  module: 'Movimientos/Incidente',
  movimientoId: 243,
  empresaId: 2,
  localidadId: 1,
  level: 'info',
  message: 'No se encontr� ronda para el movimiento',
  timestamp: '2025-06-21 14:57:53'
}
{
  service: 'IncidenteModel',
  module: 'Movimientos/Incidente',
  movimientoId: 243,
  empresaId: 2,
  localidadId: 1,
  level: 'info',
  message: 'No se encontr� ronda para el movimiento',
  timestamp: '2025-06-21 14:57:53'
}
{
  service: 'IncidenteModel',
  module: 'Movimientos/Incidente',
  movimientoId: 217,
  empresaId: 5,
  localidadId: 1,
  level: 'info',
  message: 'No se encontr� ronda para el movimiento',
  timestamp: '2025-06-21 14:57:53'
}
{
  service: 'IncidenteModel',
  module: 'Movimientos/Incidente',
  movimientoId: 217,
  empresaId: 5,
  localidadId: 1,
  level: 'info',
  message: 'No se encontr� ronda para el movimiento',
  timestamp: '2025-06-21 14:57:53'
}
{
  service: 'IncidenteModel',
  module: 'Movimientos/Incidente',
  movimientoId: 243,
  empresaId: 2,
  localidadId: 1,
  level: 'info',
  message: 'No se encontr� ronda para el movimiento',
  timestamp: '2025-06-21 14:57:58'
}
{
  service: 'IncidenteModel',
  module: 'Movimientos/Incidente',
  movimientoId: 217,
  empresaId: 5,
  localidadId: 1,
  level: 'info',
  message: 'No se encontr� ronda para el movimiento',
  timestamp: '2025-06-21 14:57:58'
}
{
  service: 'IncidenteModel',
  module: 'Movimientos/Incidente',
  movimientoId: 243,
  empresaId: 2,
  localidadId: 1,
  level: 'info',
  message: 'No se encontr� ronda para el movimiento',
  timestamp: '2025-06-21 14:57:59'
}
{
  service: 'IncidenteModel',
  module: 'Movimientos/Incidente',
  movimientoId: 217,
  empresaId: 5,
  localidadId: 1,
  level: 'info',
  message: 'No se encontr� ronda para el movimiento',
  timestamp: '2025-06-21 14:57:59'
}
{
  service: 'IncidenteModel',
  module: 'Movimientos/Incidente',
  movimientoId: 243,
  empresaId: 2,
  localidadId: 1,
  level: 'info',
  message: 'No se encontr� ronda para el movimiento',
  timestamp: '2025-06-21 14:58:04'
}
{
  service: 'IncidenteModel',
  module: 'Movimientos/Incidente',
  movimientoId: 217,
  empresaId: 5,
  localidadId: 1,
  level: 'info',
  message: 'No se encontr� ronda para el movimiento',
  timestamp: '2025-06-21 14:58:04'
}
{
  service: 'IncidenteModel',
  module: 'Movimientos/Incidente',
  movimientoId: 243,
  empresaId: 2,
  localidadId: 1,
  level: 'info',
  message: 'No se encontr� ronda para el movimiento',
  timestamp: '2025-06-21 14:58:04'
}
{
  service: 'IncidenteModel',
  module: 'Movimientos/Incidente',
  movimientoId: 217,
  empresaId: 5,
  localidadId: 1,
  level: 'info',
  message: 'No se encontr� ronda para el movimiento',
  timestamp: '2025-06-21 14:58:04'
}
{
  service: 'IncidenteModel',
  module: 'Movimientos/Incidente',
  movimientoId: 243,
  empresaId: 2,
  localidadId: 1,
  level: 'info',
  message: 'No se encontr� ronda para el movimiento',
  timestamp: '2025-06-21 14:58:09'
}
{
  service: 'IncidenteModel',
  module: 'Movimientos/Incidente',
  movimientoId: 217,
  empresaId: 5,
  localidadId: 1,
  level: 'info',
  message: 'No se encontr� ronda para el movimiento',
  timestamp: '2025-06-21 14:58:09'
}
{
  service: 'IncidenteModel',
  module: 'Movimientos/Incidente',
  movimientoId: 243,
  empresaId: 2,
  localidadId: 1,
  level: 'info',
  message: 'No se encontr� ronda para el movimiento',
  timestamp: '2025-06-21 14:58:09'
}
{
  service: 'IncidenteModel',
  module: 'Movimientos/Incidente',
  movimientoId: 217,
  empresaId: 5,
  localidadId: 1,
  level: 'info',
  message: 'No se encontr� ronda para el movimiento',
  timestamp: '2025-06-21 14:58:09'
}
{
  service: 'IncidenteModel',
  module: 'Movimientos/Incidente',
  movimientoId: 243,
  empresaId: 2,
  localidadId: 1,
  level: 'info',
  message: 'No se encontr� ronda para el movimiento',
  timestamp: '2025-06-21 14:58:14'
}
{
  service: 'IncidenteModel',
  module: 'Movimientos/Incidente',
  movimientoId: 217,
  empresaId: 5,
  localidadId: 1,
  level: 'info',
  message: 'No se encontr� ronda para el movimiento',
  timestamp: '2025-06-21 14:58:14'
}
{
  service: 'IncidenteModel',
  module: 'Movimientos/Incidente',
  movimientoId: 243,
  empresaId: 2,
  localidadId: 1,
  level: 'info',
  message: 'No se encontr� ronda para el movimiento',
  timestamp: '2025-06-21 14:58:14'
}
{
  service: 'IncidenteModel',
  module: 'Movimientos/Incidente',
  movimientoId: 217,
  empresaId: 5,
  localidadId: 1,
  level: 'info',
  message: 'No se encontr� ronda para el movimiento',
  timestamp: '2025-06-21 14:58:14'
}
{
  service: 'IncidenteModel',
  module: 'Movimientos/Incidente',
  movimientoId: 243,
  empresaId: 2,
  localidadId: 1,
  level: 'info',
  message: 'No se encontr� ronda para el movimiento',
  timestamp: '2025-06-21 14:58:20'
}
{
  service: 'IncidenteModel',
  module: 'Movimientos/Incidente',
  movimientoId: 217,
  empresaId: 5,
  localidadId: 1,
  level: 'info',
  message: 'No se encontr� ronda para el movimiento',
  timestamp: '2025-06-21 14:58:20'
}
{
  service: 'IncidenteModel',
  module: 'Movimientos/Incidente',
  movimientoId: 243,
  empresaId: 2,
  localidadId: 1,
  level: 'info',
  message: 'No se encontr� ronda para el movimiento',
  timestamp: '2025-06-21 14:58:20'
}
{
  service: 'IncidenteModel',
  module: 'Movimientos/Incidente',
  movimientoId: 217,
  empresaId: 5,
  localidadId: 1,
  level: 'info',
  message: 'No se encontr� ronda para el movimiento',
  timestamp: '2025-06-21 14:58:20'
}
{
  service: 'IncidenteModel',
  module: 'Movimientos/Incidente',
  movimientoId: 243,
  empresaId: 2,
  localidadId: 1,
  level: 'info',
  message: 'No se encontr� ronda para el movimiento',
  timestamp: '2025-06-21 14:58:25'
}
{
  service: 'IncidenteModel',
  module: 'Movimientos/Incidente',
  movimientoId: 243,
  empresaId: 2,
  localidadId: 1,
  level: 'info',
  message: 'No se encontr� ronda para el movimiento',
  timestamp: '2025-06-21 14:58:25'
}
{
  service: 'IncidenteModel',
  module: 'Movimientos/Incidente',
  movimientoId: 217,
  empresaId: 5,
  localidadId: 1,
  level: 'info',
  message: 'No se encontr� ronda para el movimiento',
  timestamp: '2025-06-21 14:58:25'
}
{
  service: 'IncidenteModel',
  module: 'Movimientos/Incidente',
  movimientoId: 217,
  empresaId: 5,
  localidadId: 1,
  level: 'info',
  message: 'No se encontr� ronda para el movimiento',
  timestamp: '2025-06-21 14:58:25'
}
{
  service: 'IncidenteModel',
  module: 'Movimientos/Incidente',
  movimientoId: 243,
  empresaId: 2,
  localidadId: 1,
  level: 'info',
  message: 'No se encontr� ronda para el movimiento',
  timestamp: '2025-06-21 14:58:30'
}
{
  service: 'IncidenteModel',
  module: 'Movimientos/Incidente',
  movimientoId: 243,
  empresaId: 2,
  localidadId: 1,
  level: 'info',
  message: 'No se encontr� ronda para el movimiento',
  timestamp: '2025-06-21 14:58:30'
}
{
  service: 'IncidenteModel',
  module: 'Movimientos/Incidente',
  movimientoId: 217,
  empresaId: 5,
  localidadId: 1,
  level: 'info',
  message: 'No se encontr� ronda para el movimiento',
  timestamp: '2025-06-21 14:58:30'
}
{
  service: 'IncidenteModel',
  module: 'Movimientos/Incidente',
  movimientoId: 217,
  empresaId: 5,
  localidadId: 1,
  level: 'info',
  message: 'No se encontr� ronda para el movimiento',
  timestamp: '2025-06-21 14:58:30'
}
{
  service: 'IncidenteModel',
  module: 'Movimientos/Incidente',
  movimientoId: 243,
  empresaId: 2,
  localidadId: 1,
  level: 'info',
  message: 'No se encontr� ronda para el movimiento',
  timestamp: '2025-06-21 14:58:36'
}
{
  service: 'IncidenteModel',
  module: 'Movimientos/Incidente',
  movimientoId: 217,
  empresaId: 5,
  localidadId: 1,
  level: 'info',
  message: 'No se encontr� ronda para el movimiento',
  timestamp: '2025-06-21 14:58:36'
}
{
  service: 'IncidenteModel',
  module: 'Movimientos/Incidente',
  movimientoId: 243,
  empresaId: 2,
  localidadId: 1,
  level: 'info',
  message: 'No se encontr� ronda para el movimiento',
  timestamp: '2025-06-21 14:58:36'
}
{
  service: 'IncidenteModel',
  module: 'Movimientos/Incidente',
  movimientoId: 217,
  empresaId: 5,
  localidadId: 1,
  level: 'info',
  message: 'No se encontr� ronda para el movimiento',
  timestamp: '2025-06-21 14:58:36'
}
{
  service: 'IncidenteModel',
  module: 'Movimientos/Incidente',
  movimientoId: 243,
  empresaId: 2,
  localidadId: 1,
  level: 'info',
  message: 'No se encontr� ronda para el movimiento',
  timestamp: '2025-06-21 14:58:41'
}
{
  service: 'IncidenteModel',
  module: 'Movimientos/Incidente',
  movimientoId: 217,
  empresaId: 5,
  localidadId: 1,
  level: 'info',
  message: 'No se encontr� ronda para el movimiento',
  timestamp: '2025-06-21 14:58:41'
}
{
  service: 'IncidenteModel',
  module: 'Movimientos/Incidente',
  movimientoId: 243,
  empresaId: 2,
  localidadId: 1,
  level: 'info',
  message: 'No se encontr� ronda para el movimiento',
  timestamp: '2025-06-21 14:58:41'
}
{
  service: 'IncidenteModel',
  module: 'Movimientos/Incidente',
  movimientoId: 217,
  empresaId: 5,
  localidadId: 1,
  level: 'info',
  message: 'No se encontr� ronda para el movimiento',
  timestamp: '2025-06-21 14:58:41'
}
{
  service: 'IncidenteModel',
  module: 'Movimientos/Incidente',
  movimientoId: 243,
  empresaId: 2,
  localidadId: 1,
  level: 'info',
  message: 'No se encontr� ronda para el movimiento',
  timestamp: '2025-06-21 14:58:46'
}
{
  service: 'IncidenteModel',
  module: 'Movimientos/Incidente',
  movimientoId: 217,
  empresaId: 5,
  localidadId: 1,
  level: 'info',
  message: 'No se encontr� ronda para el movimiento',
  timestamp: '2025-06-21 14:58:46'
}
{
  service: 'IncidenteModel',
  module: 'Movimientos/Incidente',
  movimientoId: 243,
  empresaId: 2,
  localidadId: 1,
  level: 'info',
  message: 'No se encontr� ronda para el movimiento',
  timestamp: '2025-06-21 14:58:46'
}
{
  service: 'IncidenteModel',
  module: 'Movimientos/Incidente',
  movimientoId: 217,
  empresaId: 5,
  localidadId: 1,
  level: 'info',
  message: 'No se encontr� ronda para el movimiento',
  timestamp: '2025-06-21 14:58:46'
}
{
  service: 'IncidenteModel',
  module: 'Movimientos/Incidente',
  movimientoId: 243,
  empresaId: 2,
  localidadId: 1,
  level: 'info',
  message: 'No se encontr� ronda para el movimiento',
  timestamp: '2025-06-21 14:58:51'
}
{
  service: 'IncidenteModel',
  module: 'Movimientos/Incidente',
  movimientoId: 217,
  empresaId: 5,
  localidadId: 1,
  level: 'info',
  message: 'No se encontr� ronda para el movimiento',
  timestamp: '2025-06-21 14:58:51'
}
{
  service: 'IncidenteModel',
  module: 'Movimientos/Incidente',
  movimientoId: 243,
  empresaId: 2,
  localidadId: 1,
  level: 'info',
  message: 'No se encontr� ronda para el movimiento',
  timestamp: '2025-06-21 14:58:51'
}
{
  service: 'IncidenteModel',
  module: 'Movimientos/Incidente',
  movimientoId: 217,
  empresaId: 5,
  localidadId: 1,
  level: 'info',
  message: 'No se encontr� ronda para el movimiento',
  timestamp: '2025-06-21 14:58:51'
}
{
  service: 'IncidenteModel',
  module: 'Movimientos/Incidente',
  movimientoId: 243,
  empresaId: 2,
  localidadId: 1,
  level: 'info',
  message: 'No se encontr� ronda para el movimiento',
  timestamp: '2025-06-21 14:58:54'
}
{
  service: 'IncidenteModel',
  module: 'Movimientos/Incidente',
  movimientoId: 217,
  empresaId: 5,
  localidadId: 1,
  level: 'info',
  message: 'No se encontr� ronda para el movimiento',
  timestamp: '2025-06-21 14:58:54'
}
{
  service: 'IncidenteModel',
  module: 'Movimientos/Incidente',
  movimientoId: 243,
  empresaId: 2,
  localidadId: 1,
  level: 'info',
  message: 'No se encontr� ronda para el movimiento',
  timestamp: '2025-06-21 14:59:10'
}
{
  service: 'IncidenteModel',
  module: 'Movimientos/Incidente',
  movimientoId: 217,
  empresaId: 5,
  localidadId: 1,
  level: 'info',
  message: 'No se encontr� ronda para el movimiento',
  timestamp: '2025-06-21 14:59:10'
}
{
  service: 'IncidenteModel',
  module: 'Movimientos/Incidente',
  movimientoId: 243,
  empresaId: 2,
  localidadId: 1,
  level: 'info',
  message: 'No se encontr� ronda para el movimiento',
  timestamp: '2025-06-21 14:59:22'
}
{
  service: 'IncidenteModel',
  module: 'Movimientos/Incidente',
  movimientoId: 217,
  empresaId: 5,
  localidadId: 1,
  level: 'info',
  message: 'No se encontr� ronda para el movimiento',
  timestamp: '2025-06-21 14:59:22'
}
{
  service: 'IncidenteModel',
  module: 'Movimientos/Incidente',
  movimientoId: 243,
  empresaId: 2,
  localidadId: 1,
  level: 'info',
  message: 'No se encontr� ronda para el movimiento',
  timestamp: '2025-06-21 14:59:26'
}
{
  service: 'IncidenteModel',
  module: 'Movimientos/Incidente',
  movimientoId: 217,
  empresaId: 5,
  localidadId: 1,
  level: 'info',
  message: 'No se encontr� ronda para el movimiento',
  timestamp: '2025-06-21 14:59:26'
}
{
  service: 'IncidenteModel',
  module: 'Movimientos/Incidente',
  movimientoId: 243,
  empresaId: 2,
  localidadId: 1,
  level: 'info',
  message: 'No se encontr� ronda para el movimiento',
  timestamp: '2025-06-21 14:59:29'
}
{
  service: 'IncidenteModel',
  module: 'Movimientos/Incidente',
  movimientoId: 217,
  empresaId: 5,
  localidadId: 1,
  level: 'info',
  message: 'No se encontr� ronda para el movimiento',
  timestamp: '2025-06-21 14:59:29'
}
{
  service: 'IncidenteModel',
  module: 'Movimientos/Incidente',
  movimientoId: 243,
  empresaId: 2,
  localidadId: 1,
  level: 'info',
  message: 'No se encontr� ronda para el movimiento',
  timestamp: '2025-06-21 14:59:30'
}
{
  service: 'IncidenteModel',
  module: 'Movimientos/Incidente',
  movimientoId: 217,
  empresaId: 5,
  localidadId: 1,
  level: 'info',
  message: 'No se encontr� ronda para el movimiento',
  timestamp: '2025-06-21 14:59:30'
}
{
  service: 'IncidenteModel',
  module: 'Movimientos/Incidente',
  movimientoId: 243,
  empresaId: 2,
  localidadId: 1,
  level: 'info',
  message: 'No se encontr� ronda para el movimiento',
  timestamp: '2025-06-21 15:00:10'
}
{
  service: 'IncidenteModel',
  module: 'Movimientos/Incidente',
  movimientoId: 217,
  empresaId: 5,
  localidadId: 1,
  level: 'info',
  message: 'No se encontr� ronda para el movimiento',
  timestamp: '2025-06-21 15:00:10'
}
{
  service: 'IncidenteModel',
  module: 'Movimientos/Incidente',
  movimientoId: 243,
  empresaId: 2,
  localidadId: 1,
  level: 'info',
  message: 'No se encontr� ronda para el movimiento',
  timestamp: '2025-06-21 15:00:15'
}
{
  service: 'IncidenteModel',
  module: 'Movimientos/Incidente',
  movimientoId: 217,
  empresaId: 5,
  localidadId: 1,
  level: 'info',
  message: 'No se encontr� ronda para el movimiento',
  timestamp: '2025-06-21 15:00:15'
}
{
  service: 'IncidenteModel',
  module: 'Movimientos/Incidente',
  movimientoId: 243,
  empresaId: 2,
  localidadId: 1,
  level: 'info',
  message: 'No se encontr� ronda para el movimiento',
  timestamp: '2025-06-21 15:00:22'
}
{
  service: 'IncidenteModel',
  module: 'Movimientos/Incidente',
  movimientoId: 217,
  empresaId: 5,
  localidadId: 1,
  level: 'info',
  message: 'No se encontr� ronda para el movimiento',
  timestamp: '2025-06-21 15:00:22'
}
{
  service: 'IncidenteModel',
  module: 'Movimientos/Incidente',
  movimientoId: 243,
  empresaId: 2,
  localidadId: 1,
  level: 'info',
  message: 'No se encontr� ronda para el movimiento',
  timestamp: '2025-06-21 15:00:25'
}
{
  service: 'IncidenteModel',
  module: 'Movimientos/Incidente',
  movimientoId: 243,
  empresaId: 2,
  localidadId: 1,
  level: 'info',
  message: 'No se encontr� ronda para el movimiento',
  timestamp: '2025-06-21 15:00:25'
}
{
  service: 'IncidenteModel',
  module: 'Movimientos/Incidente',
  movimientoId: 217,
  empresaId: 5,
  localidadId: 1,
  level: 'info',
  message: 'No se encontr� ronda para el movimiento',
  timestamp: '2025-06-21 15:00:25'
}
{
  service: 'IncidenteModel',
  module: 'Movimientos/Incidente',
  movimientoId: 217,
  empresaId: 5,
  localidadId: 1,
  level: 'info',
  message: 'No se encontr� ronda para el movimiento',
  timestamp: '2025-06-21 15:00:25'
}
{
  service: 'IncidenteModel',
  module: 'Movimientos/Incidente',
  movimientoId: 243,
  empresaId: 2,
  localidadId: 1,
  level: 'info',
  message: 'No se encontr� ronda para el movimiento',
  timestamp: '2025-06-21 15:00:31'
}
{
  service: 'IncidenteModel',
  module: 'Movimientos/Incidente',
  movimientoId: 217,
  empresaId: 5,
  localidadId: 1,
  level: 'info',
  message: 'No se encontr� ronda para el movimiento',
  timestamp: '2025-06-21 15:00:31'
}
{
  service: 'IncidenteModel',
  module: 'Movimientos/Incidente',
  movimientoId: 243,
  empresaId: 2,
  localidadId: 1,
  level: 'info',
  message: 'No se encontr� ronda para el movimiento',
  timestamp: '2025-06-21 15:00:31'
}
{
  service: 'IncidenteModel',
  module: 'Movimientos/Incidente',
  movimientoId: 217,
  empresaId: 5,
  localidadId: 1,
  level: 'info',
  message: 'No se encontr� ronda para el movimiento',
  timestamp: '2025-06-21 15:00:31'
}
{
  service: 'IncidenteModel',
  module: 'Movimientos/Incidente',
  movimientoId: 243,
  empresaId: 2,
  localidadId: 1,
  level: 'info',
  message: 'No se encontr� ronda para el movimiento',
  timestamp: '2025-06-21 15:00:36'
}
{
  service: 'IncidenteModel',
  module: 'Movimientos/Incidente',
  movimientoId: 217,
  empresaId: 5,
  localidadId: 1,
  level: 'info',
  message: 'No se encontr� ronda para el movimiento',
  timestamp: '2025-06-21 15:00:36'
}
{
  service: 'IncidenteModel',
  module: 'Movimientos/Incidente',
  movimientoId: 243,
  empresaId: 2,
  localidadId: 1,
  level: 'info',
  message: 'No se encontr� ronda para el movimiento',
  timestamp: '2025-06-21 15:00:36'
}
{
  service: 'IncidenteModel',
  module: 'Movimientos/Incidente',
  movimientoId: 217,
  empresaId: 5,
  localidadId: 1,
  level: 'info',
  message: 'No se encontr� ronda para el movimiento',
  timestamp: '2025-06-21 15:00:36'
}
{
  service: 'IncidenteModel',
  module: 'Movimientos/Incidente',
  movimientoId: 243,
  empresaId: 2,
  localidadId: 1,
  level: 'info',
  message: 'No se encontr� ronda para el movimiento',
  timestamp: '2025-06-21 15:00:42'
}
{
  service: 'IncidenteModel',
  module: 'Movimientos/Incidente',
  movimientoId: 217,
  empresaId: 5,
  localidadId: 1,
  level: 'info',
  message: 'No se encontr� ronda para el movimiento',
  timestamp: '2025-06-21 15:00:42'
}
{
  service: 'IncidenteModel',
  module: 'Movimientos/Incidente',
  movimientoId: 243,
  empresaId: 2,
  localidadId: 1,
  level: 'info',
  message: 'No se encontr� ronda para el movimiento',
  timestamp: '2025-06-21 15:00:42'
}
{
  service: 'IncidenteModel',
  module: 'Movimientos/Incidente',
  movimientoId: 217,
  empresaId: 5,
  localidadId: 1,
  level: 'info',
  message: 'No se encontr� ronda para el movimiento',
  timestamp: '2025-06-21 15:00:42'
}
{
  service: 'IncidenteModel',
  module: 'Movimientos/Incidente',
  movimientoId: 243,
  empresaId: 2,
  localidadId: 1,
  level: 'info',
  message: 'No se encontr� ronda para el movimiento',
  timestamp: '2025-06-21 15:00:47'
}
{
  service: 'IncidenteModel',
  module: 'Movimientos/Incidente',
  movimientoId: 217,
  empresaId: 5,
  localidadId: 1,
  level: 'info',
  message: 'No se encontr� ronda para el movimiento',
  timestamp: '2025-06-21 15:00:47'
}
{
  service: 'IncidenteModel',
  module: 'Movimientos/Incidente',
  movimientoId: 243,
  empresaId: 2,
  localidadId: 1,
  level: 'info',
  message: 'No se encontr� ronda para el movimiento',
  timestamp: '2025-06-21 15:00:47'
}
{
  service: 'IncidenteModel',
  module: 'Movimientos/Incidente',
  movimientoId: 217,
  empresaId: 5,
  localidadId: 1,
  level: 'info',
  message: 'No se encontr� ronda para el movimiento',
  timestamp: '2025-06-21 15:00:47'
}
{
  service: 'IncidenteModel',
  module: 'Movimientos/Incidente',
  movimientoId: 243,
  empresaId: 2,
  localidadId: 1,
  level: 'info',
  message: 'No se encontr� ronda para el movimiento',
  timestamp: '2025-06-21 15:00:48'
}
{
  service: 'IncidenteModel',
  module: 'Movimientos/Incidente',
  movimientoId: 217,
  empresaId: 5,
  localidadId: 1,
  level: 'info',
  message: 'No se encontr� ronda para el movimiento',
  timestamp: '2025-06-21 15:00:48'
}
{
  service: 'IncidenteModel',
  module: 'Movimientos/Incidente',
  movimientoId: 243,
  empresaId: 2,
  localidadId: 1,
  level: 'info',
  message: 'No se encontr� ronda para el movimiento',
  timestamp: '2025-06-21 15:00:51'
}
{
  service: 'IncidenteModel',
  module: 'Movimientos/Incidente',
  movimientoId: 217,
  empresaId: 5,
  localidadId: 1,
  level: 'info',
  message: 'No se encontr� ronda para el movimiento',
  timestamp: '2025-06-21 15:00:51'
}
{
  service: 'IncidenteModel',
  module: 'Movimientos/Incidente',
  movimientoId: 243,
  empresaId: 2,
  localidadId: 1,
  level: 'info',
  message: 'No se encontr� ronda para el movimiento',
  timestamp: '2025-06-21 15:04:15'
}
{
  service: 'IncidenteModel',
  module: 'Movimientos/Incidente',
  movimientoId: 217,
  empresaId: 5,
  localidadId: 1,
  level: 'info',
  message: 'No se encontr� ronda para el movimiento',
  timestamp: '2025-06-21 15:04:15'
}
{
  service: 'IncidenteModel',
  module: 'Movimientos/Incidente',
  movimientoId: 243,
  empresaId: 2,
  localidadId: 1,
  level: 'info',
  message: 'No se encontr� ronda para el movimiento',
  timestamp: '2025-06-21 15:04:19'
}
{
  service: 'IncidenteModel',
  module: 'Movimientos/Incidente',
  movimientoId: 217,
  empresaId: 5,
  localidadId: 1,
  level: 'info',
  message: 'No se encontr� ronda para el movimiento',
  timestamp: '2025-06-21 15:04:19'
}
{
  service: 'IncidenteModel',
  module: 'Movimientos/Incidente',
  movimientoId: 243,
  empresaId: 2,
  localidadId: 1,
  level: 'info',
  message: 'No se encontr� ronda para el movimiento',
  timestamp: '2025-06-21 15:04:30'
}
{
  service: 'IncidenteModel',
  module: 'Movimientos/Incidente',
  movimientoId: 217,
  empresaId: 5,
  localidadId: 1,
  level: 'info',
  message: 'No se encontr� ronda para el movimiento',
  timestamp: '2025-06-21 15:04:30'
}
{
  service: 'IncidenteModel',
  module: 'Movimientos/Incidente',
  movimientoId: 243,
  empresaId: 2,
  localidadId: 1,
  level: 'info',
  message: 'No se encontr� ronda para el movimiento',
  timestamp: '2025-06-21 15:04:34'
}
{
  service: 'IncidenteModel',
  module: 'Movimientos/Incidente',
  movimientoId: 217,
  empresaId: 5,
  localidadId: 1,
  level: 'info',
  message: 'No se encontr� ronda para el movimiento',
  timestamp: '2025-06-21 15:04:34'
}
{
  service: 'IncidenteModel',
  module: 'Movimientos/Incidente',
  movimientoId: 243,
  empresaId: 2,
  localidadId: 1,
  level: 'info',
  message: 'No se encontr� ronda para el movimiento',
  timestamp: '2025-06-21 15:04:37'
}
{
  service: 'IncidenteModel',
  module: 'Movimientos/Incidente',
  movimientoId: 217,
  empresaId: 5,
  localidadId: 1,
  level: 'info',
  message: 'No se encontr� ronda para el movimiento',
  timestamp: '2025-06-21 15:04:37'
}
{
  service: 'IncidenteModel',
  module: 'Movimientos/Incidente',
  movimientoId: 243,
  empresaId: 2,
  localidadId: 1,
  level: 'info',
  message: 'No se encontr� ronda para el movimiento',
  timestamp: '2025-06-21 15:04:37'
}
{
  service: 'IncidenteModel',
  module: 'Movimientos/Incidente',
  movimientoId: 217,
  empresaId: 5,
  localidadId: 1,
  level: 'info',
  message: 'No se encontr� ronda para el movimiento',
  timestamp: '2025-06-21 15:04:37'
}
{
  service: 'IncidenteModel',
  module: 'Movimientos/Incidente',
  movimientoId: 243,
  empresaId: 2,
  localidadId: 1,
  level: 'info',
  message: 'No se encontr� ronda para el movimiento',
  timestamp: '2025-06-21 15:04:42'
}
{
  service: 'IncidenteModel',
  module: 'Movimientos/Incidente',
  movimientoId: 217,
  empresaId: 5,
  localidadId: 1,
  level: 'info',
  message: 'No se encontr� ronda para el movimiento',
  timestamp: '2025-06-21 15:04:42'
}
{
  service: 'IncidenteModel',
  module: 'Movimientos/Incidente',
  movimientoId: 243,
  empresaId: 2,
  localidadId: 1,
  level: 'info',
  message: 'No se encontr� ronda para el movimiento',
  timestamp: '2025-06-21 15:04:42'
}
{
  service: 'IncidenteModel',
  module: 'Movimientos/Incidente',
  movimientoId: 217,
  empresaId: 5,
  localidadId: 1,
  level: 'info',
  message: 'No se encontr� ronda para el movimiento',
  timestamp: '2025-06-21 15:04:42'
}
{
  service: 'IncidenteModel',
  module: 'Movimientos/Incidente',
  movimientoId: 243,
  empresaId: 2,
  localidadId: 1,
  level: 'info',
  message: 'No se encontr� ronda para el movimiento',
  timestamp: '2025-06-21 15:16:03'
}
{
  service: 'IncidenteModel',
  module: 'Movimientos/Incidente',
  movimientoId: 217,
  empresaId: 5,
  localidadId: 1,
  level: 'info',
  message: 'No se encontr� ronda para el movimiento',
  timestamp: '2025-06-21 15:16:03'
}
{
  service: 'IncidenteModel',
  module: 'Movimientos/Incidente',
  movimientoId: 243,
  empresaId: 2,
  localidadId: 1,
  level: 'info',
  message: 'No se encontr� ronda para el movimiento',
  timestamp: '2025-06-21 15:16:48'
}
{
  service: 'IncidenteModel',
  module: 'Movimientos/Incidente',
  movimientoId: 217,
  empresaId: 5,
  localidadId: 1,
  level: 'info',
  message: 'No se encontr� ronda para el movimiento',
  timestamp: '2025-06-21 15:16:48'
}
{
  service: 'IncidenteModel',
  module: 'Movimientos/Incidente',
  movimientoId: 243,
  empresaId: 2,
  localidadId: 1,
  level: 'info',
  message: 'No se encontr� ronda para el movimiento',
  timestamp: '2025-06-21 15:16:52'
}
{
  service: 'IncidenteModel',
  module: 'Movimientos/Incidente',
  movimientoId: 217,
  empresaId: 5,
  localidadId: 1,
  level: 'info',
  message: 'No se encontr� ronda para el movimiento',
  timestamp: '2025-06-21 15:16:52'
}
{
  service: 'IncidenteModel',
  module: 'Movimientos/Incidente',
  movimientoId: 243,
  empresaId: 2,
  localidadId: 1,
  level: 'info',
  message: 'No se encontr� ronda para el movimiento',
  timestamp: '2025-06-21 15:16:58'
}
{
  service: 'IncidenteModel',
  module: 'Movimientos/Incidente',
  movimientoId: 217,
  empresaId: 5,
  localidadId: 1,
  level: 'info',
  message: 'No se encontr� ronda para el movimiento',
  timestamp: '2025-06-21 15:16:58'
}
{
  service: 'IncidenteModel',
  module: 'Movimientos/Incidente',
  movimientoId: 243,
  empresaId: 2,
  localidadId: 1,
  level: 'info',
  message: 'No se encontr� ronda para el movimiento',
  timestamp: '2025-06-21 15:17:08'
}
{
  service: 'IncidenteModel',
  module: 'Movimientos/Incidente',
  movimientoId: 217,
  empresaId: 5,
  localidadId: 1,
  level: 'info',
  message: 'No se encontr� ronda para el movimiento',
  timestamp: '2025-06-21 15:17:08'
}
{
  service: 'IncidenteModel',
  module: 'Movimientos/Incidente',
  movimientoId: 243,
  empresaId: 2,
  localidadId: 1,
  level: 'info',
  message: 'No se encontr� ronda para el movimiento',
  timestamp: '2025-06-21 15:17:09'
}
{
  service: 'IncidenteModel',
  module: 'Movimientos/Incidente',
  movimientoId: 217,
  empresaId: 5,
  localidadId: 1,
  level: 'info',
  message: 'No se encontr� ronda para el movimiento',
  timestamp: '2025-06-21 15:17:09'
}
{
  service: 'IncidenteModel',
  module: 'Movimientos/Incidente',
  movimientoId: 243,
  empresaId: 2,
  localidadId: 1,
  level: 'info',
  message: 'No se encontr� ronda para el movimiento',
  timestamp: '2025-06-21 15:17:11'
}
{
  service: 'IncidenteModel',
  module: 'Movimientos/Incidente',
  movimientoId: 217,
  empresaId: 5,
  localidadId: 1,
  level: 'info',
  message: 'No se encontr� ronda para el movimiento',
  timestamp: '2025-06-21 15:17:11'
}
{
  service: 'IncidenteModel',
  module: 'Movimientos/Incidente',
  movimientoId: 243,
  empresaId: 2,
  localidadId: 1,
  level: 'info',
  message: 'No se encontr� ronda para el movimiento',
  timestamp: '2025-06-21 21:32:03'
}
{
  service: 'IncidenteModel',
  module: 'Movimientos/Incidente',
  movimientoId: 217,
  empresaId: 5,
  localidadId: 1,
  level: 'info',
  message: 'No se encontr� ronda para el movimiento',
  timestamp: '2025-06-21 21:32:03'
}
{
  service: 'IncidenteModel',
  module: 'Movimientos/Incidente',
  movimientoId: 243,
  empresaId: 2,
  localidadId: 1,
  level: 'info',
  message: 'No se encontr� ronda para el movimiento',
  timestamp: '2025-06-21 21:32:55'
}
{
  service: 'IncidenteModel',
  module: 'Movimientos/Incidente',
  movimientoId: 217,
  empresaId: 5,
  localidadId: 1,
  level: 'info',
  message: 'No se encontr� ronda para el movimiento',
  timestamp: '2025-06-21 21:32:55'
}
{
  service: 'IncidenteModel',
  module: 'Movimientos/Incidente',
  movimientoId: 243,
  empresaId: 2,
  localidadId: 1,
  level: 'info',
  message: 'No se encontr� ronda para el movimiento',
  timestamp: '2025-06-21 21:32:55'
}
{
  service: 'IncidenteModel',
  module: 'Movimientos/Incidente',
  movimientoId: 217,
  empresaId: 5,
  localidadId: 1,
  level: 'info',
  message: 'No se encontr� ronda para el movimiento',
  timestamp: '2025-06-21 21:32:55'
}
{
  service: 'IncidenteModel',
  module: 'Movimientos/Incidente',
  movimientoId: 243,
  empresaId: 2,
  localidadId: 1,
  level: 'info',
  message: 'No se encontr� ronda para el movimiento',
  timestamp: '2025-06-21 21:32:57'
}
{
  service: 'IncidenteModel',
  module: 'Movimientos/Incidente',
  movimientoId: 217,
  empresaId: 5,
  localidadId: 1,
  level: 'info',
  message: 'No se encontr� ronda para el movimiento',
  timestamp: '2025-06-21 21:32:57'
}
{
  service: 'IncidenteModel',
  module: 'Movimientos/Incidente',
  movimientoId: 243,
  empresaId: 2,
  localidadId: 1,
  level: 'info',
  message: 'No se encontr� ronda para el movimiento',
  timestamp: '2025-06-21 21:32:58'
}
{
  service: 'IncidenteModel',
  module: 'Movimientos/Incidente',
  movimientoId: 217,
  empresaId: 5,
  localidadId: 1,
  level: 'info',
  message: 'No se encontr� ronda para el movimiento',
  timestamp: '2025-06-21 21:32:58'
}
{
  service: 'IncidenteModel',
  module: 'Movimientos/Incidente',
  movimientoId: 243,
  empresaId: 2,
  localidadId: 1,
  level: 'info',
  message: 'No se encontr� ronda para el movimiento',
  timestamp: '2025-06-21 21:32:58'
}
{
  service: 'IncidenteModel',
  module: 'Movimientos/Incidente',
  movimientoId: 217,
  empresaId: 5,
  localidadId: 1,
  level: 'info',
  message: 'No se encontr� ronda para el movimiento',
  timestamp: '2025-06-21 21:32:58'
}
{
  service: 'IncidenteModel',
  module: 'Movimientos/Incidente',
  movimientoId: 243,
  empresaId: 2,
  localidadId: 1,
  level: 'info',
  message: 'No se encontr� ronda para el movimiento',
  timestamp: '2025-06-21 21:32:58'
}
{
  service: 'IncidenteModel',
  module: 'Movimientos/Incidente',
  movimientoId: 217,
  empresaId: 5,
  localidadId: 1,
  level: 'info',
  message: 'No se encontr� ronda para el movimiento',
  timestamp: '2025-06-21 21:32:58'
}
{
  service: 'IncidenteModel',
  module: 'Movimientos/Incidente',
  movimientoId: 243,
  empresaId: 2,
  localidadId: 1,
  level: 'info',
  message: 'No se encontr� ronda para el movimiento',
  timestamp: '2025-06-21 21:32:59'
}
{
  service: 'IncidenteModel',
  module: 'Movimientos/Incidente',
  movimientoId: 217,
  empresaId: 5,
  localidadId: 1,
  level: 'info',
  message: 'No se encontr� ronda para el movimiento',
  timestamp: '2025-06-21 21:32:59'
}
{
  service: 'IncidenteModel',
  module: 'Movimientos/Incidente',
  movimientoId: 243,
  empresaId: 2,
  localidadId: 1,
  level: 'info',
  message: 'No se encontr� ronda para el movimiento',
  timestamp: '2025-06-21 21:32:59'
}
{
  service: 'IncidenteModel',
  module: 'Movimientos/Incidente',
  movimientoId: 217,
  empresaId: 5,
  localidadId: 1,
  level: 'info',
  message: 'No se encontr� ronda para el movimiento',
  timestamp: '2025-06-21 21:32:59'
}
{
  service: 'IncidenteModel',
  module: 'Movimientos/Incidente',
  movimientoId: 243,
  empresaId: 2,
  localidadId: 1,
  level: 'info',
  message: 'No se encontr� ronda para el movimiento',
  timestamp: '2025-06-21 21:32:59'
}
{
  service: 'IncidenteModel',
  module: 'Movimientos/Incidente',
  movimientoId: 217,
  empresaId: 5,
  localidadId: 1,
  level: 'info',
  message: 'No se encontr� ronda para el movimiento',
  timestamp: '2025-06-21 21:32:59'
}
{
  service: 'IncidenteModel',
  module: 'Movimientos/Incidente',
  movimientoId: 243,
  empresaId: 2,
  localidadId: 1,
  level: 'info',
  message: 'No se encontr� ronda para el movimiento',
  timestamp: '2025-06-21 21:33:00'
}
{
  service: 'IncidenteModel',
  module: 'Movimientos/Incidente',
  movimientoId: 217,
  empresaId: 5,
  localidadId: 1,
  level: 'info',
  message: 'No se encontr� ronda para el movimiento',
  timestamp: '2025-06-21 21:33:00'
}
{
  service: 'IncidenteModel',
  module: 'Movimientos/Incidente',
  movimientoId: 243,
  empresaId: 2,
  localidadId: 1,
  level: 'info',
  message: 'No se encontr� ronda para el movimiento',
  timestamp: '2025-06-21 22:00:38'
}
{
  service: 'IncidenteModel',
  module: 'Movimientos/Incidente',
  movimientoId: 217,
  empresaId: 5,
  localidadId: 1,
  level: 'info',
  message: 'No se encontr� ronda para el movimiento',
  timestamp: '2025-06-21 22:00:38'
}
{
  service: 'IncidenteModel',
  module: 'Movimientos/Incidente',
  movimientoId: 243,
  empresaId: 2,
  localidadId: 1,
  level: 'info',
  message: 'No se encontr� ronda para el movimiento',
  timestamp: '2025-06-21 22:00:42'
}
{
  service: 'IncidenteModel',
  module: 'Movimientos/Incidente',
  movimientoId: 217,
  empresaId: 5,
  localidadId: 1,
  level: 'info',
  message: 'No se encontr� ronda para el movimiento',
  timestamp: '2025-06-21 22:00:42'
}
{
  service: 'IncidenteModel',
  module: 'Movimientos/Incidente',
  movimientoId: 243,
  empresaId: 2,
  localidadId: 1,
  level: 'info',
  message: 'No se encontr� ronda para el movimiento',
  timestamp: '2025-06-21 22:01:38'
}
{
  service: 'IncidenteModel',
  module: 'Movimientos/Incidente',
  movimientoId: 217,
  empresaId: 5,
  localidadId: 1,
  level: 'info',
  message: 'No se encontr� ronda para el movimiento',
  timestamp: '2025-06-21 22:01:38'
}
{
  service: 'IncidenteModel',
  module: 'Movimientos/Incidente',
  movimientoId: 243,
  empresaId: 2,
  localidadId: 1,
  level: 'info',
  message: 'No se encontr� ronda para el movimiento',
  timestamp: '2025-06-21 22:02:08'
}
{
  service: 'IncidenteModel',
  module: 'Movimientos/Incidente',
  movimientoId: 217,
  empresaId: 5,
  localidadId: 1,
  level: 'info',
  message: 'No se encontr� ronda para el movimiento',
  timestamp: '2025-06-21 22:02:08'
}
{
  service: 'IncidenteModel',
  module: 'Movimientos/Incidente',
  movimientoId: 243,
  empresaId: 2,
  localidadId: 1,
  level: 'info',
  message: 'No se encontr� ronda para el movimiento',
  timestamp: '2025-06-21 22:03:00'
}
{
  service: 'IncidenteModel',
  module: 'Movimientos/Incidente',
  movimientoId: 217,
  empresaId: 5,
  localidadId: 1,
  level: 'info',
  message: 'No se encontr� ronda para el movimiento',
  timestamp: '2025-06-21 22:03:00'
}
{
  service: 'IncidenteModel',
  module: 'Movimientos/Incidente',
  movimientoId: 243,
  empresaId: 2,
  localidadId: 1,
  level: 'info',
  message: 'No se encontr� ronda para el movimiento',
  timestamp: '2025-06-21 22:03:05'
}
{
  service: 'IncidenteModel',
  module: 'Movimientos/Incidente',
  movimientoId: 217,
  empresaId: 5,
  localidadId: 1,
  level: 'info',
  message: 'No se encontr� ronda para el movimiento',
  timestamp: '2025-06-21 22:03:05'
}
{
  service: 'IncidenteModel',
  module: 'Movimientos/Incidente',
  movimientoId: 243,
  empresaId: 2,
  localidadId: 1,
  level: 'info',
  message: 'No se encontr� ronda para el movimiento',
  timestamp: '2025-06-21 22:53:34'
}
{
  service: 'IncidenteModel',
  module: 'Movimientos/Incidente',
  movimientoId: 217,
  empresaId: 5,
  localidadId: 1,
  level: 'info',
  message: 'No se encontr� ronda para el movimiento',
  timestamp: '2025-06-21 22:53:34'
}
{
  service: 'IncidenteModel',
  module: 'Movimientos/Incidente',
  movimientoId: 243,
  empresaId: 2,
  localidadId: 1,
  level: 'info',
  message: 'No se encontr� ronda para el movimiento',
  timestamp: '2025-06-21 22:53:36'
}
{
  service: 'IncidenteModel',
  module: 'Movimientos/Incidente',
  movimientoId: 217,
  empresaId: 5,
  localidadId: 1,
  level: 'info',
  message: 'No se encontr� ronda para el movimiento',
  timestamp: '2025-06-21 22:53:36'
}
{
  service: 'IncidenteModel',
  module: 'Movimientos/Incidente',
  movimientoId: 243,
  empresaId: 2,
  localidadId: 1,
  level: 'info',
  message: 'No se encontr� ronda para el movimiento',
  timestamp: '2025-06-21 22:54:58'
}
{
  service: 'IncidenteModel',
  module: 'Movimientos/Incidente',
  movimientoId: 217,
  empresaId: 5,
  localidadId: 1,
  level: 'info',
  message: 'No se encontr� ronda para el movimiento',
  timestamp: '2025-06-21 22:54:58'
}
{
  service: 'IncidenteModel',
  module: 'Movimientos/Incidente',
  movimientoId: 243,
  empresaId: 2,
  localidadId: 1,
  level: 'info',
  message: 'No se encontr� ronda para el movimiento',
  timestamp: '2025-06-21 22:55:07'
}
{
  service: 'IncidenteModel',
  module: 'Movimientos/Incidente',
  movimientoId: 217,
  empresaId: 5,
  localidadId: 1,
  level: 'info',
  message: 'No se encontr� ronda para el movimiento',
  timestamp: '2025-06-21 22:55:07'
}
{
  service: 'IncidenteModel',
  module: 'Movimientos/Incidente',
  movimientoId: 243,
  empresaId: 2,
  localidadId: 1,
  level: 'info',
  message: 'No se encontr� ronda para el movimiento',
  timestamp: '2025-06-21 22:55:14'
}
{
  service: 'IncidenteModel',
  module: 'Movimientos/Incidente',
  movimientoId: 217,
  empresaId: 5,
  localidadId: 1,
  level: 'info',
  message: 'No se encontr� ronda para el movimiento',
  timestamp: '2025-06-21 22:55:14'
}
{
  service: 'IncidenteModel',
  module: 'Movimientos/Incidente',
  movimientoId: 243,
  empresaId: 2,
  localidadId: 1,
  level: 'info',
  message: 'No se encontr� ronda para el movimiento',
  timestamp: '2025-06-21 22:55:18'
}
{
  service: 'IncidenteModel',
  module: 'Movimientos/Incidente',
  movimientoId: 217,
  empresaId: 5,
  localidadId: 1,
  level: 'info',
  message: 'No se encontr� ronda para el movimiento',
  timestamp: '2025-06-21 22:55:18'
}
{
  service: 'IncidenteModel',
  module: 'Movimientos/Incidente',
  movimientoId: 243,
  empresaId: 2,
  localidadId: 1,
  level: 'info',
  message: 'No se encontr� ronda para el movimiento',
  timestamp: '2025-06-21 22:58:07'
}
{
  service: 'IncidenteModel',
  module: 'Movimientos/Incidente',
  movimientoId: 217,
  empresaId: 5,
  localidadId: 1,
  level: 'info',
  message: 'No se encontr� ronda para el movimiento',
  timestamp: '2025-06-21 22:58:07'
}
{
  service: 'IncidenteModel',
  module: 'Movimientos/Incidente',
  movimientoId: 243,
  empresaId: 2,
  localidadId: 1,
  level: 'info',
  message: 'No se encontr� ronda para el movimiento',
  timestamp: '2025-06-21 22:58:12'
}
{
  service: 'IncidenteModel',
  module: 'Movimientos/Incidente',
  movimientoId: 217,
  empresaId: 5,
  localidadId: 1,
  level: 'info',
  message: 'No se encontr� ronda para el movimiento',
  timestamp: '2025-06-21 22:58:12'
}
{
  service: 'IncidenteModel',
  module: 'Movimientos/Incidente',
  movimientoId: 243,
  empresaId: 2,
  localidadId: 1,
  level: 'info',
  message: 'No se encontr� ronda para el movimiento',
  timestamp: '2025-06-21 23:46:04'
}
{
  service: 'IncidenteModel',
  module: 'Movimientos/Incidente',
  movimientoId: 217,
  empresaId: 5,
  localidadId: 1,
  level: 'info',
  message: 'No se encontr� ronda para el movimiento',
  timestamp: '2025-06-21 23:46:04'
}
{
  service: 'IncidenteModel',
  module: 'Movimientos/Incidente',
  movimientoId: 243,
  empresaId: 2,
  localidadId: 1,
  level: 'info',
  message: 'No se encontr� ronda para el movimiento',
  timestamp: '2025-06-21 23:46:07'
}
{
  service: 'IncidenteModel',
  module: 'Movimientos/Incidente',
  movimientoId: 217,
  empresaId: 5,
  localidadId: 1,
  level: 'info',
  message: 'No se encontr� ronda para el movimiento',
  timestamp: '2025-06-21 23:46:07'
}
{
  service: 'IncidenteModel',
  module: 'Movimientos/Incidente',
  movimientoId: 243,
  empresaId: 2,
  localidadId: 1,
  level: 'info',
  message: 'No se encontr� ronda para el movimiento',
  timestamp: '2025-06-21 23:46:10'
}
{
  service: 'IncidenteModel',
  module: 'Movimientos/Incidente',
  movimientoId: 217,
  empresaId: 5,
  localidadId: 1,
  level: 'info',
  message: 'No se encontr� ronda para el movimiento',
  timestamp: '2025-06-21 23:46:10'
}
{
  service: 'IncidenteModel',
  module: 'Movimientos/Incidente',
  movimientoId: 243,
  empresaId: 2,
  localidadId: 1,
  level: 'info',
  message: 'No se encontr� ronda para el movimiento',
  timestamp: '2025-06-21 23:46:10'
}
{
  service: 'IncidenteModel',
  module: 'Movimientos/Incidente',
  movimientoId: 217,
  empresaId: 5,
  localidadId: 1,
  level: 'info',
  message: 'No se encontr� ronda para el movimiento',
  timestamp: '2025-06-21 23:46:10'
}
{
  service: 'IncidenteModel',
  module: 'Movimientos/Incidente',
  movimientoId: 243,
  empresaId: 2,
  localidadId: 1,
  level: 'info',
  message: 'No se encontr� ronda para el movimiento',
  timestamp: '2025-06-21 23:46:15'
}
{
  service: 'IncidenteModel',
  module: 'Movimientos/Incidente',
  movimientoId: 217,
  empresaId: 5,
  localidadId: 1,
  level: 'info',
  message: 'No se encontr� ronda para el movimiento',
  timestamp: '2025-06-21 23:46:15'
}
{
  service: 'IncidenteModel',
  module: 'Movimientos/Incidente',
  movimientoId: 243,
  empresaId: 2,
  localidadId: 1,
  level: 'info',
  message: 'No se encontr� ronda para el movimiento',
  timestamp: '2025-06-21 23:46:15'
}
{
  service: 'IncidenteModel',
  module: 'Movimientos/Incidente',
  movimientoId: 217,
  empresaId: 5,
  localidadId: 1,
  level: 'info',
  message: 'No se encontr� ronda para el movimiento',
  timestamp: '2025-06-21 23:46:15'
}
{
  service: 'IncidenteModel',
  module: 'Movimientos/Incidente',
  movimientoId: 243,
  empresaId: 2,
  localidadId: 1,
  level: 'info',
  message: 'No se encontr� ronda para el movimiento',
  timestamp: '2025-06-21 23:46:20'
}
{
  service: 'IncidenteModel',
  module: 'Movimientos/Incidente',
  movimientoId: 217,
  empresaId: 5,
  localidadId: 1,
  level: 'info',
  message: 'No se encontr� ronda para el movimiento',
  timestamp: '2025-06-21 23:46:20'
}
{
  service: 'IncidenteModel',
  module: 'Movimientos/Incidente',
  movimientoId: 243,
  empresaId: 2,
  localidadId: 1,
  level: 'info',
  message: 'No se encontr� ronda para el movimiento',
  timestamp: '2025-06-21 23:46:20'
}
{
  service: 'IncidenteModel',
  module: 'Movimientos/Incidente',
  movimientoId: 217,
  empresaId: 5,
  localidadId: 1,
  level: 'info',
  message: 'No se encontr� ronda para el movimiento',
  timestamp: '2025-06-21 23:46:20'
}
{
  service: 'IncidenteModel',
  module: 'Movimientos/Incidente',
  movimientoId: 243,
  empresaId: 2,
  localidadId: 1,
  level: 'info',
  message: 'No se encontr� ronda para el movimiento',
  timestamp: '2025-06-21 23:46:26'
}
{
  service: 'IncidenteModel',
  module: 'Movimientos/Incidente',
  movimientoId: 217,
  empresaId: 5,
  localidadId: 1,
  level: 'info',
  message: 'No se encontr� ronda para el movimiento',
  timestamp: '2025-06-21 23:46:26'
}
{
  service: 'IncidenteModel',
  module: 'Movimientos/Incidente',
  movimientoId: 243,
  empresaId: 2,
  localidadId: 1,
  level: 'info',
  message: 'No se encontr� ronda para el movimiento',
  timestamp: '2025-06-21 23:46:26'
}
{
  service: 'IncidenteModel',
  module: 'Movimientos/Incidente',
  movimientoId: 217,
  empresaId: 5,
  localidadId: 1,
  level: 'info',
  message: 'No se encontr� ronda para el movimiento',
  timestamp: '2025-06-21 23:46:26'
}
{
  service: 'IncidenteModel',
  module: 'Movimientos/Incidente',
  movimientoId: 243,
  empresaId: 2,
  localidadId: 1,
  level: 'info',
  message: 'No se encontr� ronda para el movimiento',
  timestamp: '2025-06-21 23:46:31'
}
{
  service: 'IncidenteModel',
  module: 'Movimientos/Incidente',
  movimientoId: 217,
  empresaId: 5,
  localidadId: 1,
  level: 'info',
  message: 'No se encontr� ronda para el movimiento',
  timestamp: '2025-06-21 23:46:31'
}
{
  service: 'IncidenteModel',
  module: 'Movimientos/Incidente',
  movimientoId: 243,
  empresaId: 2,
  localidadId: 1,
  level: 'info',
  message: 'No se encontr� ronda para el movimiento',
  timestamp: '2025-06-21 23:46:31'
}
{
  service: 'IncidenteModel',
  module: 'Movimientos/Incidente',
  movimientoId: 217,
  empresaId: 5,
  localidadId: 1,
  level: 'info',
  message: 'No se encontr� ronda para el movimiento',
  timestamp: '2025-06-21 23:46:31'
}
{
  service: 'IncidenteModel',
  module: 'Movimientos/Incidente',
  movimientoId: 243,
  empresaId: 2,
  localidadId: 1,
  level: 'info',
  message: 'No se encontr� ronda para el movimiento',
  timestamp: '2025-06-21 23:59:09'
}
{
  service: 'IncidenteModel',
  module: 'Movimientos/Incidente',
  movimientoId: 217,
  empresaId: 5,
  localidadId: 1,
  level: 'info',
  message: 'No se encontr� ronda para el movimiento',
  timestamp: '2025-06-21 23:59:09'
}
{
  service: 'IncidenteModel',
  module: 'Movimientos/Incidente',
  movimientoId: 243,
  empresaId: 2,
  localidadId: 1,
  level: 'info',
  message: 'No se encontr� ronda para el movimiento',
  timestamp: '2025-06-21 23:59:09'
}
{
  service: 'IncidenteModel',
  module: 'Movimientos/Incidente',
  movimientoId: 217,
  empresaId: 5,
  localidadId: 1,
  level: 'info',
  message: 'No se encontr� ronda para el movimiento',
  timestamp: '2025-06-21 23:59:09'
}
{
  service: 'IncidenteModel',
  module: 'Movimientos/Incidente',
  movimientoId: 243,
  empresaId: 2,
  localidadId: 1,
  level: 'info',
  message: 'No se encontr� ronda para el movimiento',
  timestamp: '2025-06-21 23:59:09'
}
{
  service: 'IncidenteModel',
  module: 'Movimientos/Incidente',
  movimientoId: 217,
  empresaId: 5,
  localidadId: 1,
  level: 'info',
  message: 'No se encontr� ronda para el movimiento',
  timestamp: '2025-06-21 23:59:09'
}
{
  service: 'IncidenteModel',
  module: 'Movimientos/Incidente',
  movimientoId: 243,
  empresaId: 2,
  localidadId: 1,
  level: 'info',
  message: 'No se encontr� ronda para el movimiento',
  timestamp: '2025-06-21 23:59:14'
}
{
  service: 'IncidenteModel',
  module: 'Movimientos/Incidente',
  movimientoId: 217,
  empresaId: 5,
  localidadId: 1,
  level: 'info',
  message: 'No se encontr� ronda para el movimiento',
  timestamp: '2025-06-21 23:59:14'
}
{
  service: 'IncidenteModel',
  module: 'Movimientos/Incidente',
  movimientoId: 243,
  empresaId: 2,
  localidadId: 1,
  level: 'info',
  message: 'No se encontr� ronda para el movimiento',
  timestamp: '2025-06-21 23:59:14'
}
{
  service: 'IncidenteModel',
  module: 'Movimientos/Incidente',
  movimientoId: 217,
  empresaId: 5,
  localidadId: 1,
  level: 'info',
  message: 'No se encontr� ronda para el movimiento',
  timestamp: '2025-06-21 23:59:14'
}
{
  service: 'IncidenteModel',
  module: 'Movimientos/Incidente',
  movimientoId: 243,
  empresaId: 2,
  localidadId: 1,
  level: 'info',
  message: 'No se encontr� ronda para el movimiento',
  timestamp: '2025-06-21 23:59:20'
}
{
  service: 'IncidenteModel',
  module: 'Movimientos/Incidente',
  movimientoId: 217,
  empresaId: 5,
  localidadId: 1,
  level: 'info',
  message: 'No se encontr� ronda para el movimiento',
  timestamp: '2025-06-21 23:59:20'
}
{
  service: 'IncidenteModel',
  module: 'Movimientos/Incidente',
  movimientoId: 243,
  empresaId: 2,
  localidadId: 1,
  level: 'info',
  message: 'No se encontr� ronda para el movimiento',
  timestamp: '2025-06-21 23:59:20'
}
{
  service: 'IncidenteModel',
  module: 'Movimientos/Incidente',
  movimientoId: 217,
  empresaId: 5,
  localidadId: 1,
  level: 'info',
  message: 'No se encontr� ronda para el movimiento',
  timestamp: '2025-06-21 23:59:20'
}
{
  service: 'IncidenteModel',
  module: 'Movimientos/Incidente',
  movimientoId: 243,
  empresaId: 2,
  localidadId: 1,
  level: 'info',
  message: 'No se encontr� ronda para el movimiento',
  timestamp: '2025-06-21 23:59:26'
}
{
  service: 'IncidenteModel',
  module: 'Movimientos/Incidente',
  movimientoId: 217,
  empresaId: 5,
  localidadId: 1,
  level: 'info',
  message: 'No se encontr� ronda para el movimiento',
  timestamp: '2025-06-21 23:59:26'
}
{
  service: 'IncidenteModel',
  module: 'Movimientos/Incidente',
  movimientoId: 243,
  empresaId: 2,
  localidadId: 1,
  level: 'info',
  message: 'No se encontr� ronda para el movimiento',
  timestamp: '2025-06-21 23:59:26'
}
{
  service: 'IncidenteModel',
  module: 'Movimientos/Incidente',
  movimientoId: 217,
  empresaId: 5,
  localidadId: 1,
  level: 'info',
  message: 'No se encontr� ronda para el movimiento',
  timestamp: '2025-06-21 23:59:26'
}
{
  service: 'IncidenteModel',
  module: 'Movimientos/Incidente',
  movimientoId: 243,
  empresaId: 2,
  localidadId: 1,
  level: 'info',
  message: 'No se encontr� ronda para el movimiento',
  timestamp: '2025-06-22 00:00:10'
}
{
  service: 'IncidenteModel',
  module: 'Movimientos/Incidente',
  movimientoId: 217,
  empresaId: 5,
  localidadId: 1,
  level: 'info',
  message: 'No se encontr� ronda para el movimiento',
  timestamp: '2025-06-22 00:00:10'
}
{
  service: 'IncidenteModel',
  module: 'Movimientos/Incidente',
  movimientoId: 243,
  empresaId: 2,
  localidadId: 1,
  level: 'info',
  message: 'No se encontr� ronda para el movimiento',
  timestamp: '2025-06-22 00:00:14'
}
{
  service: 'IncidenteModel',
  module: 'Movimientos/Incidente',
  movimientoId: 217,
  empresaId: 5,
  localidadId: 1,
  level: 'info',
  message: 'No se encontr� ronda para el movimiento',
  timestamp: '2025-06-22 00:00:14'
}
{
  service: 'IncidenteModel',
  module: 'Movimientos/Incidente',
  movimientoId: 243,
  empresaId: 2,
  localidadId: 1,
  level: 'info',
  message: 'No se encontr� ronda para el movimiento',
  timestamp: '2025-06-22 00:00:14'
}
{
  service: 'IncidenteModel',
  module: 'Movimientos/Incidente',
  movimientoId: 217,
  empresaId: 5,
  localidadId: 1,
  level: 'info',
  message: 'No se encontr� ronda para el movimiento',
  timestamp: '2025-06-22 00:00:14'
}
{
  service: 'IncidenteModel',
  module: 'Movimientos/Incidente',
  movimientoId: 243,
  empresaId: 2,
  localidadId: 1,
  level: 'info',
  message: 'No se encontr� ronda para el movimiento',
  timestamp: '2025-06-22 00:00:21'
}
{
  service: 'IncidenteModel',
  module: 'Movimientos/Incidente',
  movimientoId: 217,
  empresaId: 5,
  localidadId: 1,
  level: 'info',
  message: 'No se encontr� ronda para el movimiento',
  timestamp: '2025-06-22 00:00:21'
}
{
  service: 'IncidenteModel',
  module: 'Movimientos/Incidente',
  movimientoId: 243,
  empresaId: 2,
  localidadId: 1,
  level: 'info',
  message: 'No se encontr� ronda para el movimiento',
  timestamp: '2025-06-22 00:00:21'
}
{
  service: 'IncidenteModel',
  module: 'Movimientos/Incidente',
  movimientoId: 217,
  empresaId: 5,
  localidadId: 1,
  level: 'info',
  message: 'No se encontr� ronda para el movimiento',
  timestamp: '2025-06-22 00:00:21'
}
{
  service: 'IncidenteModel',
  module: 'Movimientos/Incidente',
  movimientoId: 243,
  empresaId: 2,
  localidadId: 1,
  level: 'info',
  message: 'No se encontr� ronda para el movimiento',
  timestamp: '2025-06-22 00:00:42'
}
{
  service: 'IncidenteModel',
  module: 'Movimientos/Incidente',
  movimientoId: 217,
  empresaId: 5,
  localidadId: 1,
  level: 'info',
  message: 'No se encontr� ronda para el movimiento',
  timestamp: '2025-06-22 00:00:42'
}
{
  service: 'IncidenteModel',
  module: 'Movimientos/Incidente',
  movimientoId: 243,
  empresaId: 2,
  localidadId: 1,
  level: 'info',
  message: 'No se encontr� ronda para el movimiento',
  timestamp: '2025-06-22 00:00:42'
}
{
  service: 'IncidenteModel',
  module: 'Movimientos/Incidente',
  movimientoId: 217,
  empresaId: 5,
  localidadId: 1,
  level: 'info',
  message: 'No se encontr� ronda para el movimiento',
  timestamp: '2025-06-22 00:00:42'
}
{
  service: 'IncidenteModel',
  module: 'Movimientos/Incidente',
  movimientoId: 243,
  empresaId: 2,
  localidadId: 1,
  level: 'info',
  message: 'No se encontr� ronda para el movimiento',
  timestamp: '2025-06-22 00:00:52'
}
{
  service: 'IncidenteModel',
  module: 'Movimientos/Incidente',
  movimientoId: 217,
  empresaId: 5,
  localidadId: 1,
  level: 'info',
  message: 'No se encontr� ronda para el movimiento',
  timestamp: '2025-06-22 00:00:52'
}
{
  service: 'IncidenteModel',
  module: 'Movimientos/Incidente',
  movimientoId: 243,
  empresaId: 2,
  localidadId: 1,
  level: 'info',
  message: 'No se encontr� ronda para el movimiento',
  timestamp: '2025-06-22 00:00:52'
}
{
  service: 'IncidenteModel',
  module: 'Movimientos/Incidente',
  movimientoId: 217,
  empresaId: 5,
  localidadId: 1,
  level: 'info',
  message: 'No se encontr� ronda para el movimiento',
  timestamp: '2025-06-22 00:00:52'
}
{
  service: 'IncidenteModel',
  module: 'Movimientos/Incidente',
  movimientoId: 243,
  empresaId: 2,
  localidadId: 1,
  level: 'info',
  message: 'No se encontr� ronda para el movimiento',
  timestamp: '2025-06-22 00:01:03'
}
{
  service: 'IncidenteModel',
  module: 'Movimientos/Incidente',
  movimientoId: 217,
  empresaId: 5,
  localidadId: 1,
  level: 'info',
  message: 'No se encontr� ronda para el movimiento',
  timestamp: '2025-06-22 00:01:03'
}
{
  service: 'IncidenteModel',
  module: 'Movimientos/Incidente',
  movimientoId: 243,
  empresaId: 2,
  localidadId: 1,
  level: 'info',
  message: 'No se encontr� ronda para el movimiento',
  timestamp: '2025-06-22 00:01:03'
}
{
  service: 'IncidenteModel',
  module: 'Movimientos/Incidente',
  movimientoId: 217,
  empresaId: 5,
  localidadId: 1,
  level: 'info',
  message: 'No se encontr� ronda para el movimiento',
  timestamp: '2025-06-22 00:01:03'
}
{
  service: 'IncidenteModel',
  module: 'Movimientos/Incidente',
  movimientoId: 243,
  empresaId: 2,
  localidadId: 1,
  level: 'info',
  message: 'No se encontr� ronda para el movimiento',
  timestamp: '2025-06-22 00:01:13'
}
{
  service: 'IncidenteModel',
  module: 'Movimientos/Incidente',
  movimientoId: 217,
  empresaId: 5,
  localidadId: 1,
  level: 'info',
  message: 'No se encontr� ronda para el movimiento',
  timestamp: '2025-06-22 00:01:13'
}
{
  service: 'IncidenteModel',
  module: 'Movimientos/Incidente',
  movimientoId: 243,
  empresaId: 2,
  localidadId: 1,
  level: 'info',
  message: 'No se encontr� ronda para el movimiento',
  timestamp: '2025-06-22 00:01:13'
}
{
  service: 'IncidenteModel',
  module: 'Movimientos/Incidente',
  movimientoId: 217,
  empresaId: 5,
  localidadId: 1,
  level: 'info',
  message: 'No se encontr� ronda para el movimiento',
  timestamp: '2025-06-22 00:01:13'
}
{
  service: 'IncidenteModel',
  module: 'Movimientos/Incidente',
  movimientoId: 243,
  empresaId: 2,
  localidadId: 1,
  level: 'info',
  message: 'No se encontr� ronda para el movimiento',
  timestamp: '2025-06-22 00:01:24'
}
{
  service: 'IncidenteModel',
  module: 'Movimientos/Incidente',
  movimientoId: 243,
  empresaId: 2,
  localidadId: 1,
  level: 'info',
  message: 'No se encontr� ronda para el movimiento',
  timestamp: '2025-06-22 00:01:24'
}
{
  service: 'IncidenteModel',
  module: 'Movimientos/Incidente',
  movimientoId: 217,
  empresaId: 5,
  localidadId: 1,
  level: 'info',
  message: 'No se encontr� ronda para el movimiento',
  timestamp: '2025-06-22 00:01:24'
}
{
  service: 'IncidenteModel',
  module: 'Movimientos/Incidente',
  movimientoId: 217,
  empresaId: 5,
  localidadId: 1,
  level: 'info',
  message: 'No se encontr� ronda para el movimiento',
  timestamp: '2025-06-22 00:01:24'
}
{
  service: 'IncidenteModel',
  module: 'Movimientos/Incidente',
  movimientoId: 243,
  empresaId: 2,
  localidadId: 1,
  level: 'info',
  message: 'No se encontr� ronda para el movimiento',
  timestamp: '2025-06-22 00:01:35'
}
{
  service: 'IncidenteModel',
  module: 'Movimientos/Incidente',
  movimientoId: 243,
  empresaId: 2,
  localidadId: 1,
  level: 'info',
  message: 'No se encontr� ronda para el movimiento',
  timestamp: '2025-06-22 00:01:35'
}
{
  service: 'IncidenteModel',
  module: 'Movimientos/Incidente',
  movimientoId: 217,
  empresaId: 5,
  localidadId: 1,
  level: 'info',
  message: 'No se encontr� ronda para el movimiento',
  timestamp: '2025-06-22 00:01:35'
}
{
  service: 'IncidenteModel',
  module: 'Movimientos/Incidente',
  movimientoId: 217,
  empresaId: 5,
  localidadId: 1,
  level: 'info',
  message: 'No se encontr� ronda para el movimiento',
  timestamp: '2025-06-22 00:01:35'
}
{
  service: 'IncidenteModel',
  module: 'Movimientos/Incidente',
  movimientoId: 243,
  empresaId: 2,
  localidadId: 1,
  level: 'info',
  message: 'No se encontr� ronda para el movimiento',
  timestamp: '2025-06-22 00:01:45'
}
{
  service: 'IncidenteModel',
  module: 'Movimientos/Incidente',
  movimientoId: 217,
  empresaId: 5,
  localidadId: 1,
  level: 'info',
  message: 'No se encontr� ronda para el movimiento',
  timestamp: '2025-06-22 00:01:45'
}
{
  service: 'IncidenteModel',
  module: 'Movimientos/Incidente',
  movimientoId: 243,
  empresaId: 2,
  localidadId: 1,
  level: 'info',
  message: 'No se encontr� ronda para el movimiento',
  timestamp: '2025-06-22 00:01:45'
}
{
  service: 'IncidenteModel',
  module: 'Movimientos/Incidente',
  movimientoId: 217,
  empresaId: 5,
  localidadId: 1,
  level: 'info',
  message: 'No se encontr� ronda para el movimiento',
  timestamp: '2025-06-22 00:01:45'
}
{
  service: 'IncidenteModel',
  module: 'Movimientos/Incidente',
  movimientoId: 243,
  empresaId: 2,
  localidadId: 1,
  level: 'info',
  message: 'No se encontr� ronda para el movimiento',
  timestamp: '2025-06-22 00:01:56'
}
{
  service: 'IncidenteModel',
  module: 'Movimientos/Incidente',
  movimientoId: 217,
  empresaId: 5,
  localidadId: 1,
  level: 'info',
  message: 'No se encontr� ronda para el movimiento',
  timestamp: '2025-06-22 00:01:56'
}
{
  service: 'IncidenteModel',
  module: 'Movimientos/Incidente',
  movimientoId: 243,
  empresaId: 2,
  localidadId: 1,
  level: 'info',
  message: 'No se encontr� ronda para el movimiento',
  timestamp: '2025-06-22 00:01:56'
}
{
  service: 'IncidenteModel',
  module: 'Movimientos/Incidente',
  movimientoId: 217,
  empresaId: 5,
  localidadId: 1,
  level: 'info',
  message: 'No se encontr� ronda para el movimiento',
  timestamp: '2025-06-22 00:01:56'
}
{
  service: 'IncidenteModel',
  module: 'Movimientos/Incidente',
  movimientoId: 243,
  empresaId: 2,
  localidadId: 1,
  level: 'info',
  message: 'No se encontr� ronda para el movimiento',
  timestamp: '2025-06-22 00:02:06'
}
{
  service: 'IncidenteModel',
  module: 'Movimientos/Incidente',
  movimientoId: 217,
  empresaId: 5,
  localidadId: 1,
  level: 'info',
  message: 'No se encontr� ronda para el movimiento',
  timestamp: '2025-06-22 00:02:06'
}
{
  service: 'IncidenteModel',
  module: 'Movimientos/Incidente',
  movimientoId: 243,
  empresaId: 2,
  localidadId: 1,
  level: 'info',
  message: 'No se encontr� ronda para el movimiento',
  timestamp: '2025-06-22 00:02:06'
}
{
  service: 'IncidenteModel',
  module: 'Movimientos/Incidente',
  movimientoId: 217,
  empresaId: 5,
  localidadId: 1,
  level: 'info',
  message: 'No se encontr� ronda para el movimiento',
  timestamp: '2025-06-22 00:02:06'
}
{
  service: 'IncidenteModel',
  module: 'Movimientos/Incidente',
  movimientoId: 243,
  empresaId: 2,
  localidadId: 1,
  level: 'info',
  message: 'No se encontr� ronda para el movimiento',
  timestamp: '2025-06-22 00:02:17'
}
{
  service: 'IncidenteModel',
  module: 'Movimientos/Incidente',
  movimientoId: 217,
  empresaId: 5,
  localidadId: 1,
  level: 'info',
  message: 'No se encontr� ronda para el movimiento',
  timestamp: '2025-06-22 00:02:17'
}
{
  service: 'IncidenteModel',
  module: 'Movimientos/Incidente',
  movimientoId: 243,
  empresaId: 2,
  localidadId: 1,
  level: 'info',
  message: 'No se encontr� ronda para el movimiento',
  timestamp: '2025-06-22 00:02:17'
}
{
  service: 'IncidenteModel',
  module: 'Movimientos/Incidente',
  movimientoId: 217,
  empresaId: 5,
  localidadId: 1,
  level: 'info',
  message: 'No se encontr� ronda para el movimiento',
  timestamp: '2025-06-22 00:02:17'
}
{
  service: 'IncidenteModel',
  module: 'Movimientos/Incidente',
  movimientoId: 243,
  empresaId: 2,
  localidadId: 1,
  level: 'info',
  message: 'No se encontr� ronda para el movimiento',
  timestamp: '2025-06-22 00:02:28'
}
{
  service: 'IncidenteModel',
  module: 'Movimientos/Incidente',
  movimientoId: 243,
  empresaId: 2,
  localidadId: 1,
  level: 'info',
  message: 'No se encontr� ronda para el movimiento',
  timestamp: '2025-06-22 00:02:28'
}
{
  service: 'IncidenteModel',
  module: 'Movimientos/Incidente',
  movimientoId: 217,
  empresaId: 5,
  localidadId: 1,
  level: 'info',
  message: 'No se encontr� ronda para el movimiento',
  timestamp: '2025-06-22 00:02:28'
}
{
  service: 'IncidenteModel',
  module: 'Movimientos/Incidente',
  movimientoId: 217,
  empresaId: 5,
  localidadId: 1,
  level: 'info',
  message: 'No se encontr� ronda para el movimiento',
  timestamp: '2025-06-22 00:02:28'
}
{
  service: 'IncidenteModel',
  module: 'Movimientos/Incidente',
  movimientoId: 243,
  empresaId: 2,
  localidadId: 1,
  level: 'info',
  message: 'No se encontr� ronda para el movimiento',
  timestamp: '2025-06-22 00:02:38'
}
{
  service: 'IncidenteModel',
  module: 'Movimientos/Incidente',
  movimientoId: 243,
  empresaId: 2,
  localidadId: 1,
  level: 'info',
  message: 'No se encontr� ronda para el movimiento',
  timestamp: '2025-06-22 00:02:38'
}
{
  service: 'IncidenteModel',
  module: 'Movimientos/Incidente',
  movimientoId: 217,
  empresaId: 5,
  localidadId: 1,
  level: 'info',
  message: 'No se encontr� ronda para el movimiento',
  timestamp: '2025-06-22 00:02:38'
}
{
  service: 'IncidenteModel',
  module: 'Movimientos/Incidente',
  movimientoId: 217,
  empresaId: 5,
  localidadId: 1,
  level: 'info',
  message: 'No se encontr� ronda para el movimiento',
  timestamp: '2025-06-22 00:02:38'
}
{
  service: 'IncidenteModel',
  module: 'Movimientos/Incidente',
  movimientoId: 243,
  empresaId: 2,
  localidadId: 1,
  level: 'info',
  message: 'No se encontr� ronda para el movimiento',
  timestamp: '2025-06-22 00:02:48'
}
{
  service: 'IncidenteModel',
  module: 'Movimientos/Incidente',
  movimientoId: 217,
  empresaId: 5,
  localidadId: 1,
  level: 'info',
  message: 'No se encontr� ronda para el movimiento',
  timestamp: '2025-06-22 00:02:48'
}
{
  service: 'IncidenteModel',
  module: 'Movimientos/Incidente',
  movimientoId: 243,
  empresaId: 2,
  localidadId: 1,
  level: 'info',
  message: 'No se encontr� ronda para el movimiento',
  timestamp: '2025-06-22 00:02:48'
}
{
  service: 'IncidenteModel',
  module: 'Movimientos/Incidente',
  movimientoId: 217,
  empresaId: 5,
  localidadId: 1,
  level: 'info',
  message: 'No se encontr� ronda para el movimiento',
  timestamp: '2025-06-22 00:02:48'
}
{
  service: 'IncidenteModel',
  module: 'Movimientos/Incidente',
  movimientoId: 243,
  empresaId: 2,
  localidadId: 1,
  level: 'info',
  message: 'No se encontr� ronda para el movimiento',
  timestamp: '2025-06-22 00:02:59'
}
{
  service: 'IncidenteModel',
  module: 'Movimientos/Incidente',
  movimientoId: 217,
  empresaId: 5,
  localidadId: 1,
  level: 'info',
  message: 'No se encontr� ronda para el movimiento',
  timestamp: '2025-06-22 00:02:59'
}
{
  service: 'IncidenteModel',
  module: 'Movimientos/Incidente',
  movimientoId: 243,
  empresaId: 2,
  localidadId: 1,
  level: 'info',
  message: 'No se encontr� ronda para el movimiento',
  timestamp: '2025-06-22 00:02:59'
}
{
  service: 'IncidenteModel',
  module: 'Movimientos/Incidente',
  movimientoId: 217,
  empresaId: 5,
  localidadId: 1,
  level: 'info',
  message: 'No se encontr� ronda para el movimiento',
  timestamp: '2025-06-22 00:02:59'
}
{
  service: 'IncidenteModel',
  module: 'Movimientos/Incidente',
  movimientoId: 243,
  empresaId: 2,
  localidadId: 1,
  level: 'info',
  message: 'No se encontr� ronda para el movimiento',
  timestamp: '2025-06-22 00:04:29'
}
{
  service: 'IncidenteModel',
  module: 'Movimientos/Incidente',
  movimientoId: 217,
  empresaId: 5,
  localidadId: 1,
  level: 'info',
  message: 'No se encontr� ronda para el movimiento',
  timestamp: '2025-06-22 00:04:29'
}
{
  service: 'IncidenteModel',
  module: 'Movimientos/Incidente',
  movimientoId: 243,
  empresaId: 2,
  localidadId: 1,
  level: 'info',
  message: 'No se encontr� ronda para el movimiento',
  timestamp: '2025-06-22 00:04:33'
}
{
  service: 'IncidenteModel',
  module: 'Movimientos/Incidente',
  movimientoId: 217,
  empresaId: 5,
  localidadId: 1,
  level: 'info',
  message: 'No se encontr� ronda para el movimiento',
  timestamp: '2025-06-22 00:04:33'
}
{
  service: 'IncidenteModel',
  module: 'Movimientos/Incidente',
  movimientoId: 243,
  empresaId: 2,
  localidadId: 1,
  level: 'info',
  message: 'No se encontr� ronda para el movimiento',
  timestamp: '2025-06-22 00:05:36'
}
{
  service: 'IncidenteModel',
  module: 'Movimientos/Incidente',
  movimientoId: 243,
  empresaId: 2,
  localidadId: 1,
  level: 'info',
  message: 'No se encontr� ronda para el movimiento',
  timestamp: '2025-06-22 00:05:36'
}
{
  service: 'IncidenteModel',
  module: 'Movimientos/Incidente',
  movimientoId: 217,
  empresaId: 5,
  localidadId: 1,
  level: 'info',
  message: 'No se encontr� ronda para el movimiento',
  timestamp: '2025-06-22 00:05:36'
}
{
  service: 'IncidenteModel',
  module: 'Movimientos/Incidente',
  movimientoId: 217,
  empresaId: 5,
  localidadId: 1,
  level: 'info',
  message: 'No se encontr� ronda para el movimiento',
  timestamp: '2025-06-22 00:05:36'
}
{
  service: 'IncidenteModel',
  module: 'Movimientos/Incidente',
  movimientoId: 243,
  empresaId: 2,
  localidadId: 1,
  level: 'info',
  message: 'No se encontr� ronda para el movimiento',
  timestamp: '2025-06-22 00:05:36'
}
{
  service: 'IncidenteModel',
  module: 'Movimientos/Incidente',
  movimientoId: 217,
  empresaId: 5,
  localidadId: 1,
  level: 'info',
  message: 'No se encontr� ronda para el movimiento',
  timestamp: '2025-06-22 00:05:36'
}
{
  service: 'IncidenteModel',
  module: 'Movimientos/Incidente',
  movimientoId: 243,
  empresaId: 2,
  localidadId: 1,
  level: 'info',
  message: 'No se encontr� ronda para el movimiento',
  timestamp: '2025-06-22 00:05:38'
}
{
  service: 'IncidenteModel',
  module: 'Movimientos/Incidente',
  movimientoId: 217,
  empresaId: 5,
  localidadId: 1,
  level: 'info',
  message: 'No se encontr� ronda para el movimiento',
  timestamp: '2025-06-22 00:05:38'
}
{
  service: 'IncidenteModel',
  module: 'Movimientos/Incidente',
  movimientoId: 243,
  empresaId: 2,
  localidadId: 1,
  level: 'info',
  message: 'No se encontr� ronda para el movimiento',
  timestamp: '2025-06-22 00:05:38'
}
{
  service: 'IncidenteModel',
  module: 'Movimientos/Incidente',
  movimientoId: 217,
  empresaId: 5,
  localidadId: 1,
  level: 'info',
  message: 'No se encontr� ronda para el movimiento',
  timestamp: '2025-06-22 00:05:38'
}
{
  service: 'IncidenteModel',
  module: 'Movimientos/Incidente',
  movimientoId: 243,
  empresaId: 2,
  localidadId: 1,
  level: 'info',
  message: 'No se encontr� ronda para el movimiento',
  timestamp: '2025-06-22 00:07:38'
}
{
  service: 'IncidenteModel',
  module: 'Movimientos/Incidente',
  movimientoId: 217,
  empresaId: 5,
  localidadId: 1,
  level: 'info',
  message: 'No se encontr� ronda para el movimiento',
  timestamp: '2025-06-22 00:07:38'
}
{
  service: 'IncidenteModel',
  module: 'Movimientos/Incidente',
  movimientoId: 243,
  empresaId: 2,
  localidadId: 1,
  level: 'info',
  message: 'No se encontr� ronda para el movimiento',
  timestamp: '2025-06-22 00:07:38'
}
{
  service: 'IncidenteModel',
  module: 'Movimientos/Incidente',
  movimientoId: 217,
  empresaId: 5,
  localidadId: 1,
  level: 'info',
  message: 'No se encontr� ronda para el movimiento',
  timestamp: '2025-06-22 00:07:38'
}
{
  service: 'IncidenteModel',
  module: 'Movimientos/Incidente',
  incidenteId: 101,
  cantidad: 1,
  carpeta: '/var/www/Cosaif/uploads/incidentes/2025/06/22',
  level: 'info',
  message: 'Imagenes procesadas y guardadas',
  timestamp: '2025-06-22 00:09:35'
}
{
  service: 'IncidenteModel',
  module: 'Movimientos/Incidente',
  movimientoId: 65,
  empresaId: 2,
  rondaOriginal: 1,
  localidadId: 1,
  prioridad: 'BAJA',
  level: 'info',
  message: 'Iniciando reorganizaci�n por incidente',
  timestamp: '2025-06-22 00:09:35'
}
{
  service: 'IncidenteModel',
  module: 'Movimientos/Incidente',
  movimientoId: 65,
  rondaNumero: 1,
  posicionOriginal: 1,
  posicionFinal: 1,
  level: 'info',
  message: 'Movimiento movido al final de la ronda',
  timestamp: '2025-06-22 00:09:35'
}
{
  service: 'IncidenteModel',
  module: 'Movimientos/Incidente',
  incidenteId: 101,
  movimientoId: 65,
  empresaId: 2,
  localidadId: 1,
  imagenesGuardadas: 1,
  level: 'info',
  message: 'Incidente creado y procesado',
  timestamp: '2025-06-22 00:09:36'
}
{
  service: 'IncidenteModel',
  module: 'Movimientos/Incidente',
  movimientoId: 65,
  empresaId: 2,
  rondaOriginal: 1,
  localidadId: 1,
  prioridad: 'BAJA',
  level: 'info',
  message: 'Iniciando reorganizaci�n por incidente',
  timestamp: '2025-06-22 00:09:38'
}
{
  service: 'IncidenteModel',
  module: 'Movimientos/Incidente',
  movimientoId: 65,
  rondaNumero: 1,
  posicionOriginal: 1,
  posicionFinal: 1,
  level: 'info',
  message: 'Movimiento movido al final de la ronda',
  timestamp: '2025-06-22 00:09:38'
}
{
  service: 'IncidenteModel',
  module: 'Movimientos/Incidente',
  movimientoId: 65,
  empresaId: 2,
  rondaOriginal: 1,
  localidadId: 1,
  prioridad: 'BAJA',
  level: 'info',
  message: 'Iniciando reorganizaci�n por incidente',
  timestamp: '2025-06-22 00:09:38'
}
{
  service: 'IncidenteModel',
  module: 'Movimientos/Incidente',
  movimientoId: 65,
  rondaNumero: 1,
  posicionOriginal: 1,
  posicionFinal: 1,
  level: 'info',
  message: 'Movimiento movido al final de la ronda',
  timestamp: '2025-06-22 00:09:38'
}
{
  service: 'IncidenteModel',
  module: 'Movimientos/Incidente',
  movimientoId: 243,
  empresaId: 2,
  localidadId: 1,
  level: 'info',
  message: 'No se encontr� ronda para el movimiento',
  timestamp: '2025-06-22 00:09:38'
}
{
  service: 'IncidenteModel',
  module: 'Movimientos/Incidente',
  movimientoId: 217,
  empresaId: 5,
  localidadId: 1,
  level: 'info',
  message: 'No se encontr� ronda para el movimiento',
  timestamp: '2025-06-22 00:09:38'
}
{
  service: 'IncidenteModel',
  module: 'Movimientos/Incidente',
  movimientoId: 243,
  empresaId: 2,
  localidadId: 1,
  level: 'info',
  message: 'No se encontr� ronda para el movimiento',
  timestamp: '2025-06-22 00:09:39'
}
{
  service: 'IncidenteModel',
  module: 'Movimientos/Incidente',
  movimientoId: 217,
  empresaId: 5,
  localidadId: 1,
  level: 'info',
  message: 'No se encontr� ronda para el movimiento',
  timestamp: '2025-06-22 00:09:39'
}
{
  service: 'IncidenteModel',
  module: 'Movimientos/Incidente',
  movimientoId: 65,
  empresaId: 2,
  rondaOriginal: 1,
  localidadId: 1,
  prioridad: 'BAJA',
  level: 'info',
  message: 'Iniciando reorganizaci�n por incidente',
  timestamp: '2025-06-22 00:10:27'
}
{
  service: 'IncidenteModel',
  module: 'Movimientos/Incidente',
  movimientoId: 65,
  rondaNumero: 1,
  posicionOriginal: 1,
  posicionFinal: 1,
  level: 'info',
  message: 'Movimiento movido al final de la ronda',
  timestamp: '2025-06-22 00:10:27'
}
{
  service: 'IncidenteModel',
  module: 'Movimientos/Incidente',
  movimientoId: 243,
  empresaId: 2,
  localidadId: 1,
  level: 'info',
  message: 'No se encontr� ronda para el movimiento',
  timestamp: '2025-06-22 00:10:27'
}
{
  service: 'IncidenteModel',
  module: 'Movimientos/Incidente',
  movimientoId: 217,
  empresaId: 5,
  localidadId: 1,
  level: 'info',
  message: 'No se encontr� ronda para el movimiento',
  timestamp: '2025-06-22 00:10:27'
}
{
  service: 'IncidenteModel',
  module: 'Movimientos/Incidente',
  incidenteId: 102,
  cantidad: 1,
  carpeta: '/var/www/Cosaif/uploads/incidentes/2025/06/22',
  level: 'info',
  message: 'Imagenes procesadas y guardadas',
  timestamp: '2025-06-22 00:10:32'
}
{
  service: 'IncidenteModel',
  module: 'Movimientos/Incidente',
  movimientoId: 65,
  empresaId: 2,
  rondaOriginal: 1,
  localidadId: 1,
  prioridad: 'BAJA',
  level: 'info',
  message: 'Iniciando reorganizaci�n por incidente',
  timestamp: '2025-06-22 00:10:32'
}
{
  service: 'IncidenteModel',
  module: 'Movimientos/Incidente',
  movimientoId: 65,
  rondaNumero: 1,
  posicionOriginal: 1,
  posicionFinal: 1,
  level: 'info',
  message: 'Movimiento movido al final de la ronda',
  timestamp: '2025-06-22 00:10:32'
}
{
  service: 'IncidenteModel',
  module: 'Movimientos/Incidente',
  incidenteId: 102,
  movimientoId: 65,
  empresaId: 2,
  localidadId: 1,
  imagenesGuardadas: 1,
  level: 'info',
  message: 'Incidente creado y procesado',
  timestamp: '2025-06-22 00:10:33'
}
{
  service: 'IncidenteModel',
  module: 'Movimientos/Incidente',
  movimientoId: 65,
  empresaId: 2,
  rondaOriginal: 1,
  localidadId: 1,
  prioridad: 'BAJA',
  level: 'info',
  message: 'Iniciando reorganizaci�n por incidente',
  timestamp: '2025-06-22 00:10:40'
}
{
  service: 'IncidenteModel',
  module: 'Movimientos/Incidente',
  movimientoId: 65,
  rondaNumero: 1,
  posicionOriginal: 1,
  posicionFinal: 1,
  level: 'info',
  message: 'Movimiento movido al final de la ronda',
  timestamp: '2025-06-22 00:10:40'
}
{
  service: 'IncidenteModel',
  module: 'Movimientos/Incidente',
  movimientoId: 243,
  empresaId: 2,
  localidadId: 1,
  level: 'info',
  message: 'No se encontr� ronda para el movimiento',
  timestamp: '2025-06-22 00:10:40'
}
{
  service: 'IncidenteModel',
  module: 'Movimientos/Incidente',
  movimientoId: 217,
  empresaId: 5,
  localidadId: 1,
  level: 'info',
  message: 'No se encontr� ronda para el movimiento',
  timestamp: '2025-06-22 00:10:40'
}
{
  service: 'IncidenteModel',
  module: 'Movimientos/Incidente',
  movimientoId: 243,
  empresaId: 2,
  localidadId: 1,
  level: 'info',
  message: 'No se encontr� ronda para el movimiento',
  timestamp: '2025-06-22 00:11:34'
}
{
  service: 'IncidenteModel',
  module: 'Movimientos/Incidente',
  movimientoId: 217,
  empresaId: 5,
  localidadId: 1,
  level: 'info',
  message: 'No se encontr� ronda para el movimiento',
  timestamp: '2025-06-22 00:11:34'
}
{
  service: 'IncidenteModel',
  module: 'Movimientos/Incidente',
  incidenteId: 103,
  cantidad: 1,
  carpeta: '/var/www/Cosaif/uploads/incidentes/2025/06/22',
  level: 'info',
  message: 'Imagenes procesadas y guardadas',
  timestamp: '2025-06-22 00:11:55'
}
{
  service: 'IncidenteModel',
  module: 'Movimientos/Incidente',
  movimientoId: 77,
  empresaId: 2,
  rondaOriginal: 1,
  localidadId: 1,
  prioridad: 'BAJA',
  level: 'info',
  message: 'Iniciando reorganizaci�n por incidente',
  timestamp: '2025-06-22 00:11:55'
}
{
  service: 'IncidenteModel',
  module: 'Movimientos/Incidente',
  movimientoId: 77,
  rondaNumero: 1,
  posicionOriginal: 1,
  posicionFinal: 1,
  level: 'info',
  message: 'Movimiento movido al final de la ronda',
  timestamp: '2025-06-22 00:11:55'
}
{
  service: 'IncidenteModel',
  module: 'Movimientos/Incidente',
  incidenteId: 103,
  movimientoId: 77,
  empresaId: 2,
  localidadId: 1,
  imagenesGuardadas: 1,
  level: 'info',
  message: 'Incidente creado y procesado',
  timestamp: '2025-06-22 00:11:56'
}
{
  service: 'IncidenteModel',
  module: 'Movimientos/Incidente',
  movimientoId: 77,
  empresaId: 2,
  rondaOriginal: 1,
  localidadId: 1,
  prioridad: 'BAJA',
  level: 'info',
  message: 'Iniciando reorganizaci�n por incidente',
  timestamp: '2025-06-22 00:12:44'
}
{
  service: 'IncidenteModel',
  module: 'Movimientos/Incidente',
  movimientoId: 77,
  rondaNumero: 1,
  posicionOriginal: 1,
  posicionFinal: 1,
  level: 'info',
  message: 'Movimiento movido al final de la ronda',
  timestamp: '2025-06-22 00:12:44'
}
{
  service: 'IncidenteModel',
  module: 'Movimientos/Incidente',
  movimientoId: 243,
  empresaId: 2,
  localidadId: 1,
  level: 'info',
  message: 'No se encontr� ronda para el movimiento',
  timestamp: '2025-06-22 00:12:44'
}
{
  service: 'IncidenteModel',
  module: 'Movimientos/Incidente',
  movimientoId: 217,
  empresaId: 5,
  localidadId: 1,
  level: 'info',
  message: 'No se encontr� ronda para el movimiento',
  timestamp: '2025-06-22 00:12:44'
}
{
  service: 'IncidenteModel',
  module: 'Movimientos/Incidente',
  incidenteId: 104,
  cantidad: 1,
  carpeta: '/var/www/Cosaif/uploads/incidentes/2025/06/22',
  level: 'info',
  message: 'Imagenes procesadas y guardadas',
  timestamp: '2025-06-22 00:12:51'
}
{
  service: 'IncidenteModel',
  module: 'Movimientos/Incidente',
  movimientoId: 77,
  empresaId: 2,
  rondaOriginal: 1,
  localidadId: 1,
  prioridad: 'BAJA',
  level: 'info',
  message: 'Iniciando reorganizaci�n por incidente',
  timestamp: '2025-06-22 00:12:51'
}
{
  service: 'IncidenteModel',
  module: 'Movimientos/Incidente',
  movimientoId: 77,
  rondaNumero: 1,
  posicionOriginal: 1,
  posicionFinal: 1,
  level: 'info',
  message: 'Movimiento movido al final de la ronda',
  timestamp: '2025-06-22 00:12:51'
}
{
  service: 'IncidenteModel',
  module: 'Movimientos/Incidente',
  incidenteId: 104,
  movimientoId: 77,
  empresaId: 2,
  localidadId: 1,
  imagenesGuardadas: 1,
  level: 'info',
  message: 'Incidente creado y procesado',
  timestamp: '2025-06-22 00:12:52'
}
{
  service: 'IncidenteModel',
  module: 'Movimientos/Incidente',
  movimientoId: 77,
  empresaId: 2,
  rondaOriginal: 1,
  localidadId: 1,
  prioridad: 'BAJA',
  level: 'info',
  message: 'Iniciando reorganizaci�n por incidente',
  timestamp: '2025-06-22 00:12:57'
}
{
  service: 'IncidenteModel',
  module: 'Movimientos/Incidente',
  movimientoId: 77,
  rondaNumero: 1,
  posicionOriginal: 1,
  posicionFinal: 1,
  level: 'info',
  message: 'Movimiento movido al final de la ronda',
  timestamp: '2025-06-22 00:12:57'
}
{
  service: 'IncidenteModel',
  module: 'Movimientos/Incidente',
  movimientoId: 243,
  empresaId: 2,
  localidadId: 1,
  level: 'info',
  message: 'No se encontr� ronda para el movimiento',
  timestamp: '2025-06-22 00:12:57'
}
{
  service: 'IncidenteModel',
  module: 'Movimientos/Incidente',
  movimientoId: 217,
  empresaId: 5,
  localidadId: 1,
  level: 'info',
  message: 'No se encontr� ronda para el movimiento',
  timestamp: '2025-06-22 00:12:57'
}
{
  service: 'IncidenteModel',
  module: 'Movimientos/Incidente',
  movimientoId: 77,
  empresaId: 2,
  rondaOriginal: 1,
  localidadId: 1,
  prioridad: 'BAJA',
  level: 'info',
  message: 'Iniciando reorganizaci�n por incidente',
  timestamp: '2025-06-22 00:13:34'
}
{
  service: 'IncidenteModel',
  module: 'Movimientos/Incidente',
  movimientoId: 77,
  rondaNumero: 1,
  posicionOriginal: 1,
  posicionFinal: 1,
  level: 'info',
  message: 'Movimiento movido al final de la ronda',
  timestamp: '2025-06-22 00:13:34'
}
{
  service: 'IncidenteModel',
  module: 'Movimientos/Incidente',
  movimientoId: 243,
  empresaId: 2,
  localidadId: 1,
  level: 'info',
  message: 'No se encontr� ronda para el movimiento',
  timestamp: '2025-06-22 00:13:34'
}
{
  service: 'IncidenteModel',
  module: 'Movimientos/Incidente',
  movimientoId: 217,
  empresaId: 5,
  localidadId: 1,
  level: 'info',
  message: 'No se encontr� ronda para el movimiento',
  timestamp: '2025-06-22 00:13:34'
}
{
  service: 'IncidenteModel',
  module: 'Movimientos/Incidente',
  incidenteId: 105,
  cantidad: 1,
  carpeta: '/var/www/Cosaif/uploads/incidentes/2025/06/22',
  level: 'info',
  message: 'Imagenes procesadas y guardadas',
  timestamp: '2025-06-22 00:15:39'
}
{
  service: 'IncidenteModel',
  module: 'Movimientos/Incidente',
  incidenteId: 105,
  movimientoId: 123,
  empresaId: 2,
  localidadId: 1,
  imagenesGuardadas: 1,
  level: 'info',
  message: 'Incidente creado y procesado',
  timestamp: '2025-06-22 00:15:39'
}
{
  service: 'IncidenteModel',
  module: 'Movimientos/Incidente',
  incidenteId: 106,
  cantidad: 1,
  carpeta: '/var/www/Cosaif/uploads/incidentes/2025/06/22',
  level: 'info',
  message: 'Imagenes procesadas y guardadas',
  timestamp: '2025-06-22 00:16:35'
}
{
  service: 'IncidenteModel',
  module: 'Movimientos/Incidente',
  movimientoId: 77,
  empresaId: 2,
  rondaOriginal: 1,
  localidadId: 1,
  prioridad: 'BAJA',
  level: 'info',
  message: 'Iniciando reorganizaci�n por incidente',
  timestamp: '2025-06-22 00:16:35'
}
{
  service: 'IncidenteModel',
  module: 'Movimientos/Incidente',
  movimientoId: 77,
  rondaNumero: 1,
  posicionOriginal: 1,
  posicionFinal: 1,
  level: 'info',
  message: 'Movimiento movido al final de la ronda',
  timestamp: '2025-06-22 00:16:35'
}
{
  service: 'IncidenteModel',
  module: 'Movimientos/Incidente',
  incidenteId: 106,
  movimientoId: 77,
  empresaId: 2,
  localidadId: 1,
  imagenesGuardadas: 1,
  level: 'info',
  message: 'Incidente creado y procesado',
  timestamp: '2025-06-22 00:16:35'
}
{
  service: 'IncidenteModel',
  module: 'Movimientos/Incidente',
  incidenteId: 107,
  cantidad: 1,
  carpeta: '/var/www/Cosaif/uploads/incidentes/2025/06/22',
  level: 'info',
  message: 'Imagenes procesadas y guardadas',
  timestamp: '2025-06-22 00:21:54'
}
{
  service: 'IncidenteModel',
  module: 'Movimientos/Incidente',
  movimientoId: 77,
  empresaId: 2,
  rondaOriginal: 1,
  localidadId: 1,
  prioridad: 'BAJA',
  level: 'info',
  message: 'Iniciando reorganizaci�n por incidente',
  timestamp: '2025-06-22 00:21:54'
}
{
  service: 'IncidenteModel',
  module: 'Movimientos/Incidente',
  movimientoId: 77,
  rondaNumero: 1,
  posicionOriginal: 1,
  posicionFinal: 1,
  level: 'info',
  message: 'Movimiento movido al final de la ronda',
  timestamp: '2025-06-22 00:21:54'
}
{
  service: 'IncidenteModel',
  module: 'Movimientos/Incidente',
  incidenteId: 107,
  movimientoId: 77,
  empresaId: 2,
  localidadId: 1,
  imagenesGuardadas: 1,
  level: 'info',
  message: 'Incidente creado y procesado',
  timestamp: '2025-06-22 00:21:54'
}
{
  service: 'IncidenteModel',
  module: 'Movimientos/Incidente',
  movimientoId: 243,
  empresaId: 2,
  localidadId: 1,
  level: 'info',
  message: 'No se encontr� ronda para el movimiento',
  timestamp: '2025-06-22 02:31:03'
}
{
  service: 'IncidenteModel',
  module: 'Movimientos/Incidente',
  movimientoId: 217,
  empresaId: 5,
  localidadId: 1,
  level: 'info',
  message: 'No se encontr� ronda para el movimiento',
  timestamp: '2025-06-22 02:31:03'
}
{
  service: 'IncidenteModel',
  module: 'Movimientos/Incidente',
  movimientoId: 243,
  empresaId: 2,
  localidadId: 1,
  level: 'info',
  message: 'No se encontr� ronda para el movimiento',
  timestamp: '2025-06-22 02:31:07'
}
{
  service: 'IncidenteModel',
  module: 'Movimientos/Incidente',
  movimientoId: 217,
  empresaId: 5,
  localidadId: 1,
  level: 'info',
  message: 'No se encontr� ronda para el movimiento',
  timestamp: '2025-06-22 02:31:07'
}
{
  service: 'IncidenteModel',
  module: 'Movimientos/Incidente',
  movimientoId: 243,
  empresaId: 2,
  localidadId: 1,
  level: 'info',
  message: 'No se encontr� ronda para el movimiento',
  timestamp: '2025-06-22 02:31:08'
}
{
  service: 'IncidenteModel',
  module: 'Movimientos/Incidente',
  movimientoId: 217,
  empresaId: 5,
  localidadId: 1,
  level: 'info',
  message: 'No se encontr� ronda para el movimiento',
  timestamp: '2025-06-22 02:31:08'
}
{
  service: 'IncidenteModel',
  module: 'Movimientos/Incidente',
  movimientoId: 243,
  empresaId: 2,
  localidadId: 1,
  level: 'info',
  message: 'No se encontr� ronda para el movimiento',
  timestamp: '2025-06-22 02:31:08'
}
{
  service: 'IncidenteModel',
  module: 'Movimientos/Incidente',
  movimientoId: 217,
  empresaId: 5,
  localidadId: 1,
  level: 'info',
  message: 'No se encontr� ronda para el movimiento',
  timestamp: '2025-06-22 02:31:08'
}
{
  service: 'IncidenteModel',
  module: 'Movimientos/Incidente',
  movimientoId: 243,
  empresaId: 2,
  localidadId: 1,
  level: 'info',
  message: 'No se encontr� ronda para el movimiento',
  timestamp: '2025-06-22 02:31:14'
}
{
  service: 'IncidenteModel',
  module: 'Movimientos/Incidente',
  movimientoId: 217,
  empresaId: 5,
  localidadId: 1,
  level: 'info',
  message: 'No se encontr� ronda para el movimiento',
  timestamp: '2025-06-22 02:31:14'
}
{
  service: 'IncidenteModel',
  module: 'Movimientos/Incidente',
  movimientoId: 243,
  empresaId: 2,
  localidadId: 1,
  level: 'info',
  message: 'No se encontr� ronda para el movimiento',
  timestamp: '2025-06-22 02:31:14'
}
{
  service: 'IncidenteModel',
  module: 'Movimientos/Incidente',
  movimientoId: 217,
  empresaId: 5,
  localidadId: 1,
  level: 'info',
  message: 'No se encontr� ronda para el movimiento',
  timestamp: '2025-06-22 02:31:14'
}
{
  service: 'IncidenteModel',
  module: 'Movimientos/Incidente',
  movimientoId: 243,
  empresaId: 2,
  localidadId: 1,
  level: 'info',
  message: 'No se encontr� ronda para el movimiento',
  timestamp: '2025-06-22 02:31:19'
}
{
  service: 'IncidenteModel',
  module: 'Movimientos/Incidente',
  movimientoId: 217,
  empresaId: 5,
  localidadId: 1,
  level: 'info',
  message: 'No se encontr� ronda para el movimiento',
  timestamp: '2025-06-22 02:31:19'
}
{
  service: 'IncidenteModel',
  module: 'Movimientos/Incidente',
  movimientoId: 243,
  empresaId: 2,
  localidadId: 1,
  level: 'info',
  message: 'No se encontr� ronda para el movimiento',
  timestamp: '2025-06-22 02:31:19'
}
{
  service: 'IncidenteModel',
  module: 'Movimientos/Incidente',
  movimientoId: 217,
  empresaId: 5,
  localidadId: 1,
  level: 'info',
  message: 'No se encontr� ronda para el movimiento',
  timestamp: '2025-06-22 02:31:19'
}
{
  service: 'IncidenteModel',
  module: 'Movimientos/Incidente',
  movimientoId: 243,
  empresaId: 2,
  localidadId: 1,
  level: 'info',
  message: 'No se encontr� ronda para el movimiento',
  timestamp: '2025-06-22 15:54:30'
}
{
  service: 'IncidenteModel',
  module: 'Movimientos/Incidente',
  movimientoId: 217,
  empresaId: 5,
  localidadId: 1,
  level: 'info',
  message: 'No se encontr� ronda para el movimiento',
  timestamp: '2025-06-22 15:54:30'
}
{
  service: 'IncidenteModel',
  module: 'Movimientos/Incidente',
  movimientoId: 243,
  empresaId: 2,
  localidadId: 1,
  level: 'info',
  message: 'No se encontr� ronda para el movimiento',
  timestamp: '2025-06-22 15:54:54'
}
{
  service: 'IncidenteModel',
  module: 'Movimientos/Incidente',
  movimientoId: 217,
  empresaId: 5,
  localidadId: 1,
  level: 'info',
  message: 'No se encontr� ronda para el movimiento',
  timestamp: '2025-06-22 15:54:54'
}
{
  service: 'IncidenteModel',
  module: 'Movimientos/Incidente',
  movimientoId: 243,
  empresaId: 2,
  localidadId: 1,
  level: 'info',
  message: 'No se encontr� ronda para el movimiento',
  timestamp: '2025-06-22 15:54:55'
}
{
  service: 'IncidenteModel',
  module: 'Movimientos/Incidente',
  movimientoId: 217,
  empresaId: 5,
  localidadId: 1,
  level: 'info',
  message: 'No se encontr� ronda para el movimiento',
  timestamp: '2025-06-22 15:54:55'
}
{
  service: 'IncidenteModel',
  module: 'Movimientos/Incidente',
  movimientoId: 243,
  empresaId: 2,
  localidadId: 1,
  level: 'info',
  message: 'No se encontr� ronda para el movimiento',
  timestamp: '2025-06-22 15:54:57'
}
{
  service: 'IncidenteModel',
  module: 'Movimientos/Incidente',
  movimientoId: 217,
  empresaId: 5,
  localidadId: 1,
  level: 'info',
  message: 'No se encontr� ronda para el movimiento',
  timestamp: '2025-06-22 15:54:57'
}
{
  service: 'IncidenteModel',
  module: 'Movimientos/Incidente',
  movimientoId: 243,
  empresaId: 2,
  localidadId: 1,
  level: 'info',
  message: 'No se encontr� ronda para el movimiento',
  timestamp: '2025-06-22 15:56:50'
}
{
  service: 'IncidenteModel',
  module: 'Movimientos/Incidente',
  movimientoId: 217,
  empresaId: 5,
  localidadId: 1,
  level: 'info',
  message: 'No se encontr� ronda para el movimiento',
  timestamp: '2025-06-22 15:56:50'
}
{
  service: 'IncidenteModel',
  module: 'Movimientos/Incidente',
  movimientoId: 243,
  empresaId: 2,
  localidadId: 1,
  level: 'info',
  message: 'No se encontr� ronda para el movimiento',
  timestamp: '2025-06-22 15:57:05'
}
{
  service: 'IncidenteModel',
  module: 'Movimientos/Incidente',
  movimientoId: 217,
  empresaId: 5,
  localidadId: 1,
  level: 'info',
  message: 'No se encontr� ronda para el movimiento',
  timestamp: '2025-06-22 15:57:05'
}
{
  service: 'IncidenteModel',
  module: 'Movimientos/Incidente',
  movimientoId: 243,
  empresaId: 2,
  localidadId: 1,
  level: 'info',
  message: 'No se encontr� ronda para el movimiento',
  timestamp: '2025-06-22 15:57:07'
}
{
  service: 'IncidenteModel',
  module: 'Movimientos/Incidente',
  movimientoId: 217,
  empresaId: 5,
  localidadId: 1,
  level: 'info',
  message: 'No se encontr� ronda para el movimiento',
  timestamp: '2025-06-22 15:57:07'
}
{
  service: 'IncidenteModel',
  module: 'Movimientos/Incidente',
  movimientoId: 243,
  empresaId: 2,
  localidadId: 1,
  level: 'info',
  message: 'No se encontr� ronda para el movimiento',
  timestamp: '2025-06-22 15:57:08'
}
{
  service: 'IncidenteModel',
  module: 'Movimientos/Incidente',
  movimientoId: 217,
  empresaId: 5,
  localidadId: 1,
  level: 'info',
  message: 'No se encontr� ronda para el movimiento',
  timestamp: '2025-06-22 15:57:08'
}
{
  service: 'IncidenteModel',
  module: 'Movimientos/Incidente',
  movimientoId: 243,
  empresaId: 2,
  localidadId: 1,
  level: 'info',
  message: 'No se encontr� ronda para el movimiento',
  timestamp: '2025-06-22 15:57:10'
}
{
  service: 'IncidenteModel',
  module: 'Movimientos/Incidente',
  movimientoId: 217,
  empresaId: 5,
  localidadId: 1,
  level: 'info',
  message: 'No se encontr� ronda para el movimiento',
  timestamp: '2025-06-22 15:57:10'
}
{
  service: 'IncidenteModel',
  module: 'Movimientos/Incidente',
  incidenteId: 108,
  cantidad: 1,
  carpeta: '/var/www/Cosaif/uploads/incidentes/2025/06/22',
  level: 'info',
  message: 'Imagenes procesadas y guardadas',
  timestamp: '2025-06-22 15:57:37'
}
{
  service: 'IncidenteModel',
  module: 'Movimientos/Incidente',
  movimientoId: 201,
  empresaId: 2,
  rondaOriginal: 1,
  localidadId: 1,
  prioridad: 'BAJA',
  level: 'info',
  message: 'Iniciando reorganizaci�n por incidente',
  timestamp: '2025-06-22 15:57:37'
}
{
  service: 'IncidenteModel',
  module: 'Movimientos/Incidente',
  movimientoId: 201,
  rondaNumero: 1,
  posicionOriginal: 1,
  posicionFinal: 1,
  level: 'info',
  message: 'Movimiento movido al final de la ronda',
  timestamp: '2025-06-22 15:57:37'
}
{
  service: 'IncidenteModel',
  module: 'Movimientos/Incidente',
  incidenteId: 108,
  movimientoId: 201,
  empresaId: 2,
  localidadId: 1,
  imagenesGuardadas: 1,
  level: 'info',
  message: 'Incidente creado y procesado',
  timestamp: '2025-06-22 15:57:37'
}
{
  service: 'IncidenteModel',
  module: 'Movimientos/Incidente',
  movimientoId: 243,
  empresaId: 2,
  localidadId: 1,
  level: 'info',
  message: 'No se encontr� ronda para el movimiento',
  timestamp: '2025-06-22 16:06:50'
}
{
  service: 'IncidenteModel',
  module: 'Movimientos/Incidente',
  movimientoId: 217,
  empresaId: 5,
  localidadId: 1,
  level: 'info',
  message: 'No se encontr� ronda para el movimiento',
  timestamp: '2025-06-22 16:06:50'
}
{
  service: 'IncidenteModel',
  module: 'Movimientos/Incidente',
  incidenteId: 109,
  cantidad: 1,
  carpeta: '/var/www/Cosaif/uploads/incidentes/2025/06/22',
  level: 'info',
  message: 'Imagenes procesadas y guardadas',
  timestamp: '2025-06-22 16:07:19'
}
{
  service: 'IncidenteModel',
  module: 'Movimientos/Incidente',
  movimientoId: 202,
  empresaId: 2,
  rondaOriginal: 1,
  localidadId: 1,
  prioridad: 'BAJA',
  level: 'info',
  message: 'Iniciando reorganizaci�n por incidente',
  timestamp: '2025-06-22 16:07:19'
}
{
  service: 'IncidenteModel',
  module: 'Movimientos/Incidente',
  movimientoId: 202,
  rondaNumero: 1,
  posicionOriginal: 1,
  posicionFinal: 1,
  level: 'info',
  message: 'Movimiento movido al final de la ronda',
  timestamp: '2025-06-22 16:07:19'
}
{
  service: 'IncidenteModel',
  module: 'Movimientos/Incidente',
  incidenteId: 109,
  movimientoId: 202,
  empresaId: 2,
  localidadId: 1,
  imagenesGuardadas: 1,
  level: 'info',
  message: 'Incidente creado y procesado',
  timestamp: '2025-06-22 16:07:20'
}
{
  service: 'IncidenteModel',
  module: 'Movimientos/Incidente',
  movimientoId: 243,
  empresaId: 2,
  localidadId: 1,
  level: 'info',
  message: 'No se encontr� ronda para el movimiento',
  timestamp: '2025-06-22 16:20:05'
}
{
  service: 'IncidenteModel',
  module: 'Movimientos/Incidente',
  movimientoId: 217,
  empresaId: 5,
  localidadId: 1,
  level: 'info',
  message: 'No se encontr� ronda para el movimiento',
  timestamp: '2025-06-22 16:20:05'
}
{
  service: 'IncidenteModel',
  module: 'Movimientos/Incidente',
  movimientoId: 243,
  empresaId: 2,
  localidadId: 1,
  level: 'info',
  message: 'No se encontr� ronda para el movimiento',
  timestamp: '2025-06-22 16:20:08'
}
{
  service: 'IncidenteModel',
  module: 'Movimientos/Incidente',
  movimientoId: 217,
  empresaId: 5,
  localidadId: 1,
  level: 'info',
  message: 'No se encontr� ronda para el movimiento',
  timestamp: '2025-06-22 16:20:08'
}
{
  service: 'IncidenteModel',
  module: 'Movimientos/Incidente',
  incidenteId: 110,
  cantidad: 1,
  carpeta: '/var/www/Cosaif/uploads/incidentes/2025/06/22',
  level: 'info',
  message: 'Imagenes procesadas y guardadas',
  timestamp: '2025-06-22 16:20:29'
}
{
  service: 'IncidenteModel',
  module: 'Movimientos/Incidente',
  movimientoId: 203,
  empresaId: 2,
  rondaOriginal: 1,
  localidadId: 1,
  prioridad: 'BAJA',
  level: 'info',
  message: 'Iniciando reorganizaci�n por incidente',
  timestamp: '2025-06-22 16:20:29'
}
{
  service: 'IncidenteModel',
  module: 'Movimientos/Incidente',
  movimientoId: 203,
  rondaNumero: 1,
  posicionOriginal: 1,
  posicionFinal: 1,
  level: 'info',
  message: 'Movimiento movido al final de la ronda',
  timestamp: '2025-06-22 16:20:29'
}
{
  service: 'IncidenteModel',
  module: 'Movimientos/Incidente',
  incidenteId: 110,
  movimientoId: 203,
  empresaId: 2,
  localidadId: 1,
  imagenesGuardadas: 1,
  level: 'info',
  message: 'Incidente creado y procesado',
  timestamp: '2025-06-22 16:20:30'
}
{
  service: 'IncidenteModel',
  module: 'Movimientos/Incidente',
  movimientoId: 243,
  empresaId: 2,
  localidadId: 1,
  level: 'info',
  message: 'No se encontr� ronda para el movimiento',
  timestamp: '2025-06-22 16:30:25'
}
{
  service: 'IncidenteModel',
  module: 'Movimientos/Incidente',
  movimientoId: 217,
  empresaId: 5,
  localidadId: 1,
  level: 'info',
  message: 'No se encontr� ronda para el movimiento',
  timestamp: '2025-06-22 16:30:25'
}
{
  service: 'IncidenteModel',
  module: 'Movimientos/Incidente',
  movimientoId: 243,
  empresaId: 2,
  localidadId: 1,
  level: 'info',
  message: 'No se encontr� ronda para el movimiento',
  timestamp: '2025-06-22 16:32:08'
}
{
  service: 'IncidenteModel',
  module: 'Movimientos/Incidente',
  movimientoId: 217,
  empresaId: 5,
  localidadId: 1,
  level: 'info',
  message: 'No se encontr� ronda para el movimiento',
  timestamp: '2025-06-22 16:32:08'
}
{
  service: 'IncidenteModel',
  module: 'Movimientos/Incidente',
  movimientoId: 243,
  empresaId: 2,
  localidadId: 1,
  level: 'info',
  message: 'No se encontr� ronda para el movimiento',
  timestamp: '2025-06-22 16:33:03'
}
{
  service: 'IncidenteModel',
  module: 'Movimientos/Incidente',
  movimientoId: 217,
  empresaId: 5,
  localidadId: 1,
  level: 'info',
  message: 'No se encontr� ronda para el movimiento',
  timestamp: '2025-06-22 16:33:03'
}
{
  service: 'IncidenteModel',
  module: 'Movimientos/Incidente',
  movimientoId: 243,
  empresaId: 2,
  localidadId: 1,
  level: 'info',
  message: 'No se encontr� ronda para el movimiento',
  timestamp: '2025-06-22 16:33:04'
}
{
  service: 'IncidenteModel',
  module: 'Movimientos/Incidente',
  movimientoId: 217,
  empresaId: 5,
  localidadId: 1,
  level: 'info',
  message: 'No se encontr� ronda para el movimiento',
  timestamp: '2025-06-22 16:33:04'
}
{
  service: 'IncidenteModel',
  module: 'Movimientos/Incidente',
  movimientoId: 243,
  empresaId: 2,
  localidadId: 1,
  level: 'info',
  message: 'No se encontr� ronda para el movimiento',
  timestamp: '2025-06-22 16:33:41'
}
{
  service: 'IncidenteModel',
  module: 'Movimientos/Incidente',
  movimientoId: 217,
  empresaId: 5,
  localidadId: 1,
  level: 'info',
  message: 'No se encontr� ronda para el movimiento',
  timestamp: '2025-06-22 16:33:41'
}
{
  service: 'IncidenteModel',
  module: 'Movimientos/Incidente',
  movimientoId: 243,
  empresaId: 2,
  localidadId: 1,
  level: 'info',
  message: 'No se encontr� ronda para el movimiento',
  timestamp: '2025-06-22 16:33:41'
}
{
  service: 'IncidenteModel',
  module: 'Movimientos/Incidente',
  movimientoId: 217,
  empresaId: 5,
  localidadId: 1,
  level: 'info',
  message: 'No se encontr� ronda para el movimiento',
  timestamp: '2025-06-22 16:33:41'
}
{
  service: 'IncidenteModel',
  module: 'Movimientos/Incidente',
  movimientoId: 243,
  empresaId: 2,
  localidadId: 1,
  level: 'info',
  message: 'No se encontr� ronda para el movimiento',
  timestamp: '2025-06-22 16:33:50'
}
{
  service: 'IncidenteModel',
  module: 'Movimientos/Incidente',
  movimientoId: 217,
  empresaId: 5,
  localidadId: 1,
  level: 'info',
  message: 'No se encontr� ronda para el movimiento',
  timestamp: '2025-06-22 16:33:50'
}
{
  service: 'IncidenteModel',
  module: 'Movimientos/Incidente',
  incidenteId: 111,
  cantidad: 1,
  carpeta: '/var/www/Cosaif/uploads/incidentes/2025/06/22',
  level: 'info',
  message: 'Imagenes procesadas y guardadas',
  timestamp: '2025-06-22 16:38:36'
}
{
  service: 'IncidenteModel',
  module: 'Movimientos/Incidente',
  movimientoId: 204,
  empresaId: 2,
  rondaOriginal: 1,
  localidadId: 1,
  prioridad: 'BAJA',
  level: 'info',
  message: 'Iniciando reorganizaci�n por incidente',
  timestamp: '2025-06-22 16:38:36'
}
{
  service: 'IncidenteModel',
  module: 'Movimientos/Incidente',
  movimientoId: 204,
  rondaNumero: 1,
  posicionOriginal: 1,
  posicionFinal: 1,
  level: 'info',
  message: 'Movimiento movido al final de la ronda',
  timestamp: '2025-06-22 16:38:36'
}
{
  service: 'IncidenteModel',
  module: 'Movimientos/Incidente',
  incidenteId: 111,
  movimientoId: 204,
  empresaId: 2,
  localidadId: 1,
  imagenesGuardadas: 1,
  level: 'info',
  message: 'Incidente creado y procesado',
  timestamp: '2025-06-22 16:38:37'
}
{
  service: 'IncidenteModel',
  module: 'Movimientos/Incidente',
  incidenteId: 112,
  cantidad: 1,
  carpeta: '/var/www/Cosaif/uploads/incidentes/2025/06/22',
  level: 'info',
  message: 'Imagenes procesadas y guardadas',
  timestamp: '2025-06-22 16:39:15'
}
{
  service: 'IncidenteModel',
  module: 'Movimientos/Incidente',
  movimientoId: 204,
  empresaId: 2,
  rondaOriginal: 1,
  localidadId: 1,
  prioridad: 'BAJA',
  level: 'info',
  message: 'Iniciando reorganizaci�n por incidente',
  timestamp: '2025-06-22 16:39:15'
}
{
  service: 'IncidenteModel',
  module: 'Movimientos/Incidente',
  movimientoId: 204,
  rondaNumero: 1,
  posicionOriginal: 1,
  posicionFinal: 1,
  level: 'info',
  message: 'Movimiento movido al final de la ronda',
  timestamp: '2025-06-22 16:39:15'
}
{
  service: 'IncidenteModel',
  module: 'Movimientos/Incidente',
  incidenteId: 112,
  movimientoId: 204,
  empresaId: 2,
  localidadId: 1,
  imagenesGuardadas: 1,
  level: 'info',
  message: 'Incidente creado y procesado',
  timestamp: '2025-06-22 16:39:15'
}
{
  service: 'IncidenteModel',
  module: 'Movimientos/Incidente',
  movimientoId: 243,
  empresaId: 2,
  localidadId: 1,
  level: 'info',
  message: 'No se encontr� ronda para el movimiento',
  timestamp: '2025-06-22 16:41:18'
}
{
  service: 'IncidenteModel',
  module: 'Movimientos/Incidente',
  movimientoId: 204,
  empresaId: 2,
  rondaOriginal: 1,
  localidadId: 1,
  prioridad: 'BAJA',
  level: 'info',
  message: 'Iniciando reorganizaci�n por incidente',
  timestamp: '2025-06-22 16:41:18'
}
{
  service: 'IncidenteModel',
  module: 'Movimientos/Incidente',
  movimientoId: 204,
  rondaNumero: 1,
  posicionOriginal: 1,
  posicionFinal: 1,
  level: 'info',
  message: 'Movimiento movido al final de la ronda',
  timestamp: '2025-06-22 16:41:18'
}
{
  service: 'IncidenteModel',
  module: 'Movimientos/Incidente',
  movimientoId: 217,
  empresaId: 5,
  localidadId: 1,
  level: 'info',
  message: 'No se encontr� ronda para el movimiento',
  timestamp: '2025-06-22 16:41:18'
}
{
  service: 'IncidenteModel',
  module: 'Movimientos/Incidente',
  incidenteId: 113,
  cantidad: 1,
  carpeta: '/var/www/Cosaif/uploads/incidentes/2025/06/22',
  level: 'info',
  message: 'Imagenes procesadas y guardadas',
  timestamp: '2025-06-22 16:41:39'
}
{
  service: 'IncidenteModel',
  module: 'Movimientos/Incidente',
  movimientoId: 204,
  empresaId: 2,
  rondaOriginal: 1,
  localidadId: 1,
  prioridad: 'BAJA',
  level: 'info',
  message: 'Iniciando reorganizaci�n por incidente',
  timestamp: '2025-06-22 16:41:39'
}
{
  service: 'IncidenteModel',
  module: 'Movimientos/Incidente',
  movimientoId: 204,
  rondaNumero: 1,
  posicionOriginal: 1,
  posicionFinal: 1,
  level: 'info',
  message: 'Movimiento movido al final de la ronda',
  timestamp: '2025-06-22 16:41:39'
}
{
  service: 'IncidenteModel',
  module: 'Movimientos/Incidente',
  incidenteId: 113,
  movimientoId: 204,
  empresaId: 2,
  localidadId: 1,
  imagenesGuardadas: 1,
  level: 'info',
  message: 'Incidente creado y procesado',
  timestamp: '2025-06-22 16:41:40'
}
{
  service: 'IncidenteModel',
  module: 'Movimientos/Incidente',
  movimientoId: 243,
  empresaId: 2,
  localidadId: 1,
  level: 'info',
  message: 'No se encontr� ronda para el movimiento',
  timestamp: '2025-06-22 16:44:47'
}
{
  service: 'IncidenteModel',
  module: 'Movimientos/Incidente',
  movimientoId: 204,
  empresaId: 2,
  rondaOriginal: 1,
  localidadId: 1,
  prioridad: 'BAJA',
  level: 'info',
  message: 'Iniciando reorganizaci�n por incidente',
  timestamp: '2025-06-22 16:44:47'
}
{
  service: 'IncidenteModel',
  module: 'Movimientos/Incidente',
  movimientoId: 204,
  rondaNumero: 1,
  posicionOriginal: 1,
  posicionFinal: 1,
  level: 'info',
  message: 'Movimiento movido al final de la ronda',
  timestamp: '2025-06-22 16:44:47'
}
{
  service: 'IncidenteModel',
  module: 'Movimientos/Incidente',
  movimientoId: 217,
  empresaId: 5,
  localidadId: 1,
  level: 'info',
  message: 'No se encontr� ronda para el movimiento',
  timestamp: '2025-06-22 16:44:47'
}
{
  service: 'IncidenteModel',
  module: 'Movimientos/Incidente',
  movimientoId: 243,
  empresaId: 2,
  localidadId: 1,
  level: 'info',
  message: 'No se encontr� ronda para el movimiento',
  timestamp: '2025-06-22 17:03:17'
}
{
  service: 'IncidenteModel',
  module: 'Movimientos/Incidente',
  movimientoId: 217,
  empresaId: 5,
  localidadId: 1,
  level: 'info',
  message: 'No se encontr� ronda para el movimiento',
  timestamp: '2025-06-22 17:03:17'
}
{
  service: 'IncidenteModel',
  module: 'Movimientos/Incidente',
  movimientoId: 243,
  empresaId: 2,
  localidadId: 1,
  level: 'info',
  message: 'No se encontr� ronda para el movimiento',
  timestamp: '2025-06-22 17:03:35'
}
{
  service: 'IncidenteModel',
  module: 'Movimientos/Incidente',
  movimientoId: 217,
  empresaId: 5,
  localidadId: 1,
  level: 'info',
  message: 'No se encontr� ronda para el movimiento',
  timestamp: '2025-06-22 17:03:35'
}
{
  service: 'IncidenteModel',
  module: 'Movimientos/Incidente',
  movimientoId: 243,
  empresaId: 2,
  localidadId: 1,
  level: 'info',
  message: 'No se encontr� ronda para el movimiento',
  timestamp: '2025-06-22 17:03:39'
}
{
  service: 'IncidenteModel',
  module: 'Movimientos/Incidente',
  movimientoId: 217,
  empresaId: 5,
  localidadId: 1,
  level: 'info',
  message: 'No se encontr� ronda para el movimiento',
  timestamp: '2025-06-22 17:03:39'
}
{
  service: 'IncidenteModel',
  module: 'Movimientos/Incidente',
  movimientoId: 243,
  empresaId: 2,
  localidadId: 1,
  level: 'info',
  message: 'No se encontr� ronda para el movimiento',
  timestamp: '2025-06-22 17:08:07'
}
{
  service: 'IncidenteModel',
  module: 'Movimientos/Incidente',
  movimientoId: 217,
  empresaId: 5,
  localidadId: 1,
  level: 'info',
  message: 'No se encontr� ronda para el movimiento',
  timestamp: '2025-06-22 17:08:07'
}
{
  service: 'IncidenteModel',
  module: 'Movimientos/Incidente',
  movimientoId: 243,
  empresaId: 2,
  localidadId: 1,
  level: 'info',
  message: 'No se encontr� ronda para el movimiento',
  timestamp: '2025-06-22 17:08:10'
}
{
  service: 'IncidenteModel',
  module: 'Movimientos/Incidente',
  movimientoId: 217,
  empresaId: 5,
  localidadId: 1,
  level: 'info',
  message: 'No se encontr� ronda para el movimiento',
  timestamp: '2025-06-22 17:08:10'
}
{
  service: 'IncidenteModel',
  module: 'Movimientos/Incidente',
  movimientoId: 243,
  empresaId: 2,
  localidadId: 1,
  level: 'info',
  message: 'No se encontr� ronda para el movimiento',
  timestamp: '2025-06-22 17:09:24'
}
{
  service: 'IncidenteModel',
  module: 'Movimientos/Incidente',
  movimientoId: 217,
  empresaId: 5,
  localidadId: 1,
  level: 'info',
  message: 'No se encontr� ronda para el movimiento',
  timestamp: '2025-06-22 17:09:24'
}
{
  service: 'IncidenteModel',
  module: 'Movimientos/Incidente',
  movimientoId: 243,
  empresaId: 2,
  localidadId: 1,
  level: 'info',
  message: 'No se encontr� ronda para el movimiento',
  timestamp: '2025-06-22 17:09:29'
}
{
  service: 'IncidenteModel',
  module: 'Movimientos/Incidente',
  movimientoId: 217,
  empresaId: 5,
  localidadId: 1,
  level: 'info',
  message: 'No se encontr� ronda para el movimiento',
  timestamp: '2025-06-22 17:09:29'
}
{
  service: 'IncidenteModel',
  module: 'Movimientos/Incidente',
  movimientoId: 243,
  empresaId: 2,
  localidadId: 1,
  level: 'info',
  message: 'No se encontr� ronda para el movimiento',
  timestamp: '2025-06-22 17:09:32'
}
{
  service: 'IncidenteModel',
  module: 'Movimientos/Incidente',
  movimientoId: 217,
  empresaId: 5,
  localidadId: 1,
  level: 'info',
  message: 'No se encontr� ronda para el movimiento',
  timestamp: '2025-06-22 17:09:32'
}
{
  service: 'IncidenteModel',
  module: 'Movimientos/Incidente',
  movimientoId: 243,
  empresaId: 2,
  localidadId: 1,
  level: 'info',
  message: 'No se encontr� ronda para el movimiento',
  timestamp: '2025-06-22 17:10:01'
}
{
  service: 'IncidenteModel',
  module: 'Movimientos/Incidente',
  movimientoId: 217,
  empresaId: 5,
  localidadId: 1,
  level: 'info',
  message: 'No se encontr� ronda para el movimiento',
  timestamp: '2025-06-22 17:10:01'
}
{
  service: 'IncidenteModel',
  module: 'Movimientos/Incidente',
  movimientoId: 243,
  empresaId: 2,
  localidadId: 1,
  level: 'info',
  message: 'No se encontr� ronda para el movimiento',
  timestamp: '2025-06-22 17:10:04'
}
{
  service: 'IncidenteModel',
  module: 'Movimientos/Incidente',
  movimientoId: 217,
  empresaId: 5,
  localidadId: 1,
  level: 'info',
  message: 'No se encontr� ronda para el movimiento',
  timestamp: '2025-06-22 17:10:04'
}
{
  service: 'IncidenteModel',
  module: 'Movimientos/Incidente',
  movimientoId: 243,
  empresaId: 2,
  localidadId: 1,
  level: 'info',
  message: 'No se encontr� ronda para el movimiento',
  timestamp: '2025-06-22 17:10:51'
}
{
  service: 'IncidenteModel',
  module: 'Movimientos/Incidente',
  movimientoId: 217,
  empresaId: 5,
  localidadId: 1,
  level: 'info',
  message: 'No se encontr� ronda para el movimiento',
  timestamp: '2025-06-22 17:10:51'
}
{
  service: 'IncidenteModel',
  module: 'Movimientos/Incidente',
  movimientoId: 243,
  empresaId: 2,
  localidadId: 1,
  level: 'info',
  message: 'No se encontr� ronda para el movimiento',
  timestamp: '2025-06-22 17:12:51'
}
{
  service: 'IncidenteModel',
  module: 'Movimientos/Incidente',
  movimientoId: 217,
  empresaId: 5,
  localidadId: 1,
  level: 'info',
  message: 'No se encontr� ronda para el movimiento',
  timestamp: '2025-06-22 17:12:51'
}
{
  service: 'IncidenteModel',
  module: 'Movimientos/Incidente',
  movimientoId: 243,
  empresaId: 2,
  localidadId: 1,
  level: 'info',
  message: 'No se encontr� ronda para el movimiento',
  timestamp: '2025-06-22 17:12:56'
}
{
  service: 'IncidenteModel',
  module: 'Movimientos/Incidente',
  movimientoId: 217,
  empresaId: 5,
  localidadId: 1,
  level: 'info',
  message: 'No se encontr� ronda para el movimiento',
  timestamp: '2025-06-22 17:12:56'
}
{
  service: 'IncidenteModel',
  module: 'Movimientos/Incidente',
  movimientoId: 243,
  empresaId: 2,
  localidadId: 1,
  level: 'info',
  message: 'No se encontr� ronda para el movimiento',
  timestamp: '2025-06-22 17:51:42'
}
{
  service: 'IncidenteModel',
  module: 'Movimientos/Incidente',
  movimientoId: 217,
  empresaId: 5,
  localidadId: 1,
  level: 'info',
  message: 'No se encontr� ronda para el movimiento',
  timestamp: '2025-06-22 17:51:42'
}
{
  service: 'IncidenteModel',
  module: 'Movimientos/Incidente',
  movimientoId: 243,
  empresaId: 2,
  localidadId: 1,
  level: 'info',
  message: 'No se encontr� ronda para el movimiento',
  timestamp: '2025-06-22 17:52:42'
}
{
  service: 'IncidenteModel',
  module: 'Movimientos/Incidente',
  movimientoId: 217,
  empresaId: 5,
  localidadId: 1,
  level: 'info',
  message: 'No se encontr� ronda para el movimiento',
  timestamp: '2025-06-22 17:52:42'
}
{
  service: 'IncidenteModel',
  module: 'Movimientos/Incidente',
  movimientoId: 243,
  empresaId: 2,
  localidadId: 1,
  level: 'info',
  message: 'No se encontr� ronda para el movimiento',
  timestamp: '2025-06-22 17:52:46'
}
{
  service: 'IncidenteModel',
  module: 'Movimientos/Incidente',
  movimientoId: 217,
  empresaId: 5,
  localidadId: 1,
  level: 'info',
  message: 'No se encontr� ronda para el movimiento',
  timestamp: '2025-06-22 17:52:46'
}
{
  service: 'IncidenteModel',
  module: 'Movimientos/Incidente',
  movimientoId: 243,
  empresaId: 2,
  localidadId: 1,
  level: 'info',
  message: 'No se encontr� ronda para el movimiento',
  timestamp: '2025-06-22 17:53:59'
}
{
  service: 'IncidenteModel',
  module: 'Movimientos/Incidente',
  movimientoId: 217,
  empresaId: 5,
  localidadId: 1,
  level: 'info',
  message: 'No se encontr� ronda para el movimiento',
  timestamp: '2025-06-22 17:53:59'
}
{
  service: 'IncidenteModel',
  module: 'Movimientos/Incidente',
  movimientoId: 243,
  empresaId: 2,
  localidadId: 1,
  level: 'info',
  message: 'No se encontr� ronda para el movimiento',
  timestamp: '2025-06-22 18:03:05'
}
{
  service: 'IncidenteModel',
  module: 'Movimientos/Incidente',
  movimientoId: 217,
  empresaId: 5,
  localidadId: 1,
  level: 'info',
  message: 'No se encontr� ronda para el movimiento',
  timestamp: '2025-06-22 18:03:05'
}
{
  service: 'IncidenteModel',
  module: 'Movimientos/Incidente',
  movimientoId: 243,
  empresaId: 2,
  localidadId: 1,
  level: 'info',
  message: 'No se encontr� ronda para el movimiento',
  timestamp: '2025-06-22 18:03:46'
}
{
  service: 'IncidenteModel',
  module: 'Movimientos/Incidente',
  movimientoId: 217,
  empresaId: 5,
  localidadId: 1,
  level: 'info',
  message: 'No se encontr� ronda para el movimiento',
  timestamp: '2025-06-22 18:03:46'
}
{
  service: 'IncidenteModel',
  module: 'Movimientos/Incidente',
  movimientoId: 243,
  empresaId: 2,
  localidadId: 1,
  level: 'info',
  message: 'No se encontr� ronda para el movimiento',
  timestamp: '2025-06-22 18:03:52'
}
{
  service: 'IncidenteModel',
  module: 'Movimientos/Incidente',
  movimientoId: 217,
  empresaId: 5,
  localidadId: 1,
  level: 'info',
  message: 'No se encontr� ronda para el movimiento',
  timestamp: '2025-06-22 18:03:52'
}
{
  service: 'IncidenteModel',
  module: 'Movimientos/Incidente',
  movimientoId: 243,
  empresaId: 2,
  localidadId: 1,
  level: 'info',
  message: 'No se encontr� ronda para el movimiento',
  timestamp: '2025-06-22 18:05:27'
}
{
  service: 'IncidenteModel',
  module: 'Movimientos/Incidente',
  movimientoId: 217,
  empresaId: 5,
  localidadId: 1,
  level: 'info',
  message: 'No se encontr� ronda para el movimiento',
  timestamp: '2025-06-22 18:05:27'
}
{
  service: 'IncidenteModel',
  module: 'Movimientos/Incidente',
  movimientoId: 243,
  empresaId: 2,
  localidadId: 1,
  level: 'info',
  message: 'No se encontr� ronda para el movimiento',
  timestamp: '2025-06-22 18:07:33'
}
{
  service: 'IncidenteModel',
  module: 'Movimientos/Incidente',
  movimientoId: 217,
  empresaId: 5,
  localidadId: 1,
  level: 'info',
  message: 'No se encontr� ronda para el movimiento',
  timestamp: '2025-06-22 18:07:33'
}
{
  service: 'IncidenteModel',
  module: 'Movimientos/Incidente',
  movimientoId: 243,
  empresaId: 2,
  localidadId: 1,
  level: 'info',
  message: 'No se encontr� ronda para el movimiento',
  timestamp: '2025-06-22 18:07:38'
}
{
  service: 'IncidenteModel',
  module: 'Movimientos/Incidente',
  movimientoId: 217,
  empresaId: 5,
  localidadId: 1,
  level: 'info',
  message: 'No se encontr� ronda para el movimiento',
  timestamp: '2025-06-22 18:07:38'
}
{
  service: 'IncidenteModel',
  module: 'Movimientos/Incidente',
  movimientoId: 243,
  empresaId: 2,
  localidadId: 1,
  level: 'info',
  message: 'No se encontr� ronda para el movimiento',
  timestamp: '2025-06-22 18:09:54'
}
{
  service: 'IncidenteModel',
  module: 'Movimientos/Incidente',
  movimientoId: 217,
  empresaId: 5,
  localidadId: 1,
  level: 'info',
  message: 'No se encontr� ronda para el movimiento',
  timestamp: '2025-06-22 18:09:54'
}
{
  service: 'IncidenteModel',
  module: 'Movimientos/Incidente',
  movimientoId: 243,
  empresaId: 2,
  localidadId: 1,
  level: 'info',
  message: 'No se encontr� ronda para el movimiento',
  timestamp: '2025-06-22 18:10:19'
}
{
  service: 'IncidenteModel',
  module: 'Movimientos/Incidente',
  movimientoId: 217,
  empresaId: 5,
  localidadId: 1,
  level: 'info',
  message: 'No se encontr� ronda para el movimiento',
  timestamp: '2025-06-22 18:10:19'
}
{
  service: 'IncidenteModel',
  module: 'Movimientos/Incidente',
  movimientoId: 243,
  empresaId: 2,
  localidadId: 1,
  level: 'info',
  message: 'No se encontr� ronda para el movimiento',
  timestamp: '2025-06-22 18:10:33'
}
{
  service: 'IncidenteModel',
  module: 'Movimientos/Incidente',
  movimientoId: 217,
  empresaId: 5,
  localidadId: 1,
  level: 'info',
  message: 'No se encontr� ronda para el movimiento',
  timestamp: '2025-06-22 18:10:33'
}
{
  service: 'IncidenteModel',
  module: 'Movimientos/Incidente',
  movimientoId: 243,
  empresaId: 2,
  localidadId: 1,
  level: 'info',
  message: 'No se encontr� ronda para el movimiento',
  timestamp: '2025-06-22 18:14:56'
}
{
  service: 'IncidenteModel',
  module: 'Movimientos/Incidente',
  movimientoId: 217,
  empresaId: 5,
  localidadId: 1,
  level: 'info',
  message: 'No se encontr� ronda para el movimiento',
  timestamp: '2025-06-22 18:14:56'
}
{
  service: 'IncidenteModel',
  module: 'Movimientos/Incidente',
  incidenteId: 114,
  cantidad: 1,
  carpeta: '/var/www/Cosaif/uploads/incidentes/2025/06/22',
  level: 'info',
  message: 'Imagenes procesadas y guardadas',
  timestamp: '2025-06-22 18:15:00'
}
{
  service: 'IncidenteModel',
  module: 'Movimientos/Incidente',
  movimientoId: 205,
  empresaId: 2,
  rondaOriginal: 1,
  localidadId: 1,
  prioridad: 'BAJA',
  level: 'info',
  message: 'Iniciando reorganizaci�n por incidente',
  timestamp: '2025-06-22 18:15:00'
}
{
  service: 'IncidenteModel',
  module: 'Movimientos/Incidente',
  movimientoId: 205,
  rondaNumero: 1,
  posicionOriginal: 1,
  posicionFinal: 1,
  level: 'info',
  message: 'Movimiento movido al final de la ronda',
  timestamp: '2025-06-22 18:15:00'
}
{
  service: 'IncidenteModel',
  module: 'Movimientos/Incidente',
  incidenteId: 114,
  movimientoId: 205,
  empresaId: 2,
  localidadId: 1,
  imagenesGuardadas: 1,
  level: 'info',
  message: 'Incidente creado y procesado',
  timestamp: '2025-06-22 18:15:00'
}
{
  service: 'IncidenteModel',
  module: 'Movimientos/Incidente',
  movimientoId: 243,
  empresaId: 2,
  localidadId: 1,
  level: 'info',
  message: 'No se encontr� ronda para el movimiento',
  timestamp: '2025-06-22 18:17:24'
}
{
  service: 'IncidenteModel',
  module: 'Movimientos/Incidente',
  movimientoId: 217,
  empresaId: 5,
  localidadId: 1,
  level: 'info',
  message: 'No se encontr� ronda para el movimiento',
  timestamp: '2025-06-22 18:17:24'
}
{
  service: 'IncidenteModel',
  module: 'Movimientos/Incidente',
  movimientoId: 243,
  empresaId: 2,
  localidadId: 1,
  level: 'info',
  message: 'No se encontr� ronda para el movimiento',
  timestamp: '2025-06-22 18:17:55'
}
{
  service: 'IncidenteModel',
  module: 'Movimientos/Incidente',
  movimientoId: 217,
  empresaId: 5,
  localidadId: 1,
  level: 'info',
  message: 'No se encontr� ronda para el movimiento',
  timestamp: '2025-06-22 18:17:55'
}
{
  service: 'IncidenteModel',
  module: 'Movimientos/Incidente',
  incidenteId: 115,
  cantidad: 1,
  carpeta: '/var/www/Cosaif/uploads/incidentes/2025/06/22',
  level: 'info',
  message: 'Imagenes procesadas y guardadas',
  timestamp: '2025-06-22 18:17:56'
}
{
  service: 'IncidenteModel',
  module: 'Movimientos/Incidente',
  movimientoId: 206,
  empresaId: 2,
  rondaOriginal: 1,
  localidadId: 1,
  prioridad: 'BAJA',
  level: 'info',
  message: 'Iniciando reorganizaci�n por incidente',
  timestamp: '2025-06-22 18:17:56'
}
{
  service: 'IncidenteModel',
  module: 'Movimientos/Incidente',
  movimientoId: 206,
  rondaNumero: 1,
  posicionOriginal: 1,
  posicionFinal: 1,
  level: 'info',
  message: 'Movimiento movido al final de la ronda',
  timestamp: '2025-06-22 18:17:56'
}
{
  service: 'IncidenteModel',
  module: 'Movimientos/Incidente',
  movimientoId: 243,
  empresaId: 2,
  localidadId: 1,
  level: 'info',
  message: 'No se encontr� ronda para el movimiento',
  timestamp: '2025-06-22 18:17:57'
}
{
  service: 'IncidenteModel',
  module: 'Movimientos/Incidente',
  incidenteId: 115,
  movimientoId: 206,
  empresaId: 2,
  localidadId: 1,
  imagenesGuardadas: 1,
  level: 'info',
  message: 'Incidente creado y procesado',
  timestamp: '2025-06-22 18:17:57'
}
{
  service: 'IncidenteModel',
  module: 'Movimientos/Incidente',
  movimientoId: 206,
  empresaId: 2,
  rondaOriginal: 1,
  localidadId: 1,
  prioridad: 'BAJA',
  level: 'info',
  message: 'Iniciando reorganizaci�n por incidente',
  timestamp: '2025-06-22 18:17:57'
}
{
  service: 'IncidenteModel',
  module: 'Movimientos/Incidente',
  movimientoId: 206,
  rondaNumero: 1,
  posicionOriginal: 1,
  posicionFinal: 1,
  level: 'info',
  message: 'Movimiento movido al final de la ronda',
  timestamp: '2025-06-22 18:17:57'
}
{
  service: 'IncidenteModel',
  module: 'Movimientos/Incidente',
  movimientoId: 217,
  empresaId: 5,
  localidadId: 1,
  level: 'info',
  message: 'No se encontr� ronda para el movimiento',
  timestamp: '2025-06-22 18:17:57'
}
{
  service: 'IncidenteModel',
  module: 'Movimientos/Incidente',
  movimientoId: 243,
  empresaId: 2,
  localidadId: 1,
  level: 'info',
  message: 'No se encontr� ronda para el movimiento',
  timestamp: '2025-06-22 18:18:27'
}
{
  service: 'IncidenteModel',
  module: 'Movimientos/Incidente',
  movimientoId: 217,
  empresaId: 5,
  localidadId: 1,
  level: 'info',
  message: 'No se encontr� ronda para el movimiento',
  timestamp: '2025-06-22 18:18:27'
}
{
  service: 'IncidenteModel',
  module: 'Movimientos/Incidente',
  movimientoId: 243,
  empresaId: 2,
  localidadId: 1,
  level: 'info',
  message: 'No se encontr� ronda para el movimiento',
  timestamp: '2025-06-22 18:18:30'
}
{
  service: 'IncidenteModel',
  module: 'Movimientos/Incidente',
  movimientoId: 217,
  empresaId: 5,
  localidadId: 1,
  level: 'info',
  message: 'No se encontr� ronda para el movimiento',
  timestamp: '2025-06-22 18:18:30'
}
{
  service: 'IncidenteModel',
  module: 'Movimientos/Incidente',
  movimientoId: 243,
  empresaId: 2,
  localidadId: 1,
  level: 'info',
  message: 'No se encontr� ronda para el movimiento',
  timestamp: '2025-06-22 18:19:32'
}
{
  service: 'IncidenteModel',
  module: 'Movimientos/Incidente',
  movimientoId: 217,
  empresaId: 5,
  localidadId: 1,
  level: 'info',
  message: 'No se encontr� ronda para el movimiento',
  timestamp: '2025-06-22 18:19:32'
}
{
  service: 'IncidenteModel',
  module: 'Movimientos/Incidente',
  movimientoId: 243,
  empresaId: 2,
  localidadId: 1,
  level: 'info',
  message: 'No se encontr� ronda para el movimiento',
  timestamp: '2025-06-22 18:19:34'
}
{
  service: 'IncidenteModel',
  module: 'Movimientos/Incidente',
  movimientoId: 217,
  empresaId: 5,
  localidadId: 1,
  level: 'info',
  message: 'No se encontr� ronda para el movimiento',
  timestamp: '2025-06-22 18:19:34'
}
{
  service: 'IncidenteModel',
  module: 'Movimientos/Incidente',
  movimientoId: 243,
  empresaId: 2,
  localidadId: 1,
  level: 'info',
  message: 'No se encontr� ronda para el movimiento',
  timestamp: '2025-06-22 18:19:51'
}
{
  service: 'IncidenteModel',
  module: 'Movimientos/Incidente',
  movimientoId: 217,
  empresaId: 5,
  localidadId: 1,
  level: 'info',
  message: 'No se encontr� ronda para el movimiento',
  timestamp: '2025-06-22 18:19:51'
}
{
  service: 'IncidenteModel',
  module: 'Movimientos/Incidente',
  movimientoId: 243,
  empresaId: 2,
  localidadId: 1,
  level: 'info',
  message: 'No se encontr� ronda para el movimiento',
  timestamp: '2025-06-22 18:20:06'
}
{
  service: 'IncidenteModel',
  module: 'Movimientos/Incidente',
  movimientoId: 217,
  empresaId: 5,
  localidadId: 1,
  level: 'info',
  message: 'No se encontr� ronda para el movimiento',
  timestamp: '2025-06-22 18:20:06'
}
{
  service: 'IncidenteModel',
  module: 'Movimientos/Incidente',
  movimientoId: 243,
  empresaId: 2,
  localidadId: 1,
  level: 'info',
  message: 'No se encontr� ronda para el movimiento',
  timestamp: '2025-06-22 18:25:57'
}
{
  service: 'IncidenteModel',
  module: 'Movimientos/Incidente',
  movimientoId: 217,
  empresaId: 5,
  localidadId: 1,
  level: 'info',
  message: 'No se encontr� ronda para el movimiento',
  timestamp: '2025-06-22 18:25:57'
}
{
  service: 'IncidenteModel',
  module: 'Movimientos/Incidente',
  movimientoId: 243,
  empresaId: 2,
  localidadId: 1,
  level: 'info',
  message: 'No se encontr� ronda para el movimiento',
  timestamp: '2025-06-22 18:26:01'
}
{
  service: 'IncidenteModel',
  module: 'Movimientos/Incidente',
  movimientoId: 217,
  empresaId: 5,
  localidadId: 1,
  level: 'info',
  message: 'No se encontr� ronda para el movimiento',
  timestamp: '2025-06-22 18:26:01'
}
{
  service: 'IncidenteModel',
  module: 'Movimientos/Incidente',
  movimientoId: 243,
  empresaId: 2,
  localidadId: 1,
  level: 'info',
  message: 'No se encontr� ronda para el movimiento',
  timestamp: '2025-06-22 18:30:21'
}
{
  service: 'IncidenteModel',
  module: 'Movimientos/Incidente',
  movimientoId: 217,
  empresaId: 5,
  localidadId: 1,
  level: 'info',
  message: 'No se encontr� ronda para el movimiento',
  timestamp: '2025-06-22 18:30:21'
}
{
  service: 'IncidenteModel',
  module: 'Movimientos/Incidente',
  movimientoId: 243,
  empresaId: 2,
  localidadId: 1,
  level: 'info',
  message: 'No se encontr� ronda para el movimiento',
  timestamp: '2025-06-22 18:30:34'
}
{
  service: 'IncidenteModel',
  module: 'Movimientos/Incidente',
  movimientoId: 217,
  empresaId: 5,
  localidadId: 1,
  level: 'info',
  message: 'No se encontr� ronda para el movimiento',
  timestamp: '2025-06-22 18:30:34'
}
{
  service: 'IncidenteModel',
  module: 'Movimientos/Incidente',
  movimientoId: 243,
  empresaId: 2,
  localidadId: 1,
  level: 'info',
  message: 'No se encontr� ronda para el movimiento',
  timestamp: '2025-06-22 18:36:21'
}
{
  service: 'IncidenteModel',
  module: 'Movimientos/Incidente',
  movimientoId: 217,
  empresaId: 5,
  localidadId: 1,
  level: 'info',
  message: 'No se encontr� ronda para el movimiento',
  timestamp: '2025-06-22 18:36:21'
}
{
  service: 'IncidenteModel',
  module: 'Movimientos/Incidente',
  movimientoId: 243,
  empresaId: 2,
  localidadId: 1,
  level: 'info',
  message: 'No se encontr� ronda para el movimiento',
  timestamp: '2025-06-22 18:36:23'
}
{
  service: 'IncidenteModel',
  module: 'Movimientos/Incidente',
  movimientoId: 217,
  empresaId: 5,
  localidadId: 1,
  level: 'info',
  message: 'No se encontr� ronda para el movimiento',
  timestamp: '2025-06-22 18:36:23'
}
{
  service: 'IncidenteModel',
  module: 'Movimientos/Incidente',
  movimientoId: 243,
  empresaId: 2,
  localidadId: 1,
  level: 'info',
  message: 'No se encontr� ronda para el movimiento',
  timestamp: '2025-06-22 18:46:06'
}
{
  service: 'IncidenteModel',
  module: 'Movimientos/Incidente',
  movimientoId: 217,
  empresaId: 5,
  localidadId: 1,
  level: 'info',
  message: 'No se encontr� ronda para el movimiento',
  timestamp: '2025-06-22 18:46:06'
}
{
  service: 'IncidenteModel',
  module: 'Movimientos/Incidente',
  movimientoId: 243,
  empresaId: 2,
  localidadId: 1,
  level: 'info',
  message: 'No se encontr� ronda para el movimiento',
  timestamp: '2025-06-22 18:46:41'
}
{
  service: 'IncidenteModel',
  module: 'Movimientos/Incidente',
  movimientoId: 217,
  empresaId: 5,
  localidadId: 1,
  level: 'info',
  message: 'No se encontr� ronda para el movimiento',
  timestamp: '2025-06-22 18:46:41'
}
{
  service: 'IncidenteModel',
  module: 'Movimientos/Incidente',
  movimientoId: 243,
  empresaId: 2,
  localidadId: 1,
  level: 'info',
  message: 'No se encontr� ronda para el movimiento',
  timestamp: '2025-06-22 18:47:28'
}
{
  service: 'IncidenteModel',
  module: 'Movimientos/Incidente',
  movimientoId: 217,
  empresaId: 5,
  localidadId: 1,
  level: 'info',
  message: 'No se encontr� ronda para el movimiento',
  timestamp: '2025-06-22 18:47:28'
}
{
  service: 'IncidenteModel',
  module: 'Movimientos/Incidente',
  movimientoId: 243,
  empresaId: 2,
  localidadId: 1,
  level: 'info',
  message: 'No se encontr� ronda para el movimiento',
  timestamp: '2025-06-22 18:58:46'
}
{
  service: 'IncidenteModel',
  module: 'Movimientos/Incidente',
  movimientoId: 217,
  empresaId: 5,
  localidadId: 1,
  level: 'info',
  message: 'No se encontr� ronda para el movimiento',
  timestamp: '2025-06-22 18:58:46'
}
{
  service: 'IncidenteModel',
  module: 'Movimientos/Incidente',
  movimientoId: 243,
  empresaId: 2,
  localidadId: 1,
  level: 'info',
  message: 'No se encontr� ronda para el movimiento',
  timestamp: '2025-06-22 18:59:46'
}
{
  service: 'IncidenteModel',
  module: 'Movimientos/Incidente',
  movimientoId: 217,
  empresaId: 5,
  localidadId: 1,
  level: 'info',
  message: 'No se encontr� ronda para el movimiento',
  timestamp: '2025-06-22 18:59:46'
}
{
  service: 'IncidenteModel',
  module: 'Movimientos/Incidente',
  movimientoId: 243,
  empresaId: 2,
  localidadId: 1,
  level: 'info',
  message: 'No se encontr� ronda para el movimiento',
  timestamp: '2025-06-22 18:59:49'
}
{
  service: 'IncidenteModel',
  module: 'Movimientos/Incidente',
  movimientoId: 217,
  empresaId: 5,
  localidadId: 1,
  level: 'info',
  message: 'No se encontr� ronda para el movimiento',
  timestamp: '2025-06-22 18:59:49'
}
{
  service: 'IncidenteModel',
  module: 'Movimientos/Incidente',
  movimientoId: 243,
  empresaId: 2,
  localidadId: 1,
  level: 'info',
  message: 'No se encontr� ronda para el movimiento',
  timestamp: '2025-06-22 18:59:55'
}
{
  service: 'IncidenteModel',
  module: 'Movimientos/Incidente',
  movimientoId: 217,
  empresaId: 5,
  localidadId: 1,
  level: 'info',
  message: 'No se encontr� ronda para el movimiento',
  timestamp: '2025-06-22 18:59:55'
}
{
  service: 'IncidenteModel',
  module: 'Movimientos/Incidente',
  movimientoId: 243,
  empresaId: 2,
  localidadId: 1,
  level: 'info',
  message: 'No se encontr� ronda para el movimiento',
  timestamp: '2025-06-22 18:59:57'
}
{
  service: 'IncidenteModel',
  module: 'Movimientos/Incidente',
  movimientoId: 217,
  empresaId: 5,
  localidadId: 1,
  level: 'info',
  message: 'No se encontr� ronda para el movimiento',
  timestamp: '2025-06-22 18:59:57'
}
{
  service: 'IncidenteModel',
  module: 'Movimientos/Incidente',
  movimientoId: 243,
  empresaId: 2,
  localidadId: 1,
  level: 'info',
  message: 'No se encontr� ronda para el movimiento',
  timestamp: '2025-06-22 19:01:08'
}
{
  service: 'IncidenteModel',
  module: 'Movimientos/Incidente',
  movimientoId: 217,
  empresaId: 5,
  localidadId: 1,
  level: 'info',
  message: 'No se encontr� ronda para el movimiento',
  timestamp: '2025-06-22 19:01:08'
}
{
  service: 'IncidenteModel',
  module: 'Movimientos/Incidente',
  movimientoId: 243,
  empresaId: 2,
  localidadId: 1,
  level: 'info',
  message: 'No se encontr� ronda para el movimiento',
  timestamp: '2025-06-22 19:01:15'
}
{
  service: 'IncidenteModel',
  module: 'Movimientos/Incidente',
  movimientoId: 217,
  empresaId: 5,
  localidadId: 1,
  level: 'info',
  message: 'No se encontr� ronda para el movimiento',
  timestamp: '2025-06-22 19:01:15'
}
{
  service: 'IncidenteModel',
  module: 'Movimientos/Incidente',
  movimientoId: 243,
  empresaId: 2,
  localidadId: 1,
  level: 'info',
  message: 'No se encontr� ronda para el movimiento',
  timestamp: '2025-06-22 19:02:06'
}
{
  service: 'IncidenteModel',
  module: 'Movimientos/Incidente',
  movimientoId: 217,
  empresaId: 5,
  localidadId: 1,
  level: 'info',
  message: 'No se encontr� ronda para el movimiento',
  timestamp: '2025-06-22 19:02:06'
}
{
  service: 'IncidenteModel',
  module: 'Movimientos/Incidente',
  movimientoId: 243,
  empresaId: 2,
  localidadId: 1,
  level: 'info',
  message: 'No se encontr� ronda para el movimiento',
  timestamp: '2025-06-22 19:04:33'
}
{
  service: 'IncidenteModel',
  module: 'Movimientos/Incidente',
  movimientoId: 217,
  empresaId: 5,
  localidadId: 1,
  level: 'info',
  message: 'No se encontr� ronda para el movimiento',
  timestamp: '2025-06-22 19:04:33'
}
{
  service: 'IncidenteModel',
  module: 'Movimientos/Incidente',
  movimientoId: 243,
  empresaId: 2,
  localidadId: 1,
  level: 'info',
  message: 'No se encontr� ronda para el movimiento',
  timestamp: '2025-06-22 19:08:17'
}
{
  service: 'IncidenteModel',
  module: 'Movimientos/Incidente',
  movimientoId: 217,
  empresaId: 5,
  localidadId: 1,
  level: 'info',
  message: 'No se encontr� ronda para el movimiento',
  timestamp: '2025-06-22 19:08:17'
}
{
  service: 'IncidenteModel',
  module: 'Movimientos/Incidente',
  movimientoId: 243,
  empresaId: 2,
  localidadId: 1,
  level: 'info',
  message: 'No se encontr� ronda para el movimiento',
  timestamp: '2025-06-22 19:08:19'
}
{
  service: 'IncidenteModel',
  module: 'Movimientos/Incidente',
  movimientoId: 217,
  empresaId: 5,
  localidadId: 1,
  level: 'info',
  message: 'No se encontr� ronda para el movimiento',
  timestamp: '2025-06-22 19:08:19'
}
{
  service: 'IncidenteModel',
  module: 'Movimientos/Incidente',
  movimientoId: 243,
  empresaId: 2,
  localidadId: 1,
  level: 'info',
  message: 'No se encontr� ronda para el movimiento',
  timestamp: '2025-06-22 19:16:09'
}
{
  service: 'IncidenteModel',
  module: 'Movimientos/Incidente',
  movimientoId: 217,
  empresaId: 5,
  localidadId: 1,
  level: 'info',
  message: 'No se encontr� ronda para el movimiento',
  timestamp: '2025-06-22 19:16:09'
}
{
  service: 'IncidenteModel',
  module: 'Movimientos/Incidente',
  movimientoId: 243,
  empresaId: 2,
  localidadId: 1,
  level: 'info',
  message: 'No se encontr� ronda para el movimiento',
  timestamp: '2025-06-22 19:16:12'
}
{
  service: 'IncidenteModel',
  module: 'Movimientos/Incidente',
  movimientoId: 217,
  empresaId: 5,
  localidadId: 1,
  level: 'info',
  message: 'No se encontr� ronda para el movimiento',
  timestamp: '2025-06-22 19:16:12'
}
{
  service: 'IncidenteModel',
  module: 'Movimientos/Incidente',
  movimientoId: 243,
  empresaId: 2,
  localidadId: 1,
  level: 'info',
  message: 'No se encontr� ronda para el movimiento',
  timestamp: '2025-06-22 19:18:00'
}
{
  service: 'IncidenteModel',
  module: 'Movimientos/Incidente',
  movimientoId: 217,
  empresaId: 5,
  localidadId: 1,
  level: 'info',
  message: 'No se encontr� ronda para el movimiento',
  timestamp: '2025-06-22 19:18:00'
}
{
  service: 'IncidenteModel',
  module: 'Movimientos/Incidente',
  movimientoId: 243,
  empresaId: 2,
  localidadId: 1,
  level: 'info',
  message: 'No se encontr� ronda para el movimiento',
  timestamp: '2025-06-22 19:18:02'
}
{
  service: 'IncidenteModel',
  module: 'Movimientos/Incidente',
  movimientoId: 217,
  empresaId: 5,
  localidadId: 1,
  level: 'info',
  message: 'No se encontr� ronda para el movimiento',
  timestamp: '2025-06-22 19:18:02'
}
{
  service: 'IncidenteModel',
  module: 'Movimientos/Incidente',
  movimientoId: 243,
  empresaId: 2,
  localidadId: 1,
  level: 'info',
  message: 'No se encontr� ronda para el movimiento',
  timestamp: '2025-06-22 19:23:03'
}
{
  service: 'IncidenteModel',
  module: 'Movimientos/Incidente',
  movimientoId: 217,
  empresaId: 5,
  localidadId: 1,
  level: 'info',
  message: 'No se encontr� ronda para el movimiento',
  timestamp: '2025-06-22 19:23:03'
}
{
  service: 'IncidenteModel',
  module: 'Movimientos/Incidente',
  movimientoId: 243,
  empresaId: 2,
  localidadId: 1,
  level: 'info',
  message: 'No se encontr� ronda para el movimiento',
  timestamp: '2025-06-22 19:23:05'
}
{
  service: 'IncidenteModel',
  module: 'Movimientos/Incidente',
  movimientoId: 217,
  empresaId: 5,
  localidadId: 1,
  level: 'info',
  message: 'No se encontr� ronda para el movimiento',
  timestamp: '2025-06-22 19:23:05'
}
{
  service: 'IncidenteModel',
  module: 'Movimientos/Incidente',
  movimientoId: 243,
  empresaId: 2,
  localidadId: 1,
  level: 'info',
  message: 'No se encontr� ronda para el movimiento',
  timestamp: '2025-06-22 19:27:08'
}
{
  service: 'IncidenteModel',
  module: 'Movimientos/Incidente',
  movimientoId: 217,
  empresaId: 5,
  localidadId: 1,
  level: 'info',
  message: 'No se encontr� ronda para el movimiento',
  timestamp: '2025-06-22 19:27:08'
}
{
  service: 'IncidenteModel',
  module: 'Movimientos/Incidente',
  movimientoId: 243,
  empresaId: 2,
  localidadId: 1,
  level: 'info',
  message: 'No se encontr� ronda para el movimiento',
  timestamp: '2025-06-22 19:27:11'
}
{
  service: 'IncidenteModel',
  module: 'Movimientos/Incidente',
  movimientoId: 217,
  empresaId: 5,
  localidadId: 1,
  level: 'info',
  message: 'No se encontr� ronda para el movimiento',
  timestamp: '2025-06-22 19:27:11'
}
{
  service: 'IncidenteModel',
  module: 'Movimientos/Incidente',
  movimientoId: 243,
  empresaId: 2,
  localidadId: 1,
  level: 'info',
  message: 'No se encontr� ronda para el movimiento',
  timestamp: '2025-06-22 19:28:19'
}
{
  service: 'IncidenteModel',
  module: 'Movimientos/Incidente',
  movimientoId: 217,
  empresaId: 5,
  localidadId: 1,
  level: 'info',
  message: 'No se encontr� ronda para el movimiento',
  timestamp: '2025-06-22 19:28:19'
}
{
  service: 'IncidenteModel',
  module: 'Movimientos/Incidente',
  movimientoId: 243,
  empresaId: 2,
  localidadId: 1,
  level: 'info',
  message: 'No se encontr� ronda para el movimiento',
  timestamp: '2025-06-22 19:28:22'
}
{
  service: 'IncidenteModel',
  module: 'Movimientos/Incidente',
  movimientoId: 217,
  empresaId: 5,
  localidadId: 1,
  level: 'info',
  message: 'No se encontr� ronda para el movimiento',
  timestamp: '2025-06-22 19:28:22'
}
{
  service: 'IncidenteModel',
  module: 'Movimientos/Incidente',
  movimientoId: 243,
  empresaId: 2,
  localidadId: 1,
  level: 'info',
  message: 'No se encontr� ronda para el movimiento',
  timestamp: '2025-06-22 19:54:09'
}
{
  service: 'IncidenteModel',
  module: 'Movimientos/Incidente',
  movimientoId: 217,
  empresaId: 5,
  localidadId: 1,
  level: 'info',
  message: 'No se encontr� ronda para el movimiento',
  timestamp: '2025-06-22 19:54:09'
}
{
  service: 'IncidenteModel',
  module: 'Movimientos/Incidente',
  movimientoId: 243,
  empresaId: 2,
  localidadId: 1,
  level: 'info',
  message: 'No se encontr� ronda para el movimiento',
  timestamp: '2025-06-22 20:50:16'
}
{
  service: 'IncidenteModel',
  module: 'Movimientos/Incidente',
  movimientoId: 217,
  empresaId: 5,
  localidadId: 1,
  level: 'info',
  message: 'No se encontr� ronda para el movimiento',
  timestamp: '2025-06-22 20:50:16'
}
{
  service: 'IncidenteModel',
  module: 'Movimientos/Incidente',
  movimientoId: 243,
  empresaId: 2,
  localidadId: 1,
  level: 'info',
  message: 'No se encontr� ronda para el movimiento',
  timestamp: '2025-06-23 14:16:46'
}
{
  service: 'IncidenteModel',
  module: 'Movimientos/Incidente',
  movimientoId: 217,
  empresaId: 5,
  localidadId: 1,
  level: 'info',
  message: 'No se encontr� ronda para el movimiento',
  timestamp: '2025-06-23 14:16:47'
}
{
  service: 'IncidenteModel',
  module: 'Movimientos/Incidente',
  movimientoId: 243,
  empresaId: 2,
  localidadId: 1,
  level: 'info',
  message: 'No se encontr� ronda para el movimiento',
  timestamp: '2025-06-23 14:51:57'
}
{
  service: 'IncidenteModel',
  module: 'Movimientos/Incidente',
  movimientoId: 217,
  empresaId: 5,
  localidadId: 1,
  level: 'info',
  message: 'No se encontr� ronda para el movimiento',
  timestamp: '2025-06-23 14:51:57'
}
{
  service: 'IncidenteModel',
  module: 'Movimientos/Incidente',
  movimientoId: 243,
  empresaId: 2,
  localidadId: 1,
  level: 'info',
  message: 'No se encontr� ronda para el movimiento',
  timestamp: '2025-06-23 14:56:36'
}
{
  service: 'IncidenteModel',
  module: 'Movimientos/Incidente',
  movimientoId: 217,
  empresaId: 5,
  localidadId: 1,
  level: 'info',
  message: 'No se encontr� ronda para el movimiento',
  timestamp: '2025-06-23 14:56:36'
}
{
  service: 'IncidenteModel',
  module: 'Movimientos/Incidente',
  movimientoId: 243,
  empresaId: 2,
  localidadId: 1,
  level: 'info',
  message: 'No se encontr� ronda para el movimiento',
  timestamp: '2025-06-23 15:09:46'
}
{
  service: 'IncidenteModel',
  module: 'Movimientos/Incidente',
  movimientoId: 217,
  empresaId: 5,
  localidadId: 1,
  level: 'info',
  message: 'No se encontr� ronda para el movimiento',
  timestamp: '2025-06-23 15:09:46'
}
{
  service: 'IncidenteModel',
  module: 'Movimientos/Incidente',
  movimientoId: 243,
  empresaId: 2,
  localidadId: 1,
  level: 'info',
  message: 'No se encontr� ronda para el movimiento',
  timestamp: '2025-06-23 15:10:57'
}
{
  service: 'IncidenteModel',
  module: 'Movimientos/Incidente',
  movimientoId: 217,
  empresaId: 5,
  localidadId: 1,
  level: 'info',
  message: 'No se encontr� ronda para el movimiento',
  timestamp: '2025-06-23 15:10:57'
}
{
  service: 'IncidenteModel',
  module: 'Movimientos/Incidente',
  movimientoId: 243,
  empresaId: 2,
  localidadId: 1,
  level: 'info',
  message: 'No se encontr� ronda para el movimiento',
  timestamp: '2025-06-23 15:16:38'
}
{
  service: 'IncidenteModel',
  module: 'Movimientos/Incidente',
  movimientoId: 217,
  empresaId: 5,
  localidadId: 1,
  level: 'info',
  message: 'No se encontr� ronda para el movimiento',
  timestamp: '2025-06-23 15:16:38'
}
{
  service: 'IncidenteModel',
  module: 'Movimientos/Incidente',
  movimientoId: 243,
  empresaId: 2,
  localidadId: 1,
  level: 'info',
  message: 'No se encontr� ronda para el movimiento',
  timestamp: '2025-06-23 15:32:39'
}
{
  service: 'IncidenteModel',
  module: 'Movimientos/Incidente',
  movimientoId: 217,
  empresaId: 5,
  localidadId: 1,
  level: 'info',
  message: 'No se encontr� ronda para el movimiento',
  timestamp: '2025-06-23 15:32:39'
}
{
  service: 'IncidenteModel',
  module: 'Movimientos/Incidente',
  movimientoId: 243,
  empresaId: 2,
  localidadId: 1,
  level: 'info',
  message: 'No se encontr� ronda para el movimiento',
  timestamp: '2025-06-23 15:35:27'
}
{
  service: 'IncidenteModel',
  module: 'Movimientos/Incidente',
  movimientoId: 217,
  empresaId: 5,
  localidadId: 1,
  level: 'info',
  message: 'No se encontr� ronda para el movimiento',
  timestamp: '2025-06-23 15:35:27'
}
{
  service: 'IncidenteModel',
  module: 'Movimientos/Incidente',
  movimientoId: 243,
  empresaId: 2,
  localidadId: 1,
  level: 'info',
  message: 'No se encontr� ronda para el movimiento',
  timestamp: '2025-06-23 15:42:19'
}
{
  service: 'IncidenteModel',
  module: 'Movimientos/Incidente',
  movimientoId: 217,
  empresaId: 5,
  localidadId: 1,
  level: 'info',
  message: 'No se encontr� ronda para el movimiento',
  timestamp: '2025-06-23 15:42:19'
}
{
  service: 'IncidenteModel',
  module: 'Movimientos/Incidente',
  incidenteId: 116,
  cantidad: 1,
  carpeta: '/var/www/Cosaif/uploads/incidentes/2025/06/23',
  level: 'info',
  message: 'Imagenes procesadas y guardadas',
  timestamp: '2025-06-23 15:42:50'
}
{
  service: 'IncidenteModel',
  module: 'Movimientos/Incidente',
  movimientoId: 209,
  empresaId: 2,
  rondaOriginal: 1,
  localidadId: 1,
  prioridad: 'BAJA',
  level: 'info',
  message: 'Iniciando reorganizaci�n por incidente',
  timestamp: '2025-06-23 15:42:50'
}
{
  service: 'IncidenteModel',
  module: 'Movimientos/Incidente',
  movimientoId: 209,
  rondaNumero: 1,
  posicionOriginal: 1,
  posicionFinal: 1,
  level: 'info',
  message: 'Movimiento movido al final de la ronda',
  timestamp: '2025-06-23 15:42:50'
}
{
  service: 'IncidenteModel',
  module: 'Movimientos/Incidente',
  incidenteId: 116,
  movimientoId: 209,
  empresaId: 2,
  localidadId: 1,
  imagenesGuardadas: 1,
  level: 'info',
  message: 'Incidente creado y procesado',
  timestamp: '2025-06-23 15:42:51'
}
{
  service: 'IncidenteModel',
  module: 'Movimientos/Incidente',
  movimientoId: 243,
  empresaId: 2,
  localidadId: 1,
  level: 'info',
  message: 'No se encontr� ronda para el movimiento',
  timestamp: '2025-06-23 15:44:05'
}
{
  service: 'IncidenteModel',
  module: 'Movimientos/Incidente',
  movimientoId: 209,
  empresaId: 2,
  rondaOriginal: 1,
  localidadId: 1,
  prioridad: 'BAJA',
  level: 'info',
  message: 'Iniciando reorganizaci�n por incidente',
  timestamp: '2025-06-23 15:44:05'
}
{
  service: 'IncidenteModel',
  module: 'Movimientos/Incidente',
  movimientoId: 209,
  rondaNumero: 1,
  posicionOriginal: 1,
  posicionFinal: 1,
  level: 'info',
  message: 'Movimiento movido al final de la ronda',
  timestamp: '2025-06-23 15:44:05'
}
{
  service: 'IncidenteModel',
  module: 'Movimientos/Incidente',
  movimientoId: 217,
  empresaId: 5,
  localidadId: 1,
  level: 'info',
  message: 'No se encontr� ronda para el movimiento',
  timestamp: '2025-06-23 15:44:05'
}
{
  service: 'IncidenteModel',
  module: 'Movimientos/Incidente',
  incidenteId: 117,
  cantidad: 1,
  carpeta: '/var/www/Cosaif/uploads/incidentes/2025/06/23',
  level: 'info',
  message: 'Imagenes procesadas y guardadas',
  timestamp: '2025-06-23 15:44:09'
}
{
  service: 'IncidenteModel',
  module: 'Movimientos/Incidente',
  movimientoId: 209,
  empresaId: 2,
  rondaOriginal: 1,
  localidadId: 1,
  prioridad: 'BAJA',
  level: 'info',
  message: 'Iniciando reorganizaci�n por incidente',
  timestamp: '2025-06-23 15:44:09'
}
{
  service: 'IncidenteModel',
  module: 'Movimientos/Incidente',
  movimientoId: 209,
  rondaNumero: 1,
  posicionOriginal: 1,
  posicionFinal: 1,
  level: 'info',
  message: 'Movimiento movido al final de la ronda',
  timestamp: '2025-06-23 15:44:09'
}
{
  service: 'IncidenteModel',
  module: 'Movimientos/Incidente',
  incidenteId: 117,
  movimientoId: 209,
  empresaId: 2,
  localidadId: 1,
  imagenesGuardadas: 1,
  level: 'info',
  message: 'Incidente creado y procesado',
  timestamp: '2025-06-23 15:44:09'
}
{
  service: 'IncidenteModel',
  module: 'Movimientos/Incidente',
  incidenteId: 118,
  cantidad: 1,
  carpeta: '/var/www/Cosaif/uploads/incidentes/2025/06/23',
  level: 'info',
  message: 'Imagenes procesadas y guardadas',
  timestamp: '2025-06-23 15:48:07'
}
{
  service: 'IncidenteModel',
  module: 'Movimientos/Incidente',
  movimientoId: 209,
  empresaId: 2,
  rondaOriginal: 1,
  localidadId: 1,
  prioridad: 'BAJA',
  level: 'info',
  message: 'Iniciando reorganizaci�n por incidente',
  timestamp: '2025-06-23 15:48:07'
}
{
  service: 'IncidenteModel',
  module: 'Movimientos/Incidente',
  movimientoId: 209,
  rondaNumero: 1,
  posicionOriginal: 1,
  posicionFinal: 1,
  level: 'info',
  message: 'Movimiento movido al final de la ronda',
  timestamp: '2025-06-23 15:48:07'
}
{
  service: 'IncidenteModel',
  module: 'Movimientos/Incidente',
  incidenteId: 118,
  movimientoId: 209,
  empresaId: 2,
  localidadId: 1,
  imagenesGuardadas: 1,
  level: 'info',
  message: 'Incidente creado y procesado',
  timestamp: '2025-06-23 15:48:08'
}
{
  service: 'IncidenteModel',
  module: 'Movimientos/Incidente',
  movimientoId: 243,
  empresaId: 2,
  localidadId: 1,
  level: 'info',
  message: 'No se encontr� ronda para el movimiento',
  timestamp: '2025-06-23 15:49:20'
}
{
  service: 'IncidenteModel',
  module: 'Movimientos/Incidente',
  movimientoId: 217,
  empresaId: 5,
  localidadId: 1,
  level: 'info',
  message: 'No se encontr� ronda para el movimiento',
  timestamp: '2025-06-23 15:49:20'
}
{
  service: 'IncidenteModel',
  module: 'Movimientos/Incidente',
  movimientoId: 209,
  empresaId: 2,
  rondaOriginal: 1,
  localidadId: 1,
  prioridad: 'BAJA',
  level: 'info',
  message: 'Iniciando reorganizaci�n por incidente',
  timestamp: '2025-06-23 15:49:20'
}
{
  service: 'IncidenteModel',
  module: 'Movimientos/Incidente',
  movimientoId: 209,
  rondaNumero: 1,
  posicionOriginal: 1,
  posicionFinal: 1,
  level: 'info',
  message: 'Movimiento movido al final de la ronda',
  timestamp: '2025-06-23 15:49:20'
}
{
  service: 'IncidenteModel',
  module: 'Movimientos/Incidente',
  movimientoId: 243,
  empresaId: 2,
  localidadId: 1,
  level: 'info',
  message: 'No se encontr� ronda para el movimiento',
  timestamp: '2025-06-23 15:49:21'
}
{
  service: 'IncidenteModel',
  module: 'Movimientos/Incidente',
  movimientoId: 217,
  empresaId: 5,
  localidadId: 1,
  level: 'info',
  message: 'No se encontr� ronda para el movimiento',
  timestamp: '2025-06-23 15:49:21'
}
{
  service: 'IncidenteModel',
  module: 'Movimientos/Incidente',
  movimientoId: 209,
  empresaId: 2,
  rondaOriginal: 1,
  localidadId: 1,
  prioridad: 'BAJA',
  level: 'info',
  message: 'Iniciando reorganizaci�n por incidente',
  timestamp: '2025-06-23 15:49:21'
}
{
  service: 'IncidenteModel',
  module: 'Movimientos/Incidente',
  movimientoId: 209,
  rondaNumero: 1,
  posicionOriginal: 1,
  posicionFinal: 1,
  level: 'info',
  message: 'Movimiento movido al final de la ronda',
  timestamp: '2025-06-23 15:49:21'
}
{
  service: 'IncidenteModel',
  module: 'Movimientos/Incidente',
  movimientoId: 243,
  empresaId: 2,
  localidadId: 1,
  level: 'info',
  message: 'No se encontr� ronda para el movimiento',
  timestamp: '2025-06-23 15:49:23'
}
{
  service: 'IncidenteModel',
  module: 'Movimientos/Incidente',
  movimientoId: 217,
  empresaId: 5,
  localidadId: 1,
  level: 'info',
  message: 'No se encontr� ronda para el movimiento',
  timestamp: '2025-06-23 15:49:23'
}
{
  service: 'IncidenteModel',
  module: 'Movimientos/Incidente',
  movimientoId: 209,
  empresaId: 2,
  rondaOriginal: 1,
  localidadId: 1,
  prioridad: 'BAJA',
  level: 'info',
  message: 'Iniciando reorganizaci�n por incidente',
  timestamp: '2025-06-23 15:49:23'
}
{
  service: 'IncidenteModel',
  module: 'Movimientos/Incidente',
  movimientoId: 209,
  rondaNumero: 1,
  posicionOriginal: 1,
  posicionFinal: 1,
  level: 'info',
  message: 'Movimiento movido al final de la ronda',
  timestamp: '2025-06-23 15:49:23'
}
{
  service: 'IncidenteModel',
  module: 'Movimientos/Incidente',
  movimientoId: 243,
  empresaId: 2,
  localidadId: 1,
  level: 'info',
  message: 'No se encontr� ronda para el movimiento',
  timestamp: '2025-06-23 15:49:24'
}
{
  service: 'IncidenteModel',
  module: 'Movimientos/Incidente',
  movimientoId: 217,
  empresaId: 5,
  localidadId: 1,
  level: 'info',
  message: 'No se encontr� ronda para el movimiento',
  timestamp: '2025-06-23 15:49:24'
}
{
  service: 'IncidenteModel',
  module: 'Movimientos/Incidente',
  movimientoId: 209,
  empresaId: 2,
  rondaOriginal: 1,
  localidadId: 1,
  prioridad: 'BAJA',
  level: 'info',
  message: 'Iniciando reorganizaci�n por incidente',
  timestamp: '2025-06-23 15:49:24'
}
{
  service: 'IncidenteModel',
  module: 'Movimientos/Incidente',
  movimientoId: 209,
  rondaNumero: 1,
  posicionOriginal: 1,
  posicionFinal: 1,
  level: 'info',
  message: 'Movimiento movido al final de la ronda',
  timestamp: '2025-06-23 15:49:24'
}
{
  service: 'IncidenteModel',
  module: 'Movimientos/Incidente',
  movimientoId: 243,
  empresaId: 2,
  localidadId: 1,
  level: 'info',
  message: 'No se encontr� ronda para el movimiento',
  timestamp: '2025-06-23 15:49:28'
}
{
  service: 'IncidenteModel',
  module: 'Movimientos/Incidente',
  movimientoId: 217,
  empresaId: 5,
  localidadId: 1,
  level: 'info',
  message: 'No se encontr� ronda para el movimiento',
  timestamp: '2025-06-23 15:49:28'
}
{
  service: 'IncidenteModel',
  module: 'Movimientos/Incidente',
  movimientoId: 209,
  empresaId: 2,
  rondaOriginal: 1,
  localidadId: 1,
  prioridad: 'BAJA',
  level: 'info',
  message: 'Iniciando reorganizaci�n por incidente',
  timestamp: '2025-06-23 15:49:28'
}
{
  service: 'IncidenteModel',
  module: 'Movimientos/Incidente',
  movimientoId: 209,
  rondaNumero: 1,
  posicionOriginal: 1,
  posicionFinal: 1,
  level: 'info',
  message: 'Movimiento movido al final de la ronda',
  timestamp: '2025-06-23 15:49:28'
}
{
  service: 'IncidenteModel',
  module: 'Movimientos/Incidente',
  movimientoId: 243,
  empresaId: 2,
  localidadId: 1,
  level: 'info',
  message: 'No se encontr� ronda para el movimiento',
  timestamp: '2025-06-23 15:49:37'
}
{
  service: 'IncidenteModel',
  module: 'Movimientos/Incidente',
  movimientoId: 217,
  empresaId: 5,
  localidadId: 1,
  level: 'info',
  message: 'No se encontr� ronda para el movimiento',
  timestamp: '2025-06-23 15:49:37'
}
{
  service: 'IncidenteModel',
  module: 'Movimientos/Incidente',
  movimientoId: 209,
  empresaId: 2,
  rondaOriginal: 1,
  localidadId: 1,
  prioridad: 'BAJA',
  level: 'info',
  message: 'Iniciando reorganizaci�n por incidente',
  timestamp: '2025-06-23 15:49:37'
}
{
  service: 'IncidenteModel',
  module: 'Movimientos/Incidente',
  movimientoId: 209,
  rondaNumero: 1,
  posicionOriginal: 1,
  posicionFinal: 1,
  level: 'info',
  message: 'Movimiento movido al final de la ronda',
  timestamp: '2025-06-23 15:49:37'
}
{
  service: 'IncidenteModel',
  module: 'Movimientos/Incidente',
  incidenteId: 119,
  cantidad: 1,
  carpeta: '/var/www/Cosaif/uploads/incidentes/2025/06/23',
  level: 'info',
  message: 'Imagenes procesadas y guardadas',
  timestamp: '2025-06-23 15:53:55'
}
{
  service: 'IncidenteModel',
  module: 'Movimientos/Incidente',
  movimientoId: 209,
  empresaId: 2,
  rondaOriginal: 1,
  localidadId: 1,
  prioridad: 'BAJA',
  level: 'info',
  message: 'Iniciando reorganizaci�n por incidente',
  timestamp: '2025-06-23 15:53:55'
}
{
  service: 'IncidenteModel',
  module: 'Movimientos/Incidente',
  movimientoId: 209,
  rondaNumero: 1,
  posicionOriginal: 1,
  posicionFinal: 1,
  level: 'info',
  message: 'Movimiento movido al final de la ronda',
  timestamp: '2025-06-23 15:53:55'
}
{
  service: 'IncidenteModel',
  module: 'Movimientos/Incidente',
  incidenteId: 119,
  movimientoId: 209,
  empresaId: 2,
  localidadId: 1,
  imagenesGuardadas: 1,
  level: 'info',
  message: 'Incidente creado y procesado',
  timestamp: '2025-06-23 15:53:55'
}
{
  service: 'IncidenteModel',
  module: 'Movimientos/Incidente',
  movimientoId: 243,
  empresaId: 2,
  localidadId: 1,
  level: 'info',
  message: 'No se encontr� ronda para el movimiento',
  timestamp: '2025-06-23 15:54:04'
}
{
  service: 'IncidenteModel',
  module: 'Movimientos/Incidente',
  movimientoId: 217,
  empresaId: 5,
  localidadId: 1,
  level: 'info',
  message: 'No se encontr� ronda para el movimiento',
  timestamp: '2025-06-23 15:54:04'
}
{
  service: 'IncidenteModel',
  module: 'Movimientos/Incidente',
  movimientoId: 209,
  empresaId: 2,
  rondaOriginal: 1,
  localidadId: 1,
  prioridad: 'BAJA',
  level: 'info',
  message: 'Iniciando reorganizaci�n por incidente',
  timestamp: '2025-06-23 15:54:04'
}
{
  service: 'IncidenteModel',
  module: 'Movimientos/Incidente',
  movimientoId: 209,
  rondaNumero: 1,
  posicionOriginal: 1,
  posicionFinal: 1,
  level: 'info',
  message: 'Movimiento movido al final de la ronda',
  timestamp: '2025-06-23 15:54:04'
}
{
  service: 'IncidenteModel',
  module: 'Movimientos/Incidente',
  incidenteId: 120,
  cantidad: 1,
  carpeta: '/var/www/Cosaif/uploads/incidentes/2025/06/23',
  level: 'info',
  message: 'Imagenes procesadas y guardadas',
  timestamp: '2025-06-23 15:54:10'
}
{
  service: 'IncidenteModel',
  module: 'Movimientos/Incidente',
  movimientoId: 209,
  empresaId: 2,
  rondaOriginal: 1,
  localidadId: 1,
  prioridad: 'BAJA',
  level: 'info',
  message: 'Iniciando reorganizaci�n por incidente',
  timestamp: '2025-06-23 15:54:10'
}
{
  service: 'IncidenteModel',
  module: 'Movimientos/Incidente',
  movimientoId: 209,
  rondaNumero: 1,
  posicionOriginal: 1,
  posicionFinal: 1,
  level: 'info',
  message: 'Movimiento movido al final de la ronda',
  timestamp: '2025-06-23 15:54:10'
}
{
  service: 'IncidenteModel',
  module: 'Movimientos/Incidente',
  incidenteId: 120,
  movimientoId: 209,
  empresaId: 2,
  localidadId: 1,
  imagenesGuardadas: 1,
  level: 'info',
  message: 'Incidente creado y procesado',
  timestamp: '2025-06-23 15:54:10'
}
{
  service: 'IncidenteModel',
  module: 'Movimientos/Incidente',
  movimientoId: 243,
  empresaId: 2,
  localidadId: 1,
  level: 'info',
  message: 'No se encontr� ronda para el movimiento',
  timestamp: '2025-06-23 15:58:26'
}
{
  service: 'IncidenteModel',
  module: 'Movimientos/Incidente',
  movimientoId: 217,
  empresaId: 5,
  localidadId: 1,
  level: 'info',
  message: 'No se encontr� ronda para el movimiento',
  timestamp: '2025-06-23 15:58:26'
}
{
  service: 'IncidenteModel',
  module: 'Movimientos/Incidente',
  movimientoId: 209,
  empresaId: 2,
  rondaOriginal: 1,
  localidadId: 1,
  prioridad: 'BAJA',
  level: 'info',
  message: 'Iniciando reorganizaci�n por incidente',
  timestamp: '2025-06-23 15:58:26'
}
{
  service: 'IncidenteModel',
  module: 'Movimientos/Incidente',
  movimientoId: 209,
  rondaNumero: 1,
  posicionOriginal: 1,
  posicionFinal: 1,
  level: 'info',
  message: 'Movimiento movido al final de la ronda',
  timestamp: '2025-06-23 15:58:26'
}
{
  service: 'IncidenteModel',
  module: 'Movimientos/Incidente',
  movimientoId: 243,
  empresaId: 2,
  localidadId: 1,
  level: 'info',
  message: 'No se encontr� ronda para el movimiento',
  timestamp: '2025-06-23 16:03:05'
}
{
  service: 'IncidenteModel',
  module: 'Movimientos/Incidente',
  movimientoId: 217,
  empresaId: 5,
  localidadId: 1,
  level: 'info',
  message: 'No se encontr� ronda para el movimiento',
  timestamp: '2025-06-23 16:03:05'
}
{
  service: 'IncidenteModel',
  module: 'Movimientos/Incidente',
  movimientoId: 209,
  empresaId: 2,
  rondaOriginal: 1,
  localidadId: 1,
  prioridad: 'BAJA',
  level: 'info',
  message: 'Iniciando reorganizaci�n por incidente',
  timestamp: '2025-06-23 16:03:05'
}
{
  service: 'IncidenteModel',
  module: 'Movimientos/Incidente',
  movimientoId: 209,
  rondaNumero: 1,
  posicionOriginal: 1,
  posicionFinal: 1,
  level: 'info',
  message: 'Movimiento movido al final de la ronda',
  timestamp: '2025-06-23 16:03:05'
}
{
  service: 'IncidenteModel',
  module: 'Movimientos/Incidente',
  incidenteId: 121,
  cantidad: 1,
  carpeta: '/var/www/Cosaif/uploads/incidentes/2025/06/23',
  level: 'info',
  message: 'Imagenes procesadas y guardadas',
  timestamp: '2025-06-23 16:09:08'
}
{
  service: 'IncidenteModel',
  module: 'Movimientos/Incidente',
  movimientoId: 209,
  empresaId: 2,
  rondaOriginal: 1,
  localidadId: 1,
  prioridad: 'BAJA',
  level: 'info',
  message: 'Iniciando reorganizaci�n por incidente',
  timestamp: '2025-06-23 16:09:08'
}
{
  service: 'IncidenteModel',
  module: 'Movimientos/Incidente',
  movimientoId: 209,
  rondaNumero: 1,
  posicionOriginal: 1,
  posicionFinal: 1,
  level: 'info',
  message: 'Movimiento movido al final de la ronda',
  timestamp: '2025-06-23 16:09:08'
}
{
  service: 'IncidenteModel',
  module: 'Movimientos/Incidente',
  incidenteId: 121,
  movimientoId: 209,
  empresaId: 2,
  localidadId: 1,
  imagenesGuardadas: 1,
  level: 'info',
  message: 'Incidente creado y procesado',
  timestamp: '2025-06-23 16:09:09'
}
{
  service: 'IncidenteModel',
  module: 'Movimientos/Incidente',
  movimientoId: 243,
  empresaId: 2,
  localidadId: 1,
  level: 'info',
  message: 'No se encontr� ronda para el movimiento',
  timestamp: '2025-06-23 16:10:45'
}
{
  service: 'IncidenteModel',
  module: 'Movimientos/Incidente',
  movimientoId: 217,
  empresaId: 5,
  localidadId: 1,
  level: 'info',
  message: 'No se encontr� ronda para el movimiento',
  timestamp: '2025-06-23 16:10:45'
}
{
  service: 'IncidenteModel',
  module: 'Movimientos/Incidente',
  movimientoId: 209,
  empresaId: 2,
  rondaOriginal: 1,
  localidadId: 1,
  prioridad: 'BAJA',
  level: 'info',
  message: 'Iniciando reorganizaci�n por incidente',
  timestamp: '2025-06-23 16:10:45'
}
{
  service: 'IncidenteModel',
  module: 'Movimientos/Incidente',
  movimientoId: 209,
  rondaNumero: 1,
  posicionOriginal: 1,
  posicionFinal: 1,
  level: 'info',
  message: 'Movimiento movido al final de la ronda',
  timestamp: '2025-06-23 16:10:45'
}
{
  service: 'IncidenteModel',
  module: 'Movimientos/Incidente',
  incidenteId: 122,
  cantidad: 4,
  carpeta: '/var/www/Cosaif/uploads/incidentes/2025/06/23',
  level: 'info',
  message: 'Imagenes procesadas y guardadas',
  timestamp: '2025-06-23 16:11:20'
}
{
  service: 'IncidenteModel',
  module: 'Movimientos/Incidente',
  movimientoId: 209,
  empresaId: 2,
  rondaOriginal: 1,
  localidadId: 1,
  prioridad: 'BAJA',
  level: 'info',
  message: 'Iniciando reorganizaci�n por incidente',
  timestamp: '2025-06-23 16:11:20'
}
{
  service: 'IncidenteModel',
  module: 'Movimientos/Incidente',
  movimientoId: 209,
  rondaNumero: 1,
  posicionOriginal: 1,
  posicionFinal: 1,
  level: 'info',
  message: 'Movimiento movido al final de la ronda',
  timestamp: '2025-06-23 16:11:20'
}
{
  service: 'IncidenteModel',
  module: 'Movimientos/Incidente',
  incidenteId: 122,
  movimientoId: 209,
  empresaId: 2,
  localidadId: 1,
  imagenesGuardadas: 4,
  level: 'info',
  message: 'Incidente creado y procesado',
  timestamp: '2025-06-23 16:11:21'
}
{
  service: 'IncidenteModel',
  module: 'Movimientos/Incidente',
  movimientoId: 243,
  empresaId: 2,
  localidadId: 1,
  level: 'info',
  message: 'No se encontr� ronda para el movimiento',
  timestamp: '2025-06-23 16:12:32'
}
{
  service: 'IncidenteModel',
  module: 'Movimientos/Incidente',
  movimientoId: 217,
  empresaId: 5,
  localidadId: 1,
  level: 'info',
  message: 'No se encontr� ronda para el movimiento',
  timestamp: '2025-06-23 16:12:32'
}
{
  service: 'IncidenteModel',
  module: 'Movimientos/Incidente',
  movimientoId: 209,
  empresaId: 2,
  rondaOriginal: 1,
  localidadId: 1,
  prioridad: 'BAJA',
  level: 'info',
  message: 'Iniciando reorganizaci�n por incidente',
  timestamp: '2025-06-23 16:12:32'
}
{
  service: 'IncidenteModel',
  module: 'Movimientos/Incidente',
  movimientoId: 209,
  rondaNumero: 1,
  posicionOriginal: 1,
  posicionFinal: 1,
  level: 'info',
  message: 'Movimiento movido al final de la ronda',
  timestamp: '2025-06-23 16:12:32'
}
{
  service: 'IncidenteModel',
  module: 'Movimientos/Incidente',
  movimientoId: 243,
  empresaId: 2,
  localidadId: 1,
  level: 'info',
  message: 'No se encontr� ronda para el movimiento',
  timestamp: '2025-06-23 18:01:20'
}
{
  service: 'IncidenteModel',
  module: 'Movimientos/Incidente',
  movimientoId: 217,
  empresaId: 5,
  localidadId: 1,
  level: 'info',
  message: 'No se encontr� ronda para el movimiento',
  timestamp: '2025-06-23 18:01:20'
}
{
  service: 'IncidenteModel',
  module: 'Movimientos/Incidente',
  movimientoId: 209,
  empresaId: 2,
  rondaOriginal: 1,
  localidadId: 1,
  prioridad: 'BAJA',
  level: 'info',
  message: 'Iniciando reorganizaci�n por incidente',
  timestamp: '2025-06-23 18:01:20'
}
{
  service: 'IncidenteModel',
  module: 'Movimientos/Incidente',
  movimientoId: 209,
  rondaNumero: 1,
  posicionOriginal: 1,
  posicionFinal: 1,
  level: 'info',
  message: 'Movimiento movido al final de la ronda',
  timestamp: '2025-06-23 18:01:20'
}
{
  service: 'IncidenteModel',
  module: 'Movimientos/Incidente',
  incidenteId: 123,
  cantidad: 4,
  carpeta: '/var/www/Cosaif/uploads/incidentes/2025/06/23',
  level: 'info',
  message: 'Imagenes procesadas y guardadas',
  timestamp: '2025-06-23 18:03:27'
}
{
  service: 'IncidenteModel',
  module: 'Movimientos/Incidente',
  movimientoId: 209,
  empresaId: 2,
  rondaOriginal: 1,
  localidadId: 1,
  prioridad: 'BAJA',
  level: 'info',
  message: 'Iniciando reorganizaci�n por incidente',
  timestamp: '2025-06-23 18:03:27'
}
{
  service: 'IncidenteModel',
  module: 'Movimientos/Incidente',
  movimientoId: 209,
  rondaNumero: 1,
  posicionOriginal: 1,
  posicionFinal: 1,
  level: 'info',
  message: 'Movimiento movido al final de la ronda',
  timestamp: '2025-06-23 18:03:27'
}
{
  service: 'IncidenteModel',
  module: 'Movimientos/Incidente',
  incidenteId: 123,
  movimientoId: 209,
  empresaId: 2,
  localidadId: 1,
  imagenesGuardadas: 4,
  level: 'info',
  message: 'Incidente creado y procesado',
  timestamp: '2025-06-23 18:03:28'
}
{
  service: 'IncidenteModel',
  module: 'Movimientos/Incidente',
  movimientoId: 243,
  empresaId: 2,
  localidadId: 1,
  level: 'info',
  message: 'No se encontr� ronda para el movimiento',
  timestamp: '2025-06-23 18:11:02'
}
{
  service: 'IncidenteModel',
  module: 'Movimientos/Incidente',
  movimientoId: 217,
  empresaId: 5,
  localidadId: 1,
  level: 'info',
  message: 'No se encontr� ronda para el movimiento',
  timestamp: '2025-06-23 18:11:02'
}
{
  service: 'IncidenteModel',
  module: 'Movimientos/Incidente',
  movimientoId: 209,
  empresaId: 2,
  rondaOriginal: 1,
  localidadId: 1,
  prioridad: 'BAJA',
  level: 'info',
  message: 'Iniciando reorganizaci�n por incidente',
  timestamp: '2025-06-23 18:11:02'
}
{
  service: 'IncidenteModel',
  module: 'Movimientos/Incidente',
  movimientoId: 209,
  rondaNumero: 1,
  posicionOriginal: 1,
  posicionFinal: 1,
  level: 'info',
  message: 'Movimiento movido al final de la ronda',
  timestamp: '2025-06-23 18:11:02'
}
{
  service: 'IncidenteModel',
  module: 'Movimientos/Incidente',
  incidenteId: 124,
  cantidad: 4,
  carpeta: '/var/www/Cosaif/uploads/incidentes/2025/06/23',
  level: 'info',
  message: 'Imagenes procesadas y guardadas',
  timestamp: '2025-06-23 18:11:08'
}
{
  service: 'IncidenteModel',
  module: 'Movimientos/Incidente',
  movimientoId: 209,
  empresaId: 2,
  rondaOriginal: 1,
  localidadId: 1,
  prioridad: 'BAJA',
  level: 'info',
  message: 'Iniciando reorganizaci�n por incidente',
  timestamp: '2025-06-23 18:11:08'
}
{
  service: 'IncidenteModel',
  module: 'Movimientos/Incidente',
  movimientoId: 209,
  rondaNumero: 1,
  posicionOriginal: 1,
  posicionFinal: 1,
  level: 'info',
  message: 'Movimiento movido al final de la ronda',
  timestamp: '2025-06-23 18:11:08'
}
{
  service: 'IncidenteModel',
  module: 'Movimientos/Incidente',
  incidenteId: 124,
  movimientoId: 209,
  empresaId: 2,
  localidadId: 1,
  imagenesGuardadas: 4,
  level: 'info',
  message: 'Incidente creado y procesado',
  timestamp: '2025-06-23 18:11:09'
}
{
  service: 'IncidenteModel',
  module: 'Movimientos/Incidente',
  movimientoId: 243,
  empresaId: 2,
  localidadId: 1,
  level: 'info',
  message: 'No se encontr� ronda para el movimiento',
  timestamp: '2025-06-23 18:20:24'
}
{
  service: 'IncidenteModel',
  module: 'Movimientos/Incidente',
  movimientoId: 217,
  empresaId: 5,
  localidadId: 1,
  level: 'info',
  message: 'No se encontr� ronda para el movimiento',
  timestamp: '2025-06-23 18:20:24'
}
{
  service: 'IncidenteModel',
  module: 'Movimientos/Incidente',
  movimientoId: 209,
  empresaId: 2,
  rondaOriginal: 1,
  localidadId: 1,
  prioridad: 'BAJA',
  level: 'info',
  message: 'Iniciando reorganizaci�n por incidente',
  timestamp: '2025-06-23 18:20:24'
}
{
  service: 'IncidenteModel',
  module: 'Movimientos/Incidente',
  movimientoId: 209,
  rondaNumero: 1,
  posicionOriginal: 1,
  posicionFinal: 1,
  level: 'info',
  message: 'Movimiento movido al final de la ronda',
  timestamp: '2025-06-23 18:20:24'
}
{
  service: 'IncidenteModel',
  module: 'Movimientos/Incidente',
  incidenteId: 125,
  cantidad: 3,
  carpeta: '/var/www/Cosaif/uploads/incidentes/2025/06/23',
  level: 'info',
  message: 'Imagenes procesadas y guardadas',
  timestamp: '2025-06-23 18:22:31'
}
{
  service: 'IncidenteModel',
  module: 'Movimientos/Incidente',
  movimientoId: 209,
  empresaId: 2,
  rondaOriginal: 1,
  localidadId: 1,
  prioridad: 'BAJA',
  level: 'info',
  message: 'Iniciando reorganizaci�n por incidente',
  timestamp: '2025-06-23 18:22:31'
}
{
  service: 'IncidenteModel',
  module: 'Movimientos/Incidente',
  movimientoId: 209,
  rondaNumero: 1,
  posicionOriginal: 1,
  posicionFinal: 1,
  level: 'info',
  message: 'Movimiento movido al final de la ronda',
  timestamp: '2025-06-23 18:22:31'
}
{
  service: 'IncidenteModel',
  module: 'Movimientos/Incidente',
  incidenteId: 125,
  movimientoId: 209,
  empresaId: 2,
  localidadId: 1,
  imagenesGuardadas: 3,
  level: 'info',
  message: 'Incidente creado y procesado',
  timestamp: '2025-06-23 18:22:31'
}
{
  service: 'IncidenteModel',
  module: 'Movimientos/Incidente',
  movimientoId: 243,
  empresaId: 2,
  localidadId: 1,
  level: 'info',
  message: 'No se encontr� ronda para el movimiento',
  timestamp: '2025-06-23 18:23:38'
}
{
  service: 'IncidenteModel',
  module: 'Movimientos/Incidente',
  movimientoId: 217,
  empresaId: 5,
  localidadId: 1,
  level: 'info',
  message: 'No se encontr� ronda para el movimiento',
  timestamp: '2025-06-23 18:23:38'
}
{
  service: 'IncidenteModel',
  module: 'Movimientos/Incidente',
  movimientoId: 209,
  empresaId: 2,
  rondaOriginal: 1,
  localidadId: 1,
  prioridad: 'BAJA',
  level: 'info',
  message: 'Iniciando reorganizaci�n por incidente',
  timestamp: '2025-06-23 18:23:38'
}
{
  service: 'IncidenteModel',
  module: 'Movimientos/Incidente',
  movimientoId: 209,
  rondaNumero: 1,
  posicionOriginal: 1,
  posicionFinal: 1,
  level: 'info',
  message: 'Movimiento movido al final de la ronda',
  timestamp: '2025-06-23 18:23:38'
}
{
  service: 'IncidenteModel',
  module: 'Movimientos/Incidente',
  incidenteId: 126,
  cantidad: 3,
  carpeta: '/var/www/Cosaif/uploads/incidentes/2025/06/23',
  level: 'info',
  message: 'Imagenes procesadas y guardadas',
  timestamp: '2025-06-23 18:23:45'
}
{
  service: 'IncidenteModel',
  module: 'Movimientos/Incidente',
  movimientoId: 209,
  empresaId: 2,
  rondaOriginal: 1,
  localidadId: 1,
  prioridad: 'BAJA',
  level: 'info',
  message: 'Iniciando reorganizaci�n por incidente',
  timestamp: '2025-06-23 18:23:45'
}
{
  service: 'IncidenteModel',
  module: 'Movimientos/Incidente',
  movimientoId: 209,
  rondaNumero: 1,
  posicionOriginal: 1,
  posicionFinal: 1,
  level: 'info',
  message: 'Movimiento movido al final de la ronda',
  timestamp: '2025-06-23 18:23:45'
}
{
  service: 'IncidenteModel',
  module: 'Movimientos/Incidente',
  incidenteId: 126,
  movimientoId: 209,
  empresaId: 2,
  localidadId: 1,
  imagenesGuardadas: 3,
  level: 'info',
  message: 'Incidente creado y procesado',
  timestamp: '2025-06-23 18:23:45'
}
{
  service: 'IncidenteModel',
  module: 'Movimientos/Incidente',
  movimientoId: 243,
  empresaId: 2,
  localidadId: 1,
  level: 'info',
  message: 'No se encontr� ronda para el movimiento',
  timestamp: '2025-06-23 18:24:43'
}
{
  service: 'IncidenteModel',
  module: 'Movimientos/Incidente',
  movimientoId: 217,
  empresaId: 5,
  localidadId: 1,
  level: 'info',
  message: 'No se encontr� ronda para el movimiento',
  timestamp: '2025-06-23 18:24:43'
}
{
  service: 'IncidenteModel',
  module: 'Movimientos/Incidente',
  movimientoId: 209,
  empresaId: 2,
  rondaOriginal: 1,
  localidadId: 1,
  prioridad: 'BAJA',
  level: 'info',
  message: 'Iniciando reorganizaci�n por incidente',
  timestamp: '2025-06-23 18:24:43'
}
{
  service: 'IncidenteModel',
  module: 'Movimientos/Incidente',
  movimientoId: 209,
  rondaNumero: 1,
  posicionOriginal: 1,
  posicionFinal: 1,
  level: 'info',
  message: 'Movimiento movido al final de la ronda',
  timestamp: '2025-06-23 18:24:43'
}
{
  service: 'IncidenteModel',
  module: 'Movimientos/Incidente',
  incidenteId: 127,
  cantidad: 3,
  carpeta: '/var/www/Cosaif/uploads/incidentes/2025/06/23',
  level: 'info',
  message: 'Imagenes procesadas y guardadas',
  timestamp: '2025-06-23 18:47:42'
}
{
  service: 'IncidenteModel',
  module: 'Movimientos/Incidente',
  movimientoId: 209,
  empresaId: 2,
  rondaOriginal: 1,
  localidadId: 1,
  prioridad: 'BAJA',
  level: 'info',
  message: 'Iniciando reorganizaci�n por incidente',
  timestamp: '2025-06-23 18:47:42'
}
{
  service: 'IncidenteModel',
  module: 'Movimientos/Incidente',
  movimientoId: 209,
  rondaNumero: 1,
  posicionOriginal: 1,
  posicionFinal: 1,
  level: 'info',
  message: 'Movimiento movido al final de la ronda',
  timestamp: '2025-06-23 18:47:42'
}
{
  service: 'IncidenteModel',
  module: 'Movimientos/Incidente',
  incidenteId: 127,
  movimientoId: 209,
  empresaId: 2,
  localidadId: 1,
  imagenesGuardadas: 3,
  level: 'info',
  message: 'Incidente creado y procesado',
  timestamp: '2025-06-23 18:47:43'
}
{
  service: 'IncidenteModel',
  module: 'Movimientos/Incidente',
  movimientoId: 243,
  empresaId: 2,
  localidadId: 1,
  level: 'info',
  message: 'No se encontr� ronda para el movimiento',
  timestamp: '2025-06-23 18:48:31'
}
{
  service: 'IncidenteModel',
  module: 'Movimientos/Incidente',
  movimientoId: 217,
  empresaId: 5,
  localidadId: 1,
  level: 'info',
  message: 'No se encontr� ronda para el movimiento',
  timestamp: '2025-06-23 18:48:31'
}
{
  service: 'IncidenteModel',
  module: 'Movimientos/Incidente',
  movimientoId: 209,
  empresaId: 2,
  rondaOriginal: 1,
  localidadId: 1,
  prioridad: 'BAJA',
  level: 'info',
  message: 'Iniciando reorganizaci�n por incidente',
  timestamp: '2025-06-23 18:48:31'
}
{
  service: 'IncidenteModel',
  module: 'Movimientos/Incidente',
  movimientoId: 209,
  rondaNumero: 1,
  posicionOriginal: 1,
  posicionFinal: 1,
  level: 'info',
  message: 'Movimiento movido al final de la ronda',
  timestamp: '2025-06-23 18:48:31'
}
{
  service: 'IncidenteModel',
  module: 'Movimientos/Incidente',
  incidenteId: 128,
  cantidad: 3,
  carpeta: '/var/www/Cosaif/uploads/incidentes/2025/06/23',
  level: 'info',
  message: 'Imagenes procesadas y guardadas',
  timestamp: '2025-06-23 18:48:35'
}
{
  service: 'IncidenteModel',
  module: 'Movimientos/Incidente',
  movimientoId: 209,
  empresaId: 2,
  rondaOriginal: 1,
  localidadId: 1,
  prioridad: 'BAJA',
  level: 'info',
  message: 'Iniciando reorganizaci�n por incidente',
  timestamp: '2025-06-23 18:48:35'
}
{
  service: 'IncidenteModel',
  module: 'Movimientos/Incidente',
  movimientoId: 209,
  rondaNumero: 1,
  posicionOriginal: 1,
  posicionFinal: 1,
  level: 'info',
  message: 'Movimiento movido al final de la ronda',
  timestamp: '2025-06-23 18:48:35'
}
{
  service: 'IncidenteModel',
  module: 'Movimientos/Incidente',
  incidenteId: 128,
  movimientoId: 209,
  empresaId: 2,
  localidadId: 1,
  imagenesGuardadas: 3,
  level: 'info',
  message: 'Incidente creado y procesado',
  timestamp: '2025-06-23 18:48:36'
}
{
  service: 'IncidenteModel',
  module: 'Movimientos/Incidente',
  movimientoId: 243,
  empresaId: 2,
  localidadId: 1,
  level: 'info',
  message: 'No se encontr� ronda para el movimiento',
  timestamp: '2025-06-24 17:30:35'
}
{
  service: 'IncidenteModel',
  module: 'Movimientos/Incidente',
  movimientoId: 217,
  empresaId: 5,
  localidadId: 1,
  level: 'info',
  message: 'No se encontr� ronda para el movimiento',
  timestamp: '2025-06-24 17:30:35'
}
{
  service: 'IncidenteModel',
  module: 'Movimientos/Incidente',
  movimientoId: 209,
  empresaId: 2,
  rondaOriginal: 1,
  localidadId: 1,
  prioridad: 'BAJA',
  level: 'info',
  message: 'Iniciando reorganizaci�n por incidente',
  timestamp: '2025-06-24 17:30:35'
}
{
  service: 'IncidenteModel',
  module: 'Movimientos/Incidente',
  movimientoId: 209,
  rondaNumero: 1,
  posicionOriginal: 1,
  posicionFinal: 1,
  level: 'info',
  message: 'Movimiento movido al final de la ronda',
  timestamp: '2025-06-24 17:30:35'
}
{
  service: 'IncidenteModel',
  module: 'Movimientos/Incidente',
  movimientoId: 243,
  empresaId: 2,
  localidadId: 1,
  level: 'info',
  message: 'No se encontr� ronda para el movimiento',
  timestamp: '2025-06-24 17:30:37'
}
{
  service: 'IncidenteModel',
  module: 'Movimientos/Incidente',
  movimientoId: 217,
  empresaId: 5,
  localidadId: 1,
  level: 'info',
  message: 'No se encontr� ronda para el movimiento',
  timestamp: '2025-06-24 17:30:37'
}
{
  service: 'IncidenteModel',
  module: 'Movimientos/Incidente',
  movimientoId: 209,
  empresaId: 2,
  rondaOriginal: 1,
  localidadId: 1,
  prioridad: 'BAJA',
  level: 'info',
  message: 'Iniciando reorganizaci�n por incidente',
  timestamp: '2025-06-24 17:30:37'
}
{
  service: 'IncidenteModel',
  module: 'Movimientos/Incidente',
  movimientoId: 209,
  rondaNumero: 1,
  posicionOriginal: 1,
  posicionFinal: 1,
  level: 'info',
  message: 'Movimiento movido al final de la ronda',
  timestamp: '2025-06-24 17:30:37'
}
{
  service: 'IncidenteModel',
  module: 'Movimientos/Incidente',
  movimientoId: 243,
  empresaId: 2,
  localidadId: 1,
  level: 'info',
  message: 'No se encontr� ronda para el movimiento',
  timestamp: '2025-06-24 17:30:48'
}
{
  service: 'IncidenteModel',
  module: 'Movimientos/Incidente',
  movimientoId: 217,
  empresaId: 5,
  localidadId: 1,
  level: 'info',
  message: 'No se encontr� ronda para el movimiento',
  timestamp: '2025-06-24 17:30:48'
}
{
  service: 'IncidenteModel',
  module: 'Movimientos/Incidente',
  movimientoId: 209,
  empresaId: 2,
  rondaOriginal: 1,
  localidadId: 1,
  prioridad: 'BAJA',
  level: 'info',
  message: 'Iniciando reorganizaci�n por incidente',
  timestamp: '2025-06-24 17:30:48'
}
{
  service: 'IncidenteModel',
  module: 'Movimientos/Incidente',
  movimientoId: 209,
  rondaNumero: 1,
  posicionOriginal: 1,
  posicionFinal: 1,
  level: 'info',
  message: 'Movimiento movido al final de la ronda',
  timestamp: '2025-06-24 17:30:48'
}
{
  service: 'IncidenteModel',
  module: 'Movimientos/Incidente',
  movimientoId: 243,
  empresaId: 2,
  localidadId: 1,
  level: 'info',
  message: 'No se encontr� ronda para el movimiento',
  timestamp: '2025-06-24 18:01:49'
}
{
  service: 'IncidenteModel',
  module: 'Movimientos/Incidente',
  movimientoId: 217,
  empresaId: 5,
  localidadId: 1,
  level: 'info',
  message: 'No se encontr� ronda para el movimiento',
  timestamp: '2025-06-24 18:01:49'
}
{
  service: 'IncidenteModel',
  module: 'Movimientos/Incidente',
  movimientoId: 209,
  empresaId: 2,
  rondaOriginal: 1,
  localidadId: 1,
  prioridad: 'BAJA',
  level: 'info',
  message: 'Iniciando reorganizaci�n por incidente',
  timestamp: '2025-06-24 18:01:49'
}
{
  service: 'IncidenteModel',
  module: 'Movimientos/Incidente',
  movimientoId: 209,
  rondaNumero: 1,
  posicionOriginal: 1,
  posicionFinal: 1,
  level: 'info',
  message: 'Movimiento movido al final de la ronda',
  timestamp: '2025-06-24 18:01:49'
}
{
  service: 'IncidenteModel',
  module: 'Movimientos/Incidente',
  movimientoId: 243,
  empresaId: 2,
  localidadId: 1,
  level: 'info',
  message: 'No se encontr� ronda para el movimiento',
  timestamp: '2025-06-24 18:01:53'
}
{
  service: 'IncidenteModel',
  module: 'Movimientos/Incidente',
  movimientoId: 217,
  empresaId: 5,
  localidadId: 1,
  level: 'info',
  message: 'No se encontr� ronda para el movimiento',
  timestamp: '2025-06-24 18:01:53'
}
{
  service: 'IncidenteModel',
  module: 'Movimientos/Incidente',
  movimientoId: 209,
  empresaId: 2,
  rondaOriginal: 1,
  localidadId: 1,
  prioridad: 'BAJA',
  level: 'info',
  message: 'Iniciando reorganizaci�n por incidente',
  timestamp: '2025-06-24 18:01:53'
}
{
  service: 'IncidenteModel',
  module: 'Movimientos/Incidente',
  movimientoId: 209,
  rondaNumero: 1,
  posicionOriginal: 1,
  posicionFinal: 1,
  level: 'info',
  message: 'Movimiento movido al final de la ronda',
  timestamp: '2025-06-24 18:01:53'
}
{
  service: 'IncidenteModel',
  module: 'Movimientos/Incidente',
  movimientoId: 243,
  empresaId: 2,
  localidadId: 1,
  level: 'info',
  message: 'No se encontr� ronda para el movimiento',
  timestamp: '2025-06-24 18:18:56'
}
{
  service: 'IncidenteModel',
  module: 'Movimientos/Incidente',
  movimientoId: 217,
  empresaId: 5,
  localidadId: 1,
  level: 'info',
  message: 'No se encontr� ronda para el movimiento',
  timestamp: '2025-06-24 18:18:56'
}
{
  service: 'IncidenteModel',
  module: 'Movimientos/Incidente',
  movimientoId: 209,
  empresaId: 2,
  rondaOriginal: 1,
  localidadId: 1,
  prioridad: 'BAJA',
  level: 'info',
  message: 'Iniciando reorganizaci�n por incidente',
  timestamp: '2025-06-24 18:18:56'
}
{
  service: 'IncidenteModel',
  module: 'Movimientos/Incidente',
  movimientoId: 209,
  rondaNumero: 1,
  posicionOriginal: 1,
  posicionFinal: 1,
  level: 'info',
  message: 'Movimiento movido al final de la ronda',
  timestamp: '2025-06-24 18:18:56'
}
{
  service: 'IncidenteModel',
  module: 'Movimientos/Incidente',
  movimientoId: 243,
  empresaId: 2,
  localidadId: 1,
  level: 'info',
  message: 'No se encontr� ronda para el movimiento',
  timestamp: '2025-06-24 18:22:06'
}
{
  service: 'IncidenteModel',
  module: 'Movimientos/Incidente',
  movimientoId: 217,
  empresaId: 5,
  localidadId: 1,
  level: 'info',
  message: 'No se encontr� ronda para el movimiento',
  timestamp: '2025-06-24 18:22:06'
}
{
  service: 'IncidenteModel',
  module: 'Movimientos/Incidente',
  movimientoId: 209,
  empresaId: 2,
  rondaOriginal: 1,
  localidadId: 1,
  prioridad: 'BAJA',
  level: 'info',
  message: 'Iniciando reorganizaci�n por incidente',
  timestamp: '2025-06-24 18:22:06'
}
{
  service: 'IncidenteModel',
  module: 'Movimientos/Incidente',
  movimientoId: 209,
  rondaNumero: 1,
  posicionOriginal: 1,
  posicionFinal: 1,
  level: 'info',
  message: 'Movimiento movido al final de la ronda',
  timestamp: '2025-06-24 18:22:06'
}
{
  service: 'IncidenteModel',
  module: 'Movimientos/Incidente',
  movimientoId: 243,
  empresaId: 2,
  localidadId: 1,
  level: 'info',
  message: 'No se encontr� ronda para el movimiento',
  timestamp: '2025-06-24 18:22:09'
}
{
  service: 'IncidenteModel',
  module: 'Movimientos/Incidente',
  movimientoId: 217,
  empresaId: 5,
  localidadId: 1,
  level: 'info',
  message: 'No se encontr� ronda para el movimiento',
  timestamp: '2025-06-24 18:22:09'
}
{
  service: 'IncidenteModel',
  module: 'Movimientos/Incidente',
  movimientoId: 209,
  empresaId: 2,
  rondaOriginal: 1,
  localidadId: 1,
  prioridad: 'BAJA',
  level: 'info',
  message: 'Iniciando reorganizaci�n por incidente',
  timestamp: '2025-06-24 18:22:09'
}
{
  service: 'IncidenteModel',
  module: 'Movimientos/Incidente',
  movimientoId: 209,
  rondaNumero: 1,
  posicionOriginal: 1,
  posicionFinal: 1,
  level: 'info',
  message: 'Movimiento movido al final de la ronda',
  timestamp: '2025-06-24 18:22:09'
}
{
  service: 'IncidenteModel',
  module: 'Movimientos/Incidente',
  movimientoId: 243,
  empresaId: 2,
  localidadId: 1,
  level: 'info',
  message: 'No se encontr� ronda para el movimiento',
  timestamp: '2025-06-24 18:22:13'
}
{
  service: 'IncidenteModel',
  module: 'Movimientos/Incidente',
  movimientoId: 217,
  empresaId: 5,
  localidadId: 1,
  level: 'info',
  message: 'No se encontr� ronda para el movimiento',
  timestamp: '2025-06-24 18:22:13'
}
{
  service: 'IncidenteModel',
  module: 'Movimientos/Incidente',
  movimientoId: 209,
  empresaId: 2,
  rondaOriginal: 1,
  localidadId: 1,
  prioridad: 'BAJA',
  level: 'info',
  message: 'Iniciando reorganizaci�n por incidente',
  timestamp: '2025-06-24 18:22:13'
}
{
  service: 'IncidenteModel',
  module: 'Movimientos/Incidente',
  movimientoId: 209,
  rondaNumero: 1,
  posicionOriginal: 1,
  posicionFinal: 1,
  level: 'info',
  message: 'Movimiento movido al final de la ronda',
  timestamp: '2025-06-24 18:22:13'
}
{
  service: 'IncidenteModel',
  module: 'Movimientos/Incidente',
  movimientoId: 243,
  empresaId: 2,
  localidadId: 1,
  level: 'info',
  message: 'No se encontr� ronda para el movimiento',
  timestamp: '2025-06-24 18:43:41'
}
{
  service: 'IncidenteModel',
  module: 'Movimientos/Incidente',
  movimientoId: 217,
  empresaId: 5,
  localidadId: 1,
  level: 'info',
  message: 'No se encontr� ronda para el movimiento',
  timestamp: '2025-06-24 18:43:41'
}
{
  service: 'IncidenteModel',
  module: 'Movimientos/Incidente',
  movimientoId: 209,
  empresaId: 2,
  rondaOriginal: 1,
  localidadId: 1,
  prioridad: 'BAJA',
  level: 'info',
  message: 'Iniciando reorganizaci�n por incidente',
  timestamp: '2025-06-24 18:43:41'
}
{
  service: 'IncidenteModel',
  module: 'Movimientos/Incidente',
  movimientoId: 209,
  rondaNumero: 1,
  posicionOriginal: 1,
  posicionFinal: 1,
  level: 'info',
  message: 'Movimiento movido al final de la ronda',
  timestamp: '2025-06-24 18:43:41'
}
{
  service: 'IncidenteModel',
  module: 'Movimientos/Incidente',
  movimientoId: 243,
  empresaId: 2,
  localidadId: 1,
  level: 'info',
  message: 'No se encontr� ronda para el movimiento',
  timestamp: '2025-06-24 18:47:44'
}
{
  service: 'IncidenteModel',
  module: 'Movimientos/Incidente',
  movimientoId: 217,
  empresaId: 5,
  localidadId: 1,
  level: 'info',
  message: 'No se encontr� ronda para el movimiento',
  timestamp: '2025-06-24 18:47:44'
}
{
  service: 'IncidenteModel',
  module: 'Movimientos/Incidente',
  movimientoId: 209,
  empresaId: 2,
  rondaOriginal: 1,
  localidadId: 1,
  prioridad: 'BAJA',
  level: 'info',
  message: 'Iniciando reorganizaci�n por incidente',
  timestamp: '2025-06-24 18:47:44'
}
{
  service: 'IncidenteModel',
  module: 'Movimientos/Incidente',
  movimientoId: 209,
  rondaNumero: 1,
  posicionOriginal: 1,
  posicionFinal: 1,
  level: 'info',
  message: 'Movimiento movido al final de la ronda',
  timestamp: '2025-06-24 18:47:44'
}
{
  service: 'IncidenteModel',
  module: 'Movimientos/Incidente',
  movimientoId: 243,
  empresaId: 2,
  localidadId: 1,
  level: 'info',
  message: 'No se encontr� ronda para el movimiento',
  timestamp: '2025-06-24 18:47:46'
}
{
  service: 'IncidenteModel',
  module: 'Movimientos/Incidente',
  movimientoId: 217,
  empresaId: 5,
  localidadId: 1,
  level: 'info',
  message: 'No se encontr� ronda para el movimiento',
  timestamp: '2025-06-24 18:47:46'
}
{
  service: 'IncidenteModel',
  module: 'Movimientos/Incidente',
  movimientoId: 209,
  empresaId: 2,
  rondaOriginal: 1,
  localidadId: 1,
  prioridad: 'BAJA',
  level: 'info',
  message: 'Iniciando reorganizaci�n por incidente',
  timestamp: '2025-06-24 18:47:46'
}
{
  service: 'IncidenteModel',
  module: 'Movimientos/Incidente',
  movimientoId: 209,
  rondaNumero: 1,
  posicionOriginal: 1,
  posicionFinal: 1,
  level: 'info',
  message: 'Movimiento movido al final de la ronda',
  timestamp: '2025-06-24 18:47:46'
}
{
  service: 'IncidenteModel',
  module: 'Movimientos/Incidente',
  movimientoId: 243,
  empresaId: 2,
  localidadId: 1,
  level: 'info',
  message: 'No se encontr� ronda para el movimiento',
  timestamp: '2025-06-24 18:49:55'
}
{
  service: 'IncidenteModel',
  module: 'Movimientos/Incidente',
  movimientoId: 217,
  empresaId: 5,
  localidadId: 1,
  level: 'info',
  message: 'No se encontr� ronda para el movimiento',
  timestamp: '2025-06-24 18:49:55'
}
{
  service: 'IncidenteModel',
  module: 'Movimientos/Incidente',
  movimientoId: 209,
  empresaId: 2,
  rondaOriginal: 1,
  localidadId: 1,
  prioridad: 'BAJA',
  level: 'info',
  message: 'Iniciando reorganizaci�n por incidente',
  timestamp: '2025-06-24 18:49:55'
}
{
  service: 'IncidenteModel',
  module: 'Movimientos/Incidente',
  movimientoId: 209,
  rondaNumero: 1,
  posicionOriginal: 1,
  posicionFinal: 1,
  level: 'info',
  message: 'Movimiento movido al final de la ronda',
  timestamp: '2025-06-24 18:49:55'
}
{
  service: 'IncidenteModel',
  module: 'Movimientos/Incidente',
  movimientoId: 243,
  empresaId: 2,
  localidadId: 1,
  level: 'info',
  message: 'No se encontr� ronda para el movimiento',
  timestamp: '2025-06-24 18:49:59'
}
{
  service: 'IncidenteModel',
  module: 'Movimientos/Incidente',
  movimientoId: 217,
  empresaId: 5,
  localidadId: 1,
  level: 'info',
  message: 'No se encontr� ronda para el movimiento',
  timestamp: '2025-06-24 18:49:59'
}
{
  service: 'IncidenteModel',
  module: 'Movimientos/Incidente',
  movimientoId: 209,
  empresaId: 2,
  rondaOriginal: 1,
  localidadId: 1,
  prioridad: 'BAJA',
  level: 'info',
  message: 'Iniciando reorganizaci�n por incidente',
  timestamp: '2025-06-24 18:49:59'
}
{
  service: 'IncidenteModel',
  module: 'Movimientos/Incidente',
  movimientoId: 209,
  rondaNumero: 1,
  posicionOriginal: 1,
  posicionFinal: 1,
  level: 'info',
  message: 'Movimiento movido al final de la ronda',
  timestamp: '2025-06-24 18:49:59'
}
{
  service: 'IncidenteModel',
  module: 'Movimientos/Incidente',
  movimientoId: 243,
  empresaId: 2,
  localidadId: 1,
  level: 'info',
  message: 'No se encontr� ronda para el movimiento',
  timestamp: '2025-06-24 18:54:07'
}
{
  service: 'IncidenteModel',
  module: 'Movimientos/Incidente',
  movimientoId: 217,
  empresaId: 5,
  localidadId: 1,
  level: 'info',
  message: 'No se encontr� ronda para el movimiento',
  timestamp: '2025-06-24 18:54:07'
}
{
  service: 'IncidenteModel',
  module: 'Movimientos/Incidente',
  movimientoId: 209,
  empresaId: 2,
  rondaOriginal: 1,
  localidadId: 1,
  prioridad: 'BAJA',
  level: 'info',
  message: 'Iniciando reorganizaci�n por incidente',
  timestamp: '2025-06-24 18:54:07'
}
{
  service: 'IncidenteModel',
  module: 'Movimientos/Incidente',
  movimientoId: 209,
  rondaNumero: 1,
  posicionOriginal: 1,
  posicionFinal: 1,
  level: 'info',
  message: 'Movimiento movido al final de la ronda',
  timestamp: '2025-06-24 18:54:07'
}
{
  service: 'IncidenteModel',
  module: 'Movimientos/Incidente',
  movimientoId: 243,
  empresaId: 2,
  localidadId: 1,
  level: 'info',
  message: 'No se encontr� ronda para el movimiento',
  timestamp: '2025-06-24 18:54:11'
}
{
  service: 'IncidenteModel',
  module: 'Movimientos/Incidente',
  movimientoId: 217,
  empresaId: 5,
  localidadId: 1,
  level: 'info',
  message: 'No se encontr� ronda para el movimiento',
  timestamp: '2025-06-24 18:54:11'
}
{
  service: 'IncidenteModel',
  module: 'Movimientos/Incidente',
  movimientoId: 209,
  empresaId: 2,
  rondaOriginal: 1,
  localidadId: 1,
  prioridad: 'BAJA',
  level: 'info',
  message: 'Iniciando reorganizaci�n por incidente',
  timestamp: '2025-06-24 18:54:11'
}
{
  service: 'IncidenteModel',
  module: 'Movimientos/Incidente',
  movimientoId: 209,
  rondaNumero: 1,
  posicionOriginal: 1,
  posicionFinal: 1,
  level: 'info',
  message: 'Movimiento movido al final de la ronda',
  timestamp: '2025-06-24 18:54:11'
}
{
  service: 'IncidenteModel',
  module: 'Movimientos/Incidente',
  movimientoId: 243,
  empresaId: 2,
  localidadId: 1,
  level: 'info',
  message: 'No se encontr� ronda para el movimiento',
  timestamp: '2025-06-24 19:01:13'
}
{
  service: 'IncidenteModel',
  module: 'Movimientos/Incidente',
  movimientoId: 217,
  empresaId: 5,
  localidadId: 1,
  level: 'info',
  message: 'No se encontr� ronda para el movimiento',
  timestamp: '2025-06-24 19:01:13'
}
{
  service: 'IncidenteModel',
  module: 'Movimientos/Incidente',
  movimientoId: 209,
  empresaId: 2,
  rondaOriginal: 1,
  localidadId: 1,
  prioridad: 'BAJA',
  level: 'info',
  message: 'Iniciando reorganizaci�n por incidente',
  timestamp: '2025-06-24 19:01:13'
}
{
  service: 'IncidenteModel',
  module: 'Movimientos/Incidente',
  movimientoId: 209,
  rondaNumero: 1,
  posicionOriginal: 1,
  posicionFinal: 1,
  level: 'info',
  message: 'Movimiento movido al final de la ronda',
  timestamp: '2025-06-24 19:01:13'
}
{
  service: 'IncidenteModel',
  module: 'Movimientos/Incidente',
  movimientoId: 243,
  empresaId: 2,
  localidadId: 1,
  level: 'info',
  message: 'No se encontr� ronda para el movimiento',
  timestamp: '2025-06-24 19:01:16'
}
{
  service: 'IncidenteModel',
  module: 'Movimientos/Incidente',
  movimientoId: 217,
  empresaId: 5,
  localidadId: 1,
  level: 'info',
  message: 'No se encontr� ronda para el movimiento',
  timestamp: '2025-06-24 19:01:16'
}
{
  service: 'IncidenteModel',
  module: 'Movimientos/Incidente',
  movimientoId: 209,
  empresaId: 2,
  rondaOriginal: 1,
  localidadId: 1,
  prioridad: 'BAJA',
  level: 'info',
  message: 'Iniciando reorganizaci�n por incidente',
  timestamp: '2025-06-24 19:01:16'
}
{
  service: 'IncidenteModel',
  module: 'Movimientos/Incidente',
  movimientoId: 209,
  rondaNumero: 1,
  posicionOriginal: 1,
  posicionFinal: 1,
  level: 'info',
  message: 'Movimiento movido al final de la ronda',
  timestamp: '2025-06-24 19:01:16'
}
{
  service: 'IncidenteModel',
  module: 'Movimientos/Incidente',
  movimientoId: 243,
  empresaId: 2,
  localidadId: 1,
  level: 'info',
  message: 'No se encontr� ronda para el movimiento',
  timestamp: '2025-06-24 19:17:42'
}
{
  service: 'IncidenteModel',
  module: 'Movimientos/Incidente',
  movimientoId: 217,
  empresaId: 5,
  localidadId: 1,
  level: 'info',
  message: 'No se encontr� ronda para el movimiento',
  timestamp: '2025-06-24 19:17:42'
}
{
  service: 'IncidenteModel',
  module: 'Movimientos/Incidente',
  movimientoId: 209,
  empresaId: 2,
  rondaOriginal: 1,
  localidadId: 1,
  prioridad: 'BAJA',
  level: 'info',
  message: 'Iniciando reorganizaci�n por incidente',
  timestamp: '2025-06-24 19:17:42'
}
{
  service: 'IncidenteModel',
  module: 'Movimientos/Incidente',
  movimientoId: 209,
  rondaNumero: 1,
  posicionOriginal: 1,
  posicionFinal: 1,
  level: 'info',
  message: 'Movimiento movido al final de la ronda',
  timestamp: '2025-06-24 19:17:42'
}
{
  service: 'IncidenteModel',
  module: 'Movimientos/Incidente',
  movimientoId: 243,
  empresaId: 2,
  localidadId: 1,
  level: 'info',
  message: 'No se encontr� ronda para el movimiento',
  timestamp: '2025-06-24 19:17:45'
}
{
  service: 'IncidenteModel',
  module: 'Movimientos/Incidente',
  movimientoId: 217,
  empresaId: 5,
  localidadId: 1,
  level: 'info',
  message: 'No se encontr� ronda para el movimiento',
  timestamp: '2025-06-24 19:17:45'
}
{
  service: 'IncidenteModel',
  module: 'Movimientos/Incidente',
  movimientoId: 209,
  empresaId: 2,
  rondaOriginal: 1,
  localidadId: 1,
  prioridad: 'BAJA',
  level: 'info',
  message: 'Iniciando reorganizaci�n por incidente',
  timestamp: '2025-06-24 19:17:45'
}
{
  service: 'IncidenteModel',
  module: 'Movimientos/Incidente',
  movimientoId: 209,
  rondaNumero: 1,
  posicionOriginal: 1,
  posicionFinal: 1,
  level: 'info',
  message: 'Movimiento movido al final de la ronda',
  timestamp: '2025-06-24 19:17:45'
}
{
  service: 'IncidenteModel',
  module: 'Movimientos/Incidente',
  movimientoId: 243,
  empresaId: 2,
  localidadId: 1,
  level: 'info',
  message: 'No se encontr� ronda para el movimiento',
  timestamp: '2025-06-24 19:23:57'
}
{
  service: 'IncidenteModel',
  module: 'Movimientos/Incidente',
  movimientoId: 217,
  empresaId: 5,
  localidadId: 1,
  level: 'info',
  message: 'No se encontr� ronda para el movimiento',
  timestamp: '2025-06-24 19:23:57'
}
{
  service: 'IncidenteModel',
  module: 'Movimientos/Incidente',
  movimientoId: 209,
  empresaId: 2,
  rondaOriginal: 1,
  localidadId: 1,
  prioridad: 'BAJA',
  level: 'info',
  message: 'Iniciando reorganizaci�n por incidente',
  timestamp: '2025-06-24 19:23:57'
}
{
  service: 'IncidenteModel',
  module: 'Movimientos/Incidente',
  movimientoId: 209,
  rondaNumero: 1,
  posicionOriginal: 1,
  posicionFinal: 1,
  level: 'info',
  message: 'Movimiento movido al final de la ronda',
  timestamp: '2025-06-24 19:23:57'
}
{
  service: 'IncidenteModel',
  module: 'Movimientos/Incidente',
  movimientoId: 243,
  empresaId: 2,
  localidadId: 1,
  level: 'info',
  message: 'No se encontr� ronda para el movimiento',
  timestamp: '2025-06-24 19:24:02'
}
{
  service: 'IncidenteModel',
  module: 'Movimientos/Incidente',
  movimientoId: 217,
  empresaId: 5,
  localidadId: 1,
  level: 'info',
  message: 'No se encontr� ronda para el movimiento',
  timestamp: '2025-06-24 19:24:02'
}
{
  service: 'IncidenteModel',
  module: 'Movimientos/Incidente',
  movimientoId: 209,
  empresaId: 2,
  rondaOriginal: 1,
  localidadId: 1,
  prioridad: 'BAJA',
  level: 'info',
  message: 'Iniciando reorganizaci�n por incidente',
  timestamp: '2025-06-24 19:24:02'
}
{
  service: 'IncidenteModel',
  module: 'Movimientos/Incidente',
  movimientoId: 209,
  rondaNumero: 1,
  posicionOriginal: 1,
  posicionFinal: 1,
  level: 'info',
  message: 'Movimiento movido al final de la ronda',
  timestamp: '2025-06-24 19:24:02'
}
{
  service: 'IncidenteModel',
  module: 'Movimientos/Incidente',
  movimientoId: 243,
  empresaId: 2,
  localidadId: 1,
  level: 'info',
  message: 'No se encontr� ronda para el movimiento',
  timestamp: '2025-06-24 19:56:40'
}
{
  service: 'IncidenteModel',
  module: 'Movimientos/Incidente',
  movimientoId: 217,
  empresaId: 5,
  localidadId: 1,
  level: 'info',
  message: 'No se encontr� ronda para el movimiento',
  timestamp: '2025-06-24 19:56:40'
}
{
  service: 'IncidenteModel',
  module: 'Movimientos/Incidente',
  movimientoId: 209,
  empresaId: 2,
  rondaOriginal: 1,
  localidadId: 1,
  prioridad: 'BAJA',
  level: 'info',
  message: 'Iniciando reorganizaci�n por incidente',
  timestamp: '2025-06-24 19:56:40'
}
{
  service: 'IncidenteModel',
  module: 'Movimientos/Incidente',
  movimientoId: 209,
  rondaNumero: 1,
  posicionOriginal: 1,
  posicionFinal: 1,
  level: 'info',
  message: 'Movimiento movido al final de la ronda',
  timestamp: '2025-06-24 19:56:40'
}
{
  service: 'IncidenteModel',
  module: 'Movimientos/Incidente',
  movimientoId: 243,
  empresaId: 2,
  localidadId: 1,
  level: 'info',
  message: 'No se encontr� ronda para el movimiento',
  timestamp: '2025-06-24 19:56:42'
}
{
  service: 'IncidenteModel',
  module: 'Movimientos/Incidente',
  movimientoId: 217,
  empresaId: 5,
  localidadId: 1,
  level: 'info',
  message: 'No se encontr� ronda para el movimiento',
  timestamp: '2025-06-24 19:56:42'
}
{
  service: 'IncidenteModel',
  module: 'Movimientos/Incidente',
  movimientoId: 209,
  empresaId: 2,
  rondaOriginal: 1,
  localidadId: 1,
  prioridad: 'BAJA',
  level: 'info',
  message: 'Iniciando reorganizaci�n por incidente',
  timestamp: '2025-06-24 19:56:42'
}
{
  service: 'IncidenteModel',
  module: 'Movimientos/Incidente',
  movimientoId: 209,
  rondaNumero: 1,
  posicionOriginal: 1,
  posicionFinal: 1,
  level: 'info',
  message: 'Movimiento movido al final de la ronda',
  timestamp: '2025-06-24 19:56:42'
}
{
  service: 'IncidenteModel',
  module: 'Movimientos/Incidente',
  movimientoId: 243,
  empresaId: 2,
  localidadId: 1,
  level: 'info',
  message: 'No se encontr� ronda para el movimiento',
  timestamp: '2025-06-24 19:57:08'
}
{
  service: 'IncidenteModel',
  module: 'Movimientos/Incidente',
  movimientoId: 217,
  empresaId: 5,
  localidadId: 1,
  level: 'info',
  message: 'No se encontr� ronda para el movimiento',
  timestamp: '2025-06-24 19:57:08'
}
{
  service: 'IncidenteModel',
  module: 'Movimientos/Incidente',
  movimientoId: 209,
  empresaId: 2,
  rondaOriginal: 1,
  localidadId: 1,
  prioridad: 'BAJA',
  level: 'info',
  message: 'Iniciando reorganizaci�n por incidente',
  timestamp: '2025-06-24 19:57:08'
}
{
  service: 'IncidenteModel',
  module: 'Movimientos/Incidente',
  movimientoId: 209,
  rondaNumero: 1,
  posicionOriginal: 1,
  posicionFinal: 1,
  level: 'info',
  message: 'Movimiento movido al final de la ronda',
  timestamp: '2025-06-24 19:57:08'
}
{
  service: 'IncidenteModel',
  module: 'Movimientos/Incidente',
  movimientoId: 243,
  empresaId: 2,
  localidadId: 1,
  level: 'info',
  message: 'No se encontr� ronda para el movimiento',
  timestamp: '2025-06-24 19:58:59'
}
{
  service: 'IncidenteModel',
  module: 'Movimientos/Incidente',
  movimientoId: 217,
  empresaId: 5,
  localidadId: 1,
  level: 'info',
  message: 'No se encontr� ronda para el movimiento',
  timestamp: '2025-06-24 19:58:59'
}
{
  service: 'IncidenteModel',
  module: 'Movimientos/Incidente',
  movimientoId: 209,
  empresaId: 2,
  rondaOriginal: 1,
  localidadId: 1,
  prioridad: 'BAJA',
  level: 'info',
  message: 'Iniciando reorganizaci�n por incidente',
  timestamp: '2025-06-24 19:58:59'
}
{
  service: 'IncidenteModel',
  module: 'Movimientos/Incidente',
  movimientoId: 209,
  rondaNumero: 1,
  posicionOriginal: 1,
  posicionFinal: 1,
  level: 'info',
  message: 'Movimiento movido al final de la ronda',
  timestamp: '2025-06-24 19:58:59'
}
{
  service: 'IncidenteModel',
  module: 'Movimientos/Incidente',
  movimientoId: 243,
  empresaId: 2,
  localidadId: 1,
  level: 'info',
  message: 'No se encontr� ronda para el movimiento',
  timestamp: '2025-06-24 19:59:05'
}
{
  service: 'IncidenteModel',
  module: 'Movimientos/Incidente',
  movimientoId: 217,
  empresaId: 5,
  localidadId: 1,
  level: 'info',
  message: 'No se encontr� ronda para el movimiento',
  timestamp: '2025-06-24 19:59:05'
}
{
  service: 'IncidenteModel',
  module: 'Movimientos/Incidente',
  movimientoId: 209,
  empresaId: 2,
  rondaOriginal: 1,
  localidadId: 1,
  prioridad: 'BAJA',
  level: 'info',
  message: 'Iniciando reorganizaci�n por incidente',
  timestamp: '2025-06-24 19:59:05'
}
{
  service: 'IncidenteModel',
  module: 'Movimientos/Incidente',
  movimientoId: 209,
  rondaNumero: 1,
  posicionOriginal: 1,
  posicionFinal: 1,
  level: 'info',
  message: 'Movimiento movido al final de la ronda',
  timestamp: '2025-06-24 19:59:05'
}
{
  service: 'IncidenteModel',
  module: 'Movimientos/Incidente',
  movimientoId: 243,
  empresaId: 2,
  localidadId: 1,
  level: 'info',
  message: 'No se encontr� ronda para el movimiento',
  timestamp: '2025-06-24 19:59:43'
}
{
  service: 'IncidenteModel',
  module: 'Movimientos/Incidente',
  movimientoId: 217,
  empresaId: 5,
  localidadId: 1,
  level: 'info',
  message: 'No se encontr� ronda para el movimiento',
  timestamp: '2025-06-24 19:59:43'
}
{
  service: 'IncidenteModel',
  module: 'Movimientos/Incidente',
  movimientoId: 209,
  empresaId: 2,
  rondaOriginal: 1,
  localidadId: 1,
  prioridad: 'BAJA',
  level: 'info',
  message: 'Iniciando reorganizaci�n por incidente',
  timestamp: '2025-06-24 19:59:43'
}
{
  service: 'IncidenteModel',
  module: 'Movimientos/Incidente',
  movimientoId: 209,
  rondaNumero: 1,
  posicionOriginal: 1,
  posicionFinal: 1,
  level: 'info',
  message: 'Movimiento movido al final de la ronda',
  timestamp: '2025-06-24 19:59:43'
}
{
  service: 'IncidenteModel',
  module: 'Movimientos/Incidente',
  movimientoId: 243,
  empresaId: 2,
  localidadId: 1,
  level: 'info',
  message: 'No se encontr� ronda para el movimiento',
  timestamp: '2025-06-24 20:00:14'
}
{
  service: 'IncidenteModel',
  module: 'Movimientos/Incidente',
  movimientoId: 217,
  empresaId: 5,
  localidadId: 1,
  level: 'info',
  message: 'No se encontr� ronda para el movimiento',
  timestamp: '2025-06-24 20:00:14'
}
{
  service: 'IncidenteModel',
  module: 'Movimientos/Incidente',
  movimientoId: 209,
  empresaId: 2,
  rondaOriginal: 1,
  localidadId: 1,
  prioridad: 'BAJA',
  level: 'info',
  message: 'Iniciando reorganizaci�n por incidente',
  timestamp: '2025-06-24 20:00:14'
}
{
  service: 'IncidenteModel',
  module: 'Movimientos/Incidente',
  movimientoId: 209,
  rondaNumero: 1,
  posicionOriginal: 1,
  posicionFinal: 1,
  level: 'info',
  message: 'Movimiento movido al final de la ronda',
  timestamp: '2025-06-24 20:00:14'
}
{
  service: 'IncidenteModel',
  module: 'Movimientos/Incidente',
  movimientoId: 243,
  empresaId: 2,
  localidadId: 1,
  level: 'info',
  message: 'No se encontr� ronda para el movimiento',
  timestamp: '2025-06-24 20:01:31'
}
{
  service: 'IncidenteModel',
  module: 'Movimientos/Incidente',
  movimientoId: 217,
  empresaId: 5,
  localidadId: 1,
  level: 'info',
  message: 'No se encontr� ronda para el movimiento',
  timestamp: '2025-06-24 20:01:31'
}
{
  service: 'IncidenteModel',
  module: 'Movimientos/Incidente',
  movimientoId: 209,
  empresaId: 2,
  rondaOriginal: 1,
  localidadId: 1,
  prioridad: 'BAJA',
  level: 'info',
  message: 'Iniciando reorganizaci�n por incidente',
  timestamp: '2025-06-24 20:01:31'
}
{
  service: 'IncidenteModel',
  module: 'Movimientos/Incidente',
  movimientoId: 209,
  rondaNumero: 1,
  posicionOriginal: 1,
  posicionFinal: 1,
  level: 'info',
  message: 'Movimiento movido al final de la ronda',
  timestamp: '2025-06-24 20:01:31'
}
{
  service: 'IncidenteModel',
  module: 'Movimientos/Incidente',
  movimientoId: 243,
  empresaId: 2,
  localidadId: 1,
  level: 'info',
  message: 'No se encontr� ronda para el movimiento',
  timestamp: '2025-06-24 20:01:34'
}
{
  service: 'IncidenteModel',
  module: 'Movimientos/Incidente',
  movimientoId: 217,
  empresaId: 5,
  localidadId: 1,
  level: 'info',
  message: 'No se encontr� ronda para el movimiento',
  timestamp: '2025-06-24 20:01:34'
}
{
  service: 'IncidenteModel',
  module: 'Movimientos/Incidente',
  movimientoId: 209,
  empresaId: 2,
  rondaOriginal: 1,
  localidadId: 1,
  prioridad: 'BAJA',
  level: 'info',
  message: 'Iniciando reorganizaci�n por incidente',
  timestamp: '2025-06-24 20:01:34'
}
{
  service: 'IncidenteModel',
  module: 'Movimientos/Incidente',
  movimientoId: 209,
  rondaNumero: 1,
  posicionOriginal: 1,
  posicionFinal: 1,
  level: 'info',
  message: 'Movimiento movido al final de la ronda',
  timestamp: '2025-06-24 20:01:34'
}
{
  service: 'IncidenteModel',
  module: 'Movimientos/Incidente',
  movimientoId: 243,
  empresaId: 2,
  localidadId: 1,
  level: 'info',
  message: 'No se encontr� ronda para el movimiento',
  timestamp: '2025-06-24 20:02:52'
}
{
  service: 'IncidenteModel',
  module: 'Movimientos/Incidente',
  movimientoId: 217,
  empresaId: 5,
  localidadId: 1,
  level: 'info',
  message: 'No se encontr� ronda para el movimiento',
  timestamp: '2025-06-24 20:02:52'
}
{
  service: 'IncidenteModel',
  module: 'Movimientos/Incidente',
  movimientoId: 209,
  empresaId: 2,
  rondaOriginal: 1,
  localidadId: 1,
  prioridad: 'BAJA',
  level: 'info',
  message: 'Iniciando reorganizaci�n por incidente',
  timestamp: '2025-06-24 20:02:52'
}
{
  service: 'IncidenteModel',
  module: 'Movimientos/Incidente',
  movimientoId: 209,
  rondaNumero: 1,
  posicionOriginal: 1,
  posicionFinal: 1,
  level: 'info',
  message: 'Movimiento movido al final de la ronda',
  timestamp: '2025-06-24 20:02:52'
}
{
  service: 'IncidenteModel',
  module: 'Movimientos/Incidente',
  movimientoId: 243,
  empresaId: 2,
  localidadId: 1,
  level: 'info',
  message: 'No se encontr� ronda para el movimiento',
  timestamp: '2025-06-24 20:12:25'
}
{
  service: 'IncidenteModel',
  module: 'Movimientos/Incidente',
  movimientoId: 217,
  empresaId: 5,
  localidadId: 1,
  level: 'info',
  message: 'No se encontr� ronda para el movimiento',
  timestamp: '2025-06-24 20:12:25'
}
{
  service: 'IncidenteModel',
  module: 'Movimientos/Incidente',
  movimientoId: 209,
  empresaId: 2,
  rondaOriginal: 1,
  localidadId: 1,
  prioridad: 'BAJA',
  level: 'info',
  message: 'Iniciando reorganizaci�n por incidente',
  timestamp: '2025-06-24 20:12:25'
}
{
  service: 'IncidenteModel',
  module: 'Movimientos/Incidente',
  movimientoId: 209,
  rondaNumero: 1,
  posicionOriginal: 1,
  posicionFinal: 1,
  level: 'info',
  message: 'Movimiento movido al final de la ronda',
  timestamp: '2025-06-24 20:12:25'
}
{
  service: 'IncidenteModel',
  module: 'Movimientos/Incidente',
  movimientoId: 243,
  empresaId: 2,
  localidadId: 1,
  level: 'info',
  message: 'No se encontr� ronda para el movimiento',
  timestamp: '2025-06-24 20:12:30'
}
{
  service: 'IncidenteModel',
  module: 'Movimientos/Incidente',
  movimientoId: 217,
  empresaId: 5,
  localidadId: 1,
  level: 'info',
  message: 'No se encontr� ronda para el movimiento',
  timestamp: '2025-06-24 20:12:30'
}
{
  service: 'IncidenteModel',
  module: 'Movimientos/Incidente',
  movimientoId: 209,
  empresaId: 2,
  rondaOriginal: 1,
  localidadId: 1,
  prioridad: 'BAJA',
  level: 'info',
  message: 'Iniciando reorganizaci�n por incidente',
  timestamp: '2025-06-24 20:12:30'
}
{
  service: 'IncidenteModel',
  module: 'Movimientos/Incidente',
  movimientoId: 209,
  rondaNumero: 1,
  posicionOriginal: 1,
  posicionFinal: 1,
  level: 'info',
  message: 'Movimiento movido al final de la ronda',
  timestamp: '2025-06-24 20:12:30'
}
{
  service: 'IncidenteModel',
  module: 'Movimientos/Incidente',
  movimientoId: 243,
  empresaId: 2,
  localidadId: 1,
  level: 'info',
  message: 'No se encontr� ronda para el movimiento',
  timestamp: '2025-06-24 21:22:47'
}
{
  service: 'IncidenteModel',
  module: 'Movimientos/Incidente',
  movimientoId: 217,
  empresaId: 5,
  localidadId: 1,
  level: 'info',
  message: 'No se encontr� ronda para el movimiento',
  timestamp: '2025-06-24 21:22:47'
}
{
  service: 'IncidenteModel',
  module: 'Movimientos/Incidente',
  movimientoId: 209,
  empresaId: 2,
  rondaOriginal: 1,
  localidadId: 1,
  prioridad: 'BAJA',
  level: 'info',
  message: 'Iniciando reorganizaci�n por incidente',
  timestamp: '2025-06-24 21:22:47'
}
{
  service: 'IncidenteModel',
  module: 'Movimientos/Incidente',
  movimientoId: 209,
  rondaNumero: 1,
  posicionOriginal: 1,
  posicionFinal: 1,
  level: 'info',
  message: 'Movimiento movido al final de la ronda',
  timestamp: '2025-06-24 21:22:47'
}
{
  service: 'IncidenteModel',
  module: 'Movimientos/Incidente',
  movimientoId: 243,
  empresaId: 2,
  localidadId: 1,
  level: 'info',
  message: 'No se encontr� ronda para el movimiento',
  timestamp: '2025-06-24 21:22:50'
}
{
  service: 'IncidenteModel',
  module: 'Movimientos/Incidente',
  movimientoId: 217,
  empresaId: 5,
  localidadId: 1,
  level: 'info',
  message: 'No se encontr� ronda para el movimiento',
  timestamp: '2025-06-24 21:22:50'
}
{
  service: 'IncidenteModel',
  module: 'Movimientos/Incidente',
  movimientoId: 209,
  empresaId: 2,
  rondaOriginal: 1,
  localidadId: 1,
  prioridad: 'BAJA',
  level: 'info',
  message: 'Iniciando reorganizaci�n por incidente',
  timestamp: '2025-06-24 21:22:50'
}
{
  service: 'IncidenteModel',
  module: 'Movimientos/Incidente',
  movimientoId: 209,
  rondaNumero: 1,
  posicionOriginal: 1,
  posicionFinal: 1,
  level: 'info',
  message: 'Movimiento movido al final de la ronda',
  timestamp: '2025-06-24 21:22:50'
}
{
  service: 'IncidenteModel',
  module: 'Movimientos/Incidente',
  movimientoId: 243,
  empresaId: 2,
  localidadId: 1,
  level: 'info',
  message: 'No se encontr� ronda para el movimiento',
  timestamp: '2025-06-24 21:22:53'
}
{
  service: 'IncidenteModel',
  module: 'Movimientos/Incidente',
  movimientoId: 217,
  empresaId: 5,
  localidadId: 1,
  level: 'info',
  message: 'No se encontr� ronda para el movimiento',
  timestamp: '2025-06-24 21:22:53'
}
{
  service: 'IncidenteModel',
  module: 'Movimientos/Incidente',
  movimientoId: 209,
  empresaId: 2,
  rondaOriginal: 1,
  localidadId: 1,
  prioridad: 'BAJA',
  level: 'info',
  message: 'Iniciando reorganizaci�n por incidente',
  timestamp: '2025-06-24 21:22:53'
}
{
  service: 'IncidenteModel',
  module: 'Movimientos/Incidente',
  movimientoId: 209,
  rondaNumero: 1,
  posicionOriginal: 1,
  posicionFinal: 1,
  level: 'info',
  message: 'Movimiento movido al final de la ronda',
  timestamp: '2025-06-24 21:22:53'
}
{
  service: 'IncidenteModel',
  module: 'Movimientos/Incidente',
  movimientoId: 243,
  empresaId: 2,
  localidadId: 1,
  level: 'info',
  message: 'No se encontr� ronda para el movimiento',
  timestamp: '2025-06-24 21:28:33'
}
{
  service: 'IncidenteModel',
  module: 'Movimientos/Incidente',
  movimientoId: 217,
  empresaId: 5,
  localidadId: 1,
  level: 'info',
  message: 'No se encontr� ronda para el movimiento',
  timestamp: '2025-06-24 21:28:33'
}
{
  service: 'IncidenteModel',
  module: 'Movimientos/Incidente',
  movimientoId: 209,
  empresaId: 2,
  rondaOriginal: 1,
  localidadId: 1,
  prioridad: 'BAJA',
  level: 'info',
  message: 'Iniciando reorganizaci�n por incidente',
  timestamp: '2025-06-24 21:28:33'
}
{
  service: 'IncidenteModel',
  module: 'Movimientos/Incidente',
  movimientoId: 209,
  rondaNumero: 1,
  posicionOriginal: 1,
  posicionFinal: 1,
  level: 'info',
  message: 'Movimiento movido al final de la ronda',
  timestamp: '2025-06-24 21:28:33'
}
{
  service: 'IncidenteModel',
  module: 'Movimientos/Incidente',
  movimientoId: 243,
  empresaId: 2,
  localidadId: 1,
  level: 'info',
  message: 'No se encontr� ronda para el movimiento',
  timestamp: '2025-06-24 21:28:57'
}
{
  service: 'IncidenteModel',
  module: 'Movimientos/Incidente',
  movimientoId: 217,
  empresaId: 5,
  localidadId: 1,
  level: 'info',
  message: 'No se encontr� ronda para el movimiento',
  timestamp: '2025-06-24 21:28:57'
}
{
  service: 'IncidenteModel',
  module: 'Movimientos/Incidente',
  movimientoId: 209,
  empresaId: 2,
  rondaOriginal: 1,
  localidadId: 1,
  prioridad: 'BAJA',
  level: 'info',
  message: 'Iniciando reorganizaci�n por incidente',
  timestamp: '2025-06-24 21:28:57'
}
{
  service: 'IncidenteModel',
  module: 'Movimientos/Incidente',
  movimientoId: 209,
  rondaNumero: 1,
  posicionOriginal: 1,
  posicionFinal: 1,
  level: 'info',
  message: 'Movimiento movido al final de la ronda',
  timestamp: '2025-06-24 21:28:57'
}
{
  service: 'IncidenteModel',
  module: 'Movimientos/Incidente',
  movimientoId: 243,
  empresaId: 2,
  localidadId: 1,
  level: 'info',
  message: 'No se encontr� ronda para el movimiento',
  timestamp: '2025-06-24 21:28:59'
}
{
  service: 'IncidenteModel',
  module: 'Movimientos/Incidente',
  movimientoId: 217,
  empresaId: 5,
  localidadId: 1,
  level: 'info',
  message: 'No se encontr� ronda para el movimiento',
  timestamp: '2025-06-24 21:28:59'
}
{
  service: 'IncidenteModel',
  module: 'Movimientos/Incidente',
  movimientoId: 209,
  empresaId: 2,
  rondaOriginal: 1,
  localidadId: 1,
  prioridad: 'BAJA',
  level: 'info',
  message: 'Iniciando reorganizaci�n por incidente',
  timestamp: '2025-06-24 21:28:59'
}
{
  service: 'IncidenteModel',
  module: 'Movimientos/Incidente',
  movimientoId: 209,
  rondaNumero: 1,
  posicionOriginal: 1,
  posicionFinal: 1,
  level: 'info',
  message: 'Movimiento movido al final de la ronda',
  timestamp: '2025-06-24 21:28:59'
}
{
  service: 'IncidenteModel',
  module: 'Movimientos/Incidente',
  movimientoId: 243,
  empresaId: 2,
  localidadId: 1,
  level: 'info',
  message: 'No se encontr� ronda para el movimiento',
  timestamp: '2025-06-24 21:29:53'
}
{
  service: 'IncidenteModel',
  module: 'Movimientos/Incidente',
  movimientoId: 217,
  empresaId: 5,
  localidadId: 1,
  level: 'info',
  message: 'No se encontr� ronda para el movimiento',
  timestamp: '2025-06-24 21:29:53'
}
{
  service: 'IncidenteModel',
  module: 'Movimientos/Incidente',
  movimientoId: 209,
  empresaId: 2,
  rondaOriginal: 1,
  localidadId: 1,
  prioridad: 'BAJA',
  level: 'info',
  message: 'Iniciando reorganizaci�n por incidente',
  timestamp: '2025-06-24 21:29:53'
}
{
  service: 'IncidenteModel',
  module: 'Movimientos/Incidente',
  movimientoId: 209,
  rondaNumero: 1,
  posicionOriginal: 1,
  posicionFinal: 1,
  level: 'info',
  message: 'Movimiento movido al final de la ronda',
  timestamp: '2025-06-24 21:29:53'
}
{
  service: 'IncidenteModel',
  module: 'Movimientos/Incidente',
  movimientoId: 243,
  empresaId: 2,
  localidadId: 1,
  level: 'info',
  message: 'No se encontr� ronda para el movimiento',
  timestamp: '2025-06-24 21:34:05'
}
{
  service: 'IncidenteModel',
  module: 'Movimientos/Incidente',
  movimientoId: 217,
  empresaId: 5,
  localidadId: 1,
  level: 'info',
  message: 'No se encontr� ronda para el movimiento',
  timestamp: '2025-06-24 21:34:05'
}
{
  service: 'IncidenteModel',
  module: 'Movimientos/Incidente',
  movimientoId: 209,
  empresaId: 2,
  rondaOriginal: 1,
  localidadId: 1,
  prioridad: 'BAJA',
  level: 'info',
  message: 'Iniciando reorganizaci�n por incidente',
  timestamp: '2025-06-24 21:34:05'
}
{
  service: 'IncidenteModel',
  module: 'Movimientos/Incidente',
  movimientoId: 209,
  rondaNumero: 1,
  posicionOriginal: 1,
  posicionFinal: 1,
  level: 'info',
  message: 'Movimiento movido al final de la ronda',
  timestamp: '2025-06-24 21:34:05'
}
{
  service: 'IncidenteModel',
  module: 'Movimientos/Incidente',
  movimientoId: 243,
  empresaId: 2,
  localidadId: 1,
  level: 'info',
  message: 'No se encontr� ronda para el movimiento',
  timestamp: '2025-06-24 21:34:08'
}
{
  service: 'IncidenteModel',
  module: 'Movimientos/Incidente',
  movimientoId: 217,
  empresaId: 5,
  localidadId: 1,
  level: 'info',
  message: 'No se encontr� ronda para el movimiento',
  timestamp: '2025-06-24 21:34:08'
}
{
  service: 'IncidenteModel',
  module: 'Movimientos/Incidente',
  movimientoId: 209,
  empresaId: 2,
  rondaOriginal: 1,
  localidadId: 1,
  prioridad: 'BAJA',
  level: 'info',
  message: 'Iniciando reorganizaci�n por incidente',
  timestamp: '2025-06-24 21:34:08'
}
{
  service: 'IncidenteModel',
  module: 'Movimientos/Incidente',
  movimientoId: 209,
  rondaNumero: 1,
  posicionOriginal: 1,
  posicionFinal: 1,
  level: 'info',
  message: 'Movimiento movido al final de la ronda',
  timestamp: '2025-06-24 21:34:08'
}
{
  service: 'IncidenteModel',
  module: 'Movimientos/Incidente',
  movimientoId: 243,
  empresaId: 2,
  localidadId: 1,
  level: 'info',
  message: 'No se encontr� ronda para el movimiento',
  timestamp: '2025-06-24 21:41:38'
}
{
  service: 'IncidenteModel',
  module: 'Movimientos/Incidente',
  movimientoId: 217,
  empresaId: 5,
  localidadId: 1,
  level: 'info',
  message: 'No se encontr� ronda para el movimiento',
  timestamp: '2025-06-24 21:41:38'
}
{
  service: 'IncidenteModel',
  module: 'Movimientos/Incidente',
  movimientoId: 209,
  empresaId: 2,
  rondaOriginal: 1,
  localidadId: 1,
  prioridad: 'BAJA',
  level: 'info',
  message: 'Iniciando reorganizaci�n por incidente',
  timestamp: '2025-06-24 21:41:38'
}
{
  service: 'IncidenteModel',
  module: 'Movimientos/Incidente',
  movimientoId: 209,
  rondaNumero: 1,
  posicionOriginal: 1,
  posicionFinal: 1,
  level: 'info',
  message: 'Movimiento movido al final de la ronda',
  timestamp: '2025-06-24 21:41:38'
}
{
  service: 'IncidenteModel',
  module: 'Movimientos/Incidente',
  movimientoId: 243,
  empresaId: 2,
  localidadId: 1,
  level: 'info',
  message: 'No se encontr� ronda para el movimiento',
  timestamp: '2025-06-24 21:41:41'
}
{
  service: 'IncidenteModel',
  module: 'Movimientos/Incidente',
  movimientoId: 217,
  empresaId: 5,
  localidadId: 1,
  level: 'info',
  message: 'No se encontr� ronda para el movimiento',
  timestamp: '2025-06-24 21:41:41'
}
{
  service: 'IncidenteModel',
  module: 'Movimientos/Incidente',
  movimientoId: 209,
  empresaId: 2,
  rondaOriginal: 1,
  localidadId: 1,
  prioridad: 'BAJA',
  level: 'info',
  message: 'Iniciando reorganizaci�n por incidente',
  timestamp: '2025-06-24 21:41:41'
}
{
  service: 'IncidenteModel',
  module: 'Movimientos/Incidente',
  movimientoId: 209,
  rondaNumero: 1,
  posicionOriginal: 1,
  posicionFinal: 1,
  level: 'info',
  message: 'Movimiento movido al final de la ronda',
  timestamp: '2025-06-24 21:41:41'
}
{
  service: 'IncidenteModel',
  module: 'Movimientos/Incidente',
  movimientoId: 243,
  empresaId: 2,
  localidadId: 1,
  level: 'info',
  message: 'No se encontr� ronda para el movimiento',
  timestamp: '2025-06-24 21:43:05'
}
{
  service: 'IncidenteModel',
  module: 'Movimientos/Incidente',
  movimientoId: 217,
  empresaId: 5,
  localidadId: 1,
  level: 'info',
  message: 'No se encontr� ronda para el movimiento',
  timestamp: '2025-06-24 21:43:05'
}
{
  service: 'IncidenteModel',
  module: 'Movimientos/Incidente',
  movimientoId: 209,
  empresaId: 2,
  rondaOriginal: 1,
  localidadId: 1,
  prioridad: 'BAJA',
  level: 'info',
  message: 'Iniciando reorganizaci�n por incidente',
  timestamp: '2025-06-24 21:43:05'
}
{
  service: 'IncidenteModel',
  module: 'Movimientos/Incidente',
  movimientoId: 209,
  rondaNumero: 1,
  posicionOriginal: 1,
  posicionFinal: 1,
  level: 'info',
  message: 'Movimiento movido al final de la ronda',
  timestamp: '2025-06-24 21:43:05'
}
{
  service: 'IncidenteModel',
  module: 'Movimientos/Incidente',
  movimientoId: 243,
  empresaId: 2,
  localidadId: 1,
  level: 'info',
  message: 'No se encontr� ronda para el movimiento',
  timestamp: '2025-06-24 21:43:09'
}
{
  service: 'IncidenteModel',
  module: 'Movimientos/Incidente',
  movimientoId: 217,
  empresaId: 5,
  localidadId: 1,
  level: 'info',
  message: 'No se encontr� ronda para el movimiento',
  timestamp: '2025-06-24 21:43:09'
}
{
  service: 'IncidenteModel',
  module: 'Movimientos/Incidente',
  movimientoId: 209,
  empresaId: 2,
  rondaOriginal: 1,
  localidadId: 1,
  prioridad: 'BAJA',
  level: 'info',
  message: 'Iniciando reorganizaci�n por incidente',
  timestamp: '2025-06-24 21:43:09'
}
{
  service: 'IncidenteModel',
  module: 'Movimientos/Incidente',
  movimientoId: 209,
  rondaNumero: 1,
  posicionOriginal: 1,
  posicionFinal: 1,
  level: 'info',
  message: 'Movimiento movido al final de la ronda',
  timestamp: '2025-06-24 21:43:09'
}
{
  service: 'IncidenteModel',
  module: 'Movimientos/Incidente',
  movimientoId: 243,
  empresaId: 2,
  localidadId: 1,
  level: 'info',
  message: 'No se encontr� ronda para el movimiento',
  timestamp: '2025-06-24 21:59:30'
}
{
  service: 'IncidenteModel',
  module: 'Movimientos/Incidente',
  movimientoId: 217,
  empresaId: 5,
  localidadId: 1,
  level: 'info',
  message: 'No se encontr� ronda para el movimiento',
  timestamp: '2025-06-24 21:59:30'
}
{
  service: 'IncidenteModel',
  module: 'Movimientos/Incidente',
  movimientoId: 209,
  empresaId: 2,
  rondaOriginal: 1,
  localidadId: 1,
  prioridad: 'BAJA',
  level: 'info',
  message: 'Iniciando reorganizaci�n por incidente',
  timestamp: '2025-06-24 21:59:30'
}
{
  service: 'IncidenteModel',
  module: 'Movimientos/Incidente',
  movimientoId: 209,
  rondaNumero: 1,
  posicionOriginal: 1,
  posicionFinal: 1,
  level: 'info',
  message: 'Movimiento movido al final de la ronda',
  timestamp: '2025-06-24 21:59:30'
}
{
  service: 'IncidenteModel',
  module: 'Movimientos/Incidente',
  movimientoId: 243,
  empresaId: 2,
  localidadId: 1,
  level: 'info',
  message: 'No se encontr� ronda para el movimiento',
  timestamp: '2025-06-24 22:05:41'
}
{
  service: 'IncidenteModel',
  module: 'Movimientos/Incidente',
  movimientoId: 217,
  empresaId: 5,
  localidadId: 1,
  level: 'info',
  message: 'No se encontr� ronda para el movimiento',
  timestamp: '2025-06-24 22:05:41'
}
{
  service: 'IncidenteModel',
  module: 'Movimientos/Incidente',
  movimientoId: 209,
  empresaId: 2,
  rondaOriginal: 1,
  localidadId: 1,
  prioridad: 'BAJA',
  level: 'info',
  message: 'Iniciando reorganizaci�n por incidente',
  timestamp: '2025-06-24 22:05:41'
}
{
  service: 'IncidenteModel',
  module: 'Movimientos/Incidente',
  movimientoId: 209,
  rondaNumero: 1,
  posicionOriginal: 1,
  posicionFinal: 1,
  level: 'info',
  message: 'Movimiento movido al final de la ronda',
  timestamp: '2025-06-24 22:05:41'
}
{
  service: 'IncidenteModel',
  module: 'Movimientos/Incidente',
  incidenteId: 129,
  cantidad: 1,
  carpeta: '/var/www/Cosaif/uploads/incidentes/2025/06/24',
  level: 'info',
  message: 'Imagenes procesadas y guardadas',
  timestamp: '2025-06-24 22:10:39'
}
{
  service: 'IncidenteModel',
  module: 'Movimientos/Incidente',
  movimientoId: 209,
  empresaId: 2,
  rondaOriginal: 1,
  localidadId: 1,
  prioridad: 'BAJA',
  level: 'info',
  message: 'Iniciando reorganizaci�n por incidente',
  timestamp: '2025-06-24 22:10:39'
}
{
  service: 'IncidenteModel',
  module: 'Movimientos/Incidente',
  movimientoId: 209,
  rondaNumero: 1,
  posicionOriginal: 1,
  posicionFinal: 1,
  level: 'info',
  message: 'Movimiento movido al final de la ronda',
  timestamp: '2025-06-24 22:10:39'
}
{
  service: 'IncidenteModel',
  module: 'Movimientos/Incidente',
  incidenteId: 129,
  movimientoId: 209,
  empresaId: 2,
  localidadId: 1,
  imagenesGuardadas: 1,
  level: 'info',
  message: 'Incidente creado y procesado',
  timestamp: '2025-06-24 22:10:39'
}
{
  service: 'IncidenteModel',
  module: 'Movimientos/Incidente',
  movimientoId: 243,
  empresaId: 2,
  localidadId: 1,
  level: 'info',
  message: 'No se encontr� ronda para el movimiento',
  timestamp: '2025-06-24 22:10:54'
}
{
  service: 'IncidenteModel',
  module: 'Movimientos/Incidente',
  movimientoId: 217,
  empresaId: 5,
  localidadId: 1,
  level: 'info',
  message: 'No se encontr� ronda para el movimiento',
  timestamp: '2025-06-24 22:10:54'
}
{
  service: 'IncidenteModel',
  module: 'Movimientos/Incidente',
  movimientoId: 209,
  empresaId: 2,
  rondaOriginal: 1,
  localidadId: 1,
  prioridad: 'BAJA',
  level: 'info',
  message: 'Iniciando reorganizaci�n por incidente',
  timestamp: '2025-06-24 22:10:54'
}
{
  service: 'IncidenteModel',
  module: 'Movimientos/Incidente',
  movimientoId: 209,
  rondaNumero: 1,
  posicionOriginal: 1,
  posicionFinal: 1,
  level: 'info',
  message: 'Movimiento movido al final de la ronda',
  timestamp: '2025-06-24 22:10:54'
}
{
  service: 'IncidenteModel',
  module: 'Movimientos/Incidente',
  movimientoId: 243,
  empresaId: 2,
  localidadId: 1,
  level: 'info',
  message: 'No se encontr� ronda para el movimiento',
  timestamp: '2025-06-24 22:10:58'
}
{
  service: 'IncidenteModel',
  module: 'Movimientos/Incidente',
  movimientoId: 217,
  empresaId: 5,
  localidadId: 1,
  level: 'info',
  message: 'No se encontr� ronda para el movimiento',
  timestamp: '2025-06-24 22:10:58'
}
{
  service: 'IncidenteModel',
  module: 'Movimientos/Incidente',
  movimientoId: 209,
  empresaId: 2,
  rondaOriginal: 1,
  localidadId: 1,
  prioridad: 'BAJA',
  level: 'info',
  message: 'Iniciando reorganizaci�n por incidente',
  timestamp: '2025-06-24 22:10:58'
}
{
  service: 'IncidenteModel',
  module: 'Movimientos/Incidente',
  movimientoId: 209,
  rondaNumero: 1,
  posicionOriginal: 1,
  posicionFinal: 1,
  level: 'info',
  message: 'Movimiento movido al final de la ronda',
  timestamp: '2025-06-24 22:10:58'
}
{
  service: 'IncidenteModel',
  module: 'Movimientos/Incidente',
  movimientoId: 243,
  empresaId: 2,
  localidadId: 1,
  level: 'info',
  message: 'No se encontr� ronda para el movimiento',
  timestamp: '2025-06-24 22:12:27'
}
{
  service: 'IncidenteModel',
  module: 'Movimientos/Incidente',
  movimientoId: 217,
  empresaId: 5,
  localidadId: 1,
  level: 'info',
  message: 'No se encontr� ronda para el movimiento',
  timestamp: '2025-06-24 22:12:27'
}
{
  service: 'IncidenteModel',
  module: 'Movimientos/Incidente',
  movimientoId: 209,
  empresaId: 2,
  rondaOriginal: 1,
  localidadId: 1,
  prioridad: 'BAJA',
  level: 'info',
  message: 'Iniciando reorganizaci�n por incidente',
  timestamp: '2025-06-24 22:12:27'
}
{
  service: 'IncidenteModel',
  module: 'Movimientos/Incidente',
  movimientoId: 209,
  rondaNumero: 1,
  posicionOriginal: 1,
  posicionFinal: 1,
  level: 'info',
  message: 'Movimiento movido al final de la ronda',
  timestamp: '2025-06-24 22:12:27'
}
{
  service: 'IncidenteModel',
  module: 'Movimientos/Incidente',
  incidenteId: 130,
  cantidad: 2,
  carpeta: '/var/www/Cosaif/uploads/incidentes/2025/06/24',
  level: 'info',
  message: 'Imagenes procesadas y guardadas',
  timestamp: '2025-06-24 22:35:49'
}
{
  service: 'IncidenteModel',
  module: 'Movimientos/Incidente',
  movimientoId: 209,
  empresaId: 2,
  rondaOriginal: 1,
  localidadId: 1,
  prioridad: 'BAJA',
  level: 'info',
  message: 'Iniciando reorganizaci�n por incidente',
  timestamp: '2025-06-24 22:35:49'
}
{
  service: 'IncidenteModel',
  module: 'Movimientos/Incidente',
  movimientoId: 209,
  rondaNumero: 1,
  posicionOriginal: 1,
  posicionFinal: 1,
  level: 'info',
  message: 'Movimiento movido al final de la ronda',
  timestamp: '2025-06-24 22:35:49'
}
{
  service: 'IncidenteModel',
  module: 'Movimientos/Incidente',
  incidenteId: 130,
  movimientoId: 209,
  empresaId: 2,
  localidadId: 1,
  imagenesGuardadas: 2,
  level: 'info',
  message: 'Incidente creado y procesado',
  timestamp: '2025-06-24 22:35:50'
}
{
  service: 'IncidenteModel',
  module: 'Movimientos/Incidente',
  movimientoId: 243,
  empresaId: 2,
  localidadId: 1,
  level: 'info',
  message: 'No se encontr� ronda para el movimiento',
  timestamp: '2025-06-24 22:36:01'
}
{
  service: 'IncidenteModel',
  module: 'Movimientos/Incidente',
  movimientoId: 217,
  empresaId: 5,
  localidadId: 1,
  level: 'info',
  message: 'No se encontr� ronda para el movimiento',
  timestamp: '2025-06-24 22:36:01'
}
{
  service: 'IncidenteModel',
  module: 'Movimientos/Incidente',
  movimientoId: 209,
  empresaId: 2,
  rondaOriginal: 1,
  localidadId: 1,
  prioridad: 'BAJA',
  level: 'info',
  message: 'Iniciando reorganizaci�n por incidente',
  timestamp: '2025-06-24 22:36:01'
}
{
  service: 'IncidenteModel',
  module: 'Movimientos/Incidente',
  movimientoId: 209,
  rondaNumero: 1,
  posicionOriginal: 1,
  posicionFinal: 1,
  level: 'info',
  message: 'Movimiento movido al final de la ronda',
  timestamp: '2025-06-24 22:36:01'
}
{
  service: 'IncidenteModel',
  module: 'Movimientos/Incidente',
  movimientoId: 243,
  empresaId: 2,
  localidadId: 1,
  level: 'info',
  message: 'No se encontr� ronda para el movimiento',
  timestamp: '2025-06-24 22:36:06'
}
{
  service: 'IncidenteModel',
  module: 'Movimientos/Incidente',
  movimientoId: 217,
  empresaId: 5,
  localidadId: 1,
  level: 'info',
  message: 'No se encontr� ronda para el movimiento',
  timestamp: '2025-06-24 22:36:06'
}
{
  service: 'IncidenteModel',
  module: 'Movimientos/Incidente',
  movimientoId: 209,
  empresaId: 2,
  rondaOriginal: 1,
  localidadId: 1,
  prioridad: 'BAJA',
  level: 'info',
  message: 'Iniciando reorganizaci�n por incidente',
  timestamp: '2025-06-24 22:36:06'
}
{
  service: 'IncidenteModel',
  module: 'Movimientos/Incidente',
  movimientoId: 209,
  rondaNumero: 1,
  posicionOriginal: 1,
  posicionFinal: 1,
  level: 'info',
  message: 'Movimiento movido al final de la ronda',
  timestamp: '2025-06-24 22:36:06'
}
{
  service: 'IncidenteModel',
  module: 'Movimientos/Incidente',
  movimientoId: 243,
  empresaId: 2,
  localidadId: 1,
  level: 'info',
  message: 'No se encontr� ronda para el movimiento',
  timestamp: '2025-06-24 22:37:53'
}
{
  service: 'IncidenteModel',
  module: 'Movimientos/Incidente',
  movimientoId: 217,
  empresaId: 5,
  localidadId: 1,
  level: 'info',
  message: 'No se encontr� ronda para el movimiento',
  timestamp: '2025-06-24 22:37:53'
}
{
  service: 'IncidenteModel',
  module: 'Movimientos/Incidente',
  movimientoId: 209,
  empresaId: 2,
  rondaOriginal: 1,
  localidadId: 1,
  prioridad: 'BAJA',
  level: 'info',
  message: 'Iniciando reorganizaci�n por incidente',
  timestamp: '2025-06-24 22:37:53'
}
{
  service: 'IncidenteModel',
  module: 'Movimientos/Incidente',
  movimientoId: 209,
  rondaNumero: 1,
  posicionOriginal: 1,
  posicionFinal: 1,
  level: 'info',
  message: 'Movimiento movido al final de la ronda',
  timestamp: '2025-06-24 22:37:53'
}
{
  service: 'IncidenteModel',
  module: 'Movimientos/Incidente',
  movimientoId: 243,
  empresaId: 2,
  localidadId: 1,
  level: 'info',
  message: 'No se encontr� ronda para el movimiento',
  timestamp: '2025-06-24 22:37:57'
}
{
  service: 'IncidenteModel',
  module: 'Movimientos/Incidente',
  movimientoId: 217,
  empresaId: 5,
  localidadId: 1,
  level: 'info',
  message: 'No se encontr� ronda para el movimiento',
  timestamp: '2025-06-24 22:37:57'
}
{
  service: 'IncidenteModel',
  module: 'Movimientos/Incidente',
  movimientoId: 209,
  empresaId: 2,
  rondaOriginal: 1,
  localidadId: 1,
  prioridad: 'BAJA',
  level: 'info',
  message: 'Iniciando reorganizaci�n por incidente',
  timestamp: '2025-06-24 22:37:57'
}
{
  service: 'IncidenteModel',
  module: 'Movimientos/Incidente',
  movimientoId: 209,
  rondaNumero: 1,
  posicionOriginal: 1,
  posicionFinal: 1,
  level: 'info',
  message: 'Movimiento movido al final de la ronda',
  timestamp: '2025-06-24 22:37:57'
}
{
  service: 'IncidenteModel',
  module: 'Movimientos/Incidente',
  incidenteId: 130,
  movimientoId: 209,
  level: 'info',
  message: 'Movimiento reactivado tras cierre de incidente',
  timestamp: '2025-06-24 22:39:49'
}
{
  service: 'IncidenteModel',
  module: 'Movimientos/Incidente',
  incidenteId: 130,
  cambios: [ 'estado', 'fechaFin' ],
  estadoAnterior: 'ABIERTO',
  estadoNuevo: 'CERRADO',
  level: 'info',
  message: 'Incidente actualizado correctamente',
  timestamp: '2025-06-24 22:39:49'
}
{
  service: 'IncidenteModel',
  module: 'Movimientos/Incidente',
  movimientoId: 243,
  empresaId: 2,
  localidadId: 1,
  level: 'info',
  message: 'No se encontr� ronda para el movimiento',
  timestamp: '2025-06-24 22:40:43'
}
{
  service: 'IncidenteModel',
  module: 'Movimientos/Incidente',
  movimientoId: 217,
  empresaId: 5,
  localidadId: 1,
  level: 'info',
  message: 'No se encontr� ronda para el movimiento',
  timestamp: '2025-06-24 22:40:43'
}
{
  service: 'IncidenteModel',
  module: 'Movimientos/Incidente',
  incidenteId: 131,
  cantidad: 2,
  carpeta: '/var/www/Cosaif/uploads/incidentes/2025/06/24',
  level: 'info',
  message: 'Imagenes procesadas y guardadas',
  timestamp: '2025-06-24 22:40:52'
}
{
  service: 'IncidenteModel',
  module: 'Movimientos/Incidente',
  movimientoId: 209,
  empresaId: 2,
  rondaOriginal: 1,
  localidadId: 1,
  prioridad: 'BAJA',
  level: 'info',
  message: 'Iniciando reorganizaci�n por incidente',
  timestamp: '2025-06-24 22:40:52'
}
{
  service: 'IncidenteModel',
  module: 'Movimientos/Incidente',
  movimientoId: 209,
  rondaNumero: 1,
  posicionOriginal: 1,
  posicionFinal: 1,
  level: 'info',
  message: 'Movimiento movido al final de la ronda',
  timestamp: '2025-06-24 22:40:52'
}
{
  service: 'IncidenteModel',
  module: 'Movimientos/Incidente',
  incidenteId: 131,
  movimientoId: 209,
  empresaId: 2,
  localidadId: 1,
  imagenesGuardadas: 2,
  level: 'info',
  message: 'Incidente creado y procesado',
  timestamp: '2025-06-24 22:40:52'
}
{
  service: 'IncidenteModel',
  module: 'Movimientos/Incidente',
  movimientoId: 243,
  empresaId: 2,
  localidadId: 1,
  level: 'info',
  message: 'No se encontr� ronda para el movimiento',
  timestamp: '2025-06-24 22:45:35'
}
{
  service: 'IncidenteModel',
  module: 'Movimientos/Incidente',
  movimientoId: 217,
  empresaId: 5,
  localidadId: 1,
  level: 'info',
  message: 'No se encontr� ronda para el movimiento',
  timestamp: '2025-06-24 22:45:35'
}
{
  service: 'IncidenteModel',
  module: 'Movimientos/Incidente',
  movimientoId: 209,
  empresaId: 2,
  rondaOriginal: 1,
  localidadId: 1,
  prioridad: 'BAJA',
  level: 'info',
  message: 'Iniciando reorganizaci�n por incidente',
  timestamp: '2025-06-24 22:45:35'
}
{
  service: 'IncidenteModel',
  module: 'Movimientos/Incidente',
  movimientoId: 209,
  rondaNumero: 1,
  posicionOriginal: 1,
  posicionFinal: 1,
  level: 'info',
  message: 'Movimiento movido al final de la ronda',
  timestamp: '2025-06-24 22:45:35'
}
{
  service: 'IncidenteModel',
  module: 'Movimientos/Incidente',
  incidenteId: 132,
  cantidad: 2,
  carpeta: '/var/www/Cosaif/uploads/incidentes/2025/06/24',
  level: 'info',
  message: 'Imagenes procesadas y guardadas',
  timestamp: '2025-06-24 22:45:42'
}
{
  service: 'IncidenteModel',
  module: 'Movimientos/Incidente',
  movimientoId: 209,
  empresaId: 2,
  rondaOriginal: 1,
  localidadId: 1,
  prioridad: 'BAJA',
  level: 'info',
  message: 'Iniciando reorganizaci�n por incidente',
  timestamp: '2025-06-24 22:45:42'
}
{
  service: 'IncidenteModel',
  module: 'Movimientos/Incidente',
  movimientoId: 209,
  rondaNumero: 1,
  posicionOriginal: 1,
  posicionFinal: 1,
  level: 'info',
  message: 'Movimiento movido al final de la ronda',
  timestamp: '2025-06-24 22:45:42'
}
{
  service: 'IncidenteModel',
  module: 'Movimientos/Incidente',
  incidenteId: 132,
  movimientoId: 209,
  empresaId: 2,
  localidadId: 1,
  imagenesGuardadas: 2,
  level: 'info',
  message: 'Incidente creado y procesado',
  timestamp: '2025-06-24 22:45:43'
}
{
  service: 'IncidenteModel',
  module: 'Movimientos/Incidente',
  movimientoId: 243,
  empresaId: 2,
  localidadId: 1,
  level: 'info',
  message: 'No se encontr� ronda para el movimiento',
  timestamp: '2025-06-24 22:46:15'
}
{
  service: 'IncidenteModel',
  module: 'Movimientos/Incidente',
  movimientoId: 217,
  empresaId: 5,
  localidadId: 1,
  level: 'info',
  message: 'No se encontr� ronda para el movimiento',
  timestamp: '2025-06-24 22:46:15'
}
{
  service: 'IncidenteModel',
  module: 'Movimientos/Incidente',
  movimientoId: 209,
  empresaId: 2,
  rondaOriginal: 1,
  localidadId: 1,
  prioridad: 'BAJA',
  level: 'info',
  message: 'Iniciando reorganizaci�n por incidente',
  timestamp: '2025-06-24 22:46:15'
}
{
  service: 'IncidenteModel',
  module: 'Movimientos/Incidente',
  movimientoId: 209,
  rondaNumero: 1,
  posicionOriginal: 1,
  posicionFinal: 1,
  level: 'info',
  message: 'Movimiento movido al final de la ronda',
  timestamp: '2025-06-24 22:46:15'
}
{
  service: 'IncidenteModel',
  module: 'Movimientos/Incidente',
  incidenteId: 133,
  cantidad: 2,
  carpeta: '/var/www/Cosaif/uploads/incidentes/2025/06/24',
  level: 'info',
  message: 'Imagenes procesadas y guardadas',
  timestamp: '2025-06-24 22:46:24'
}
{
  service: 'IncidenteModel',
  module: 'Movimientos/Incidente',
  movimientoId: 209,
  empresaId: 2,
  rondaOriginal: 1,
  localidadId: 1,
  prioridad: 'BAJA',
  level: 'info',
  message: 'Iniciando reorganizaci�n por incidente',
  timestamp: '2025-06-24 22:46:24'
}
{
  service: 'IncidenteModel',
  module: 'Movimientos/Incidente',
  movimientoId: 209,
  rondaNumero: 1,
  posicionOriginal: 1,
  posicionFinal: 1,
  level: 'info',
  message: 'Movimiento movido al final de la ronda',
  timestamp: '2025-06-24 22:46:24'
}
{
  service: 'IncidenteModel',
  module: 'Movimientos/Incidente',
  incidenteId: 133,
  movimientoId: 209,
  empresaId: 2,
  localidadId: 1,
  imagenesGuardadas: 2,
  level: 'info',
  message: 'Incidente creado y procesado',
  timestamp: '2025-06-24 22:46:25'
}
{
  service: 'IncidenteModel',
  module: 'Movimientos/Incidente',
  movimientoId: 243,
  empresaId: 2,
  localidadId: 1,
  level: 'info',
  message: 'No se encontr� ronda para el movimiento',
  timestamp: '2025-06-24 22:48:25'
}
{
  service: 'IncidenteModel',
  module: 'Movimientos/Incidente',
  movimientoId: 217,
  empresaId: 5,
  localidadId: 1,
  level: 'info',
  message: 'No se encontr� ronda para el movimiento',
  timestamp: '2025-06-24 22:48:25'
}
{
  service: 'IncidenteModel',
  module: 'Movimientos/Incidente',
  movimientoId: 209,
  empresaId: 2,
  rondaOriginal: 1,
  localidadId: 1,
  prioridad: 'BAJA',
  level: 'info',
  message: 'Iniciando reorganizaci�n por incidente',
  timestamp: '2025-06-24 22:48:25'
}
{
  service: 'IncidenteModel',
  module: 'Movimientos/Incidente',
  movimientoId: 209,
  rondaNumero: 1,
  posicionOriginal: 1,
  posicionFinal: 1,
  level: 'info',
  message: 'Movimiento movido al final de la ronda',
  timestamp: '2025-06-24 22:48:25'
}
{
  service: 'IncidenteModel',
  module: 'Movimientos/Incidente',
  incidenteId: 134,
  cantidad: 1,
  carpeta: '/var/www/Cosaif/uploads/incidentes/2025/06/24',
  level: 'info',
  message: 'Imagenes procesadas y guardadas',
  timestamp: '2025-06-24 22:49:43'
}
{
  service: 'IncidenteModel',
  module: 'Movimientos/Incidente',
  movimientoId: 209,
  empresaId: 2,
  rondaOriginal: 1,
  localidadId: 1,
  prioridad: 'BAJA',
  level: 'info',
  message: 'Iniciando reorganizaci�n por incidente',
  timestamp: '2025-06-24 22:49:43'
}
{
  service: 'IncidenteModel',
  module: 'Movimientos/Incidente',
  movimientoId: 209,
  rondaNumero: 1,
  posicionOriginal: 1,
  posicionFinal: 1,
  level: 'info',
  message: 'Movimiento movido al final de la ronda',
  timestamp: '2025-06-24 22:49:43'
}
{
  service: 'IncidenteModel',
  module: 'Movimientos/Incidente',
  incidenteId: 134,
  movimientoId: 209,
  empresaId: 2,
  localidadId: 1,
  imagenesGuardadas: 1,
  level: 'info',
  message: 'Incidente creado y procesado',
  timestamp: '2025-06-24 22:49:44'
}
{
  service: 'IncidenteModel',
  module: 'Movimientos/Incidente',
  movimientoId: 243,
  empresaId: 2,
  localidadId: 1,
  level: 'info',
  message: 'No se encontr� ronda para el movimiento',
  timestamp: '2025-06-24 22:50:31'
}
{
  service: 'IncidenteModel',
  module: 'Movimientos/Incidente',
  movimientoId: 217,
  empresaId: 5,
  localidadId: 1,
  level: 'info',
  message: 'No se encontr� ronda para el movimiento',
  timestamp: '2025-06-24 22:50:31'
}
{
  service: 'IncidenteModel',
  module: 'Movimientos/Incidente',
  movimientoId: 209,
  empresaId: 2,
  rondaOriginal: 1,
  localidadId: 1,
  prioridad: 'BAJA',
  level: 'info',
  message: 'Iniciando reorganizaci�n por incidente',
  timestamp: '2025-06-24 22:50:31'
}
{
  service: 'IncidenteModel',
  module: 'Movimientos/Incidente',
  movimientoId: 209,
  rondaNumero: 1,
  posicionOriginal: 1,
  posicionFinal: 1,
  level: 'info',
  message: 'Movimiento movido al final de la ronda',
  timestamp: '2025-06-24 22:50:31'
}
{
  service: 'IncidenteModel',
  module: 'Movimientos/Incidente',
  movimientoId: 243,
  empresaId: 2,
  localidadId: 1,
  level: 'info',
  message: 'No se encontr� ronda para el movimiento',
  timestamp: '2025-06-24 22:50:34'
}
{
  service: 'IncidenteModel',
  module: 'Movimientos/Incidente',
  movimientoId: 217,
  empresaId: 5,
  localidadId: 1,
  level: 'info',
  message: 'No se encontr� ronda para el movimiento',
  timestamp: '2025-06-24 22:50:34'
}
{
  service: 'IncidenteModel',
  module: 'Movimientos/Incidente',
  movimientoId: 209,
  empresaId: 2,
  rondaOriginal: 1,
  localidadId: 1,
  prioridad: 'BAJA',
  level: 'info',
  message: 'Iniciando reorganizaci�n por incidente',
  timestamp: '2025-06-24 22:50:34'
}
{
  service: 'IncidenteModel',
  module: 'Movimientos/Incidente',
  movimientoId: 209,
  rondaNumero: 1,
  posicionOriginal: 1,
  posicionFinal: 1,
  level: 'info',
  message: 'Movimiento movido al final de la ronda',
  timestamp: '2025-06-24 22:50:34'
}
{
  service: 'IncidenteModel',
  module: 'Movimientos/Incidente',
  movimientoId: 243,
  empresaId: 2,
  localidadId: 1,
  level: 'info',
  message: 'No se encontr� ronda para el movimiento',
  timestamp: '2025-06-24 22:54:04'
}
{
  service: 'IncidenteModel',
  module: 'Movimientos/Incidente',
  movimientoId: 217,
  empresaId: 5,
  localidadId: 1,
  level: 'info',
  message: 'No se encontr� ronda para el movimiento',
  timestamp: '2025-06-24 22:54:04'
}
{
  service: 'IncidenteModel',
  module: 'Movimientos/Incidente',
  movimientoId: 209,
  empresaId: 2,
  rondaOriginal: 1,
  localidadId: 1,
  prioridad: 'BAJA',
  level: 'info',
  message: 'Iniciando reorganizaci�n por incidente',
  timestamp: '2025-06-24 22:54:04'
}
{
  service: 'IncidenteModel',
  module: 'Movimientos/Incidente',
  movimientoId: 209,
  rondaNumero: 1,
  posicionOriginal: 1,
  posicionFinal: 1,
  level: 'info',
  message: 'Movimiento movido al final de la ronda',
  timestamp: '2025-06-24 22:54:04'
}
{
  service: 'IncidenteModel',
  module: 'Movimientos/Incidente',
  movimientoId: 243,
  empresaId: 2,
  localidadId: 1,
  level: 'info',
  message: 'No se encontr� ronda para el movimiento',
  timestamp: '2025-06-24 22:54:37'
}
{
  service: 'IncidenteModel',
  module: 'Movimientos/Incidente',
  movimientoId: 217,
  empresaId: 5,
  localidadId: 1,
  level: 'info',
  message: 'No se encontr� ronda para el movimiento',
  timestamp: '2025-06-24 22:54:37'
}
{
  service: 'IncidenteModel',
  module: 'Movimientos/Incidente',
  movimientoId: 209,
  empresaId: 2,
  rondaOriginal: 1,
  localidadId: 1,
  prioridad: 'BAJA',
  level: 'info',
  message: 'Iniciando reorganizaci�n por incidente',
  timestamp: '2025-06-24 22:54:37'
}
{
  service: 'IncidenteModel',
  module: 'Movimientos/Incidente',
  movimientoId: 209,
  rondaNumero: 1,
  posicionOriginal: 1,
  posicionFinal: 1,
  level: 'info',
  message: 'Movimiento movido al final de la ronda',
  timestamp: '2025-06-24 22:54:37'
}
{
  service: 'IncidenteModel',
  module: 'Movimientos/Incidente',
  movimientoId: 243,
  empresaId: 2,
  localidadId: 1,
  level: 'info',
  message: 'No se encontr� ronda para el movimiento',
  timestamp: '2025-06-24 22:54:54'
}
{
  service: 'IncidenteModel',
  module: 'Movimientos/Incidente',
  movimientoId: 217,
  empresaId: 5,
  localidadId: 1,
  level: 'info',
  message: 'No se encontr� ronda para el movimiento',
  timestamp: '2025-06-24 22:54:54'
}
{
  service: 'IncidenteModel',
  module: 'Movimientos/Incidente',
  movimientoId: 209,
  empresaId: 2,
  rondaOriginal: 1,
  localidadId: 1,
  prioridad: 'BAJA',
  level: 'info',
  message: 'Iniciando reorganizaci�n por incidente',
  timestamp: '2025-06-24 22:54:54'
}
{
  service: 'IncidenteModel',
  module: 'Movimientos/Incidente',
  movimientoId: 209,
  rondaNumero: 1,
  posicionOriginal: 1,
  posicionFinal: 1,
  level: 'info',
  message: 'Movimiento movido al final de la ronda',
  timestamp: '2025-06-24 22:54:54'
}
{
  service: 'IncidenteModel',
  module: 'Movimientos/Incidente',
  movimientoId: 243,
  empresaId: 2,
  localidadId: 1,
  level: 'info',
  message: 'No se encontr� ronda para el movimiento',
  timestamp: '2025-06-24 22:55:26'
}
{
  service: 'IncidenteModel',
  module: 'Movimientos/Incidente',
  movimientoId: 217,
  empresaId: 5,
  localidadId: 1,
  level: 'info',
  message: 'No se encontr� ronda para el movimiento',
  timestamp: '2025-06-24 22:55:26'
}
{
  service: 'IncidenteModel',
  module: 'Movimientos/Incidente',
  movimientoId: 209,
  empresaId: 2,
  rondaOriginal: 1,
  localidadId: 1,
  prioridad: 'BAJA',
  level: 'info',
  message: 'Iniciando reorganizaci�n por incidente',
  timestamp: '2025-06-24 22:55:26'
}
{
  service: 'IncidenteModel',
  module: 'Movimientos/Incidente',
  movimientoId: 209,
  rondaNumero: 1,
  posicionOriginal: 1,
  posicionFinal: 1,
  level: 'info',
  message: 'Movimiento movido al final de la ronda',
  timestamp: '2025-06-24 22:55:26'
}
{
  service: 'IncidenteModel',
  module: 'Movimientos/Incidente',
  incidenteId: 135,
  cantidad: 1,
  carpeta: '/var/www/Cosaif/uploads/incidentes/2025/06/24',
  level: 'info',
  message: 'Imagenes procesadas y guardadas',
  timestamp: '2025-06-24 22:56:02'
}
{
  service: 'IncidenteModel',
  module: 'Movimientos/Incidente',
  movimientoId: 209,
  empresaId: 2,
  rondaOriginal: 1,
  localidadId: 1,
  prioridad: 'BAJA',
  level: 'info',
  message: 'Iniciando reorganizaci�n por incidente',
  timestamp: '2025-06-24 22:56:02'
}
{
  service: 'IncidenteModel',
  module: 'Movimientos/Incidente',
  movimientoId: 209,
  rondaNumero: 1,
  posicionOriginal: 1,
  posicionFinal: 1,
  level: 'info',
  message: 'Movimiento movido al final de la ronda',
  timestamp: '2025-06-24 22:56:02'
}
{
  service: 'IncidenteModel',
  module: 'Movimientos/Incidente',
  incidenteId: 135,
  movimientoId: 209,
  empresaId: 2,
  localidadId: 1,
  imagenesGuardadas: 1,
  level: 'info',
  message: 'Incidente creado y procesado',
  timestamp: '2025-06-24 22:56:03'
}
{
  service: 'IncidenteModel',
  module: 'Movimientos/Incidente',
  movimientoId: 243,
  empresaId: 2,
  localidadId: 1,
  level: 'info',
  message: 'No se encontr� ronda para el movimiento',
  timestamp: '2025-06-24 22:57:13'
}
{
  service: 'IncidenteModel',
  module: 'Movimientos/Incidente',
  movimientoId: 217,
  empresaId: 5,
  localidadId: 1,
  level: 'info',
  message: 'No se encontr� ronda para el movimiento',
  timestamp: '2025-06-24 22:57:13'
}
{
  service: 'IncidenteModel',
  module: 'Movimientos/Incidente',
  movimientoId: 209,
  empresaId: 2,
  rondaOriginal: 1,
  localidadId: 1,
  prioridad: 'BAJA',
  level: 'info',
  message: 'Iniciando reorganizaci�n por incidente',
  timestamp: '2025-06-24 22:57:13'
}
{
  service: 'IncidenteModel',
  module: 'Movimientos/Incidente',
  movimientoId: 209,
  rondaNumero: 1,
  posicionOriginal: 1,
  posicionFinal: 1,
  level: 'info',
  message: 'Movimiento movido al final de la ronda',
  timestamp: '2025-06-24 22:57:13'
}
{
  service: 'IncidenteModel',
  module: 'Movimientos/Incidente',
  movimientoId: 243,
  empresaId: 2,
  localidadId: 1,
  level: 'info',
  message: 'No se encontr� ronda para el movimiento',
  timestamp: '2025-06-24 22:57:15'
}
{
  service: 'IncidenteModel',
  module: 'Movimientos/Incidente',
  movimientoId: 217,
  empresaId: 5,
  localidadId: 1,
  level: 'info',
  message: 'No se encontr� ronda para el movimiento',
  timestamp: '2025-06-24 22:57:15'
}
{
  service: 'IncidenteModel',
  module: 'Movimientos/Incidente',
  movimientoId: 209,
  empresaId: 2,
  rondaOriginal: 1,
  localidadId: 1,
  prioridad: 'BAJA',
  level: 'info',
  message: 'Iniciando reorganizaci�n por incidente',
  timestamp: '2025-06-24 22:57:15'
}
{
  service: 'IncidenteModel',
  module: 'Movimientos/Incidente',
  movimientoId: 209,
  rondaNumero: 1,
  posicionOriginal: 1,
  posicionFinal: 1,
  level: 'info',
  message: 'Movimiento movido al final de la ronda',
  timestamp: '2025-06-24 22:57:15'
}
{
  service: 'IncidenteModel',
  module: 'Movimientos/Incidente',
  movimientoId: 243,
  empresaId: 2,
  localidadId: 1,
  level: 'info',
  message: 'No se encontr� ronda para el movimiento',
  timestamp: '2025-06-24 22:58:23'
}
{
  service: 'IncidenteModel',
  module: 'Movimientos/Incidente',
  movimientoId: 217,
  empresaId: 5,
  localidadId: 1,
  level: 'info',
  message: 'No se encontr� ronda para el movimiento',
  timestamp: '2025-06-24 22:58:23'
}
{
  service: 'IncidenteModel',
  module: 'Movimientos/Incidente',
  movimientoId: 209,
  empresaId: 2,
  rondaOriginal: 1,
  localidadId: 1,
  prioridad: 'BAJA',
  level: 'info',
  message: 'Iniciando reorganizaci�n por incidente',
  timestamp: '2025-06-24 22:58:23'
}
{
  service: 'IncidenteModel',
  module: 'Movimientos/Incidente',
  movimientoId: 209,
  rondaNumero: 1,
  posicionOriginal: 1,
  posicionFinal: 1,
  level: 'info',
  message: 'Movimiento movido al final de la ronda',
  timestamp: '2025-06-24 22:58:23'
}
{
  service: 'IncidenteModel',
  module: 'Movimientos/Incidente',
  movimientoId: 243,
  empresaId: 2,
  localidadId: 1,
  level: 'info',
  message: 'No se encontr� ronda para el movimiento',
  timestamp: '2025-06-24 22:58:23'
}
{
  service: 'IncidenteModel',
  module: 'Movimientos/Incidente',
  movimientoId: 217,
  empresaId: 5,
  localidadId: 1,
  level: 'info',
  message: 'No se encontr� ronda para el movimiento',
  timestamp: '2025-06-24 22:58:23'
}
{
  service: 'IncidenteModel',
  module: 'Movimientos/Incidente',
  movimientoId: 209,
  empresaId: 2,
  rondaOriginal: 1,
  localidadId: 1,
  prioridad: 'BAJA',
  level: 'info',
  message: 'Iniciando reorganizaci�n por incidente',
  timestamp: '2025-06-24 22:58:23'
}
{
  service: 'IncidenteModel',
  module: 'Movimientos/Incidente',
  movimientoId: 209,
  rondaNumero: 1,
  posicionOriginal: 1,
  posicionFinal: 1,
  level: 'info',
  message: 'Movimiento movido al final de la ronda',
  timestamp: '2025-06-24 22:58:23'
}
{
  service: 'IncidenteModel',
  module: 'Movimientos/Incidente',
  movimientoId: 243,
  empresaId: 2,
  localidadId: 1,
  level: 'info',
  message: 'No se encontr� ronda para el movimiento',
  timestamp: '2025-06-24 22:58:24'
}
{
  service: 'IncidenteModel',
  module: 'Movimientos/Incidente',
  movimientoId: 217,
  empresaId: 5,
  localidadId: 1,
  level: 'info',
  message: 'No se encontr� ronda para el movimiento',
  timestamp: '2025-06-24 22:58:24'
}
{
  service: 'IncidenteModel',
  module: 'Movimientos/Incidente',
  movimientoId: 209,
  empresaId: 2,
  rondaOriginal: 1,
  localidadId: 1,
  prioridad: 'BAJA',
  level: 'info',
  message: 'Iniciando reorganizaci�n por incidente',
  timestamp: '2025-06-24 22:58:24'
}
{
  service: 'IncidenteModel',
  module: 'Movimientos/Incidente',
  movimientoId: 209,
  rondaNumero: 1,
  posicionOriginal: 1,
  posicionFinal: 1,
  level: 'info',
  message: 'Movimiento movido al final de la ronda',
  timestamp: '2025-06-24 22:58:24'
}
{
  service: 'IncidenteModel',
  module: 'Movimientos/Incidente',
  movimientoId: 243,
  empresaId: 2,
  localidadId: 1,
  level: 'info',
  message: 'No se encontr� ronda para el movimiento',
  timestamp: '2025-06-24 22:58:24'
}
{
  service: 'IncidenteModel',
  module: 'Movimientos/Incidente',
  movimientoId: 217,
  empresaId: 5,
  localidadId: 1,
  level: 'info',
  message: 'No se encontr� ronda para el movimiento',
  timestamp: '2025-06-24 22:58:24'
}
{
  service: 'IncidenteModel',
  module: 'Movimientos/Incidente',
  movimientoId: 209,
  empresaId: 2,
  rondaOriginal: 1,
  localidadId: 1,
  prioridad: 'BAJA',
  level: 'info',
  message: 'Iniciando reorganizaci�n por incidente',
  timestamp: '2025-06-24 22:58:24'
}
{
  service: 'IncidenteModel',
  module: 'Movimientos/Incidente',
  movimientoId: 209,
  rondaNumero: 1,
  posicionOriginal: 1,
  posicionFinal: 1,
  level: 'info',
  message: 'Movimiento movido al final de la ronda',
  timestamp: '2025-06-24 22:58:24'
}
{
  service: 'IncidenteModel',
  module: 'Movimientos/Incidente',
  movimientoId: 243,
  empresaId: 2,
  localidadId: 1,
  level: 'info',
  message: 'No se encontr� ronda para el movimiento',
  timestamp: '2025-06-24 22:59:40'
}
{
  service: 'IncidenteModel',
  module: 'Movimientos/Incidente',
  movimientoId: 217,
  empresaId: 5,
  localidadId: 1,
  level: 'info',
  message: 'No se encontr� ronda para el movimiento',
  timestamp: '2025-06-24 22:59:40'
}
{
  service: 'IncidenteModel',
  module: 'Movimientos/Incidente',
  movimientoId: 209,
  empresaId: 2,
  rondaOriginal: 1,
  localidadId: 1,
  prioridad: 'BAJA',
  level: 'info',
  message: 'Iniciando reorganizaci�n por incidente',
  timestamp: '2025-06-24 22:59:40'
}
{
  service: 'IncidenteModel',
  module: 'Movimientos/Incidente',
  movimientoId: 209,
  rondaNumero: 1,
  posicionOriginal: 1,
  posicionFinal: 1,
  level: 'info',
  message: 'Movimiento movido al final de la ronda',
  timestamp: '2025-06-24 22:59:40'
}
{
  service: 'IncidenteModel',
  module: 'Movimientos/Incidente',
  incidenteId: 136,
  cantidad: 1,
  carpeta: '/var/www/Cosaif/uploads/incidentes/2025/06/24',
  level: 'info',
  message: 'Imagenes procesadas y guardadas',
  timestamp: '2025-06-24 23:05:20'
}
{
  service: 'IncidenteModel',
  module: 'Movimientos/Incidente',
  movimientoId: 209,
  empresaId: 2,
  rondaOriginal: 1,
  localidadId: 1,
  prioridad: 'BAJA',
  level: 'info',
  message: 'Iniciando reorganizaci�n por incidente',
  timestamp: '2025-06-24 23:05:20'
}
{
  service: 'IncidenteModel',
  module: 'Movimientos/Incidente',
  movimientoId: 209,
  rondaNumero: 1,
  posicionOriginal: 1,
  posicionFinal: 1,
  level: 'info',
  message: 'Movimiento movido al final de la ronda',
  timestamp: '2025-06-24 23:05:20'
}
{
  service: 'IncidenteModel',
  module: 'Movimientos/Incidente',
  incidenteId: 136,
  movimientoId: 209,
  empresaId: 2,
  localidadId: 1,
  imagenesGuardadas: 1,
  level: 'info',
  message: 'Incidente creado y procesado',
  timestamp: '2025-06-24 23:05:21'
}
{
  service: 'IncidenteModel',
  module: 'Movimientos/Incidente',
  movimientoId: 243,
  empresaId: 2,
  localidadId: 1,
  level: 'info',
  message: 'No se encontr� ronda para el movimiento',
  timestamp: '2025-06-24 23:07:32'
}
{
  service: 'IncidenteModel',
  module: 'Movimientos/Incidente',
  movimientoId: 217,
  empresaId: 5,
  localidadId: 1,
  level: 'info',
  message: 'No se encontr� ronda para el movimiento',
  timestamp: '2025-06-24 23:07:32'
}
{
  service: 'IncidenteModel',
  module: 'Movimientos/Incidente',
  movimientoId: 209,
  empresaId: 2,
  rondaOriginal: 1,
  localidadId: 1,
  prioridad: 'BAJA',
  level: 'info',
  message: 'Iniciando reorganizaci�n por incidente',
  timestamp: '2025-06-24 23:07:32'
}
{
  service: 'IncidenteModel',
  module: 'Movimientos/Incidente',
  movimientoId: 209,
  rondaNumero: 1,
  posicionOriginal: 1,
  posicionFinal: 1,
  level: 'info',
  message: 'Movimiento movido al final de la ronda',
  timestamp: '2025-06-24 23:07:32'
}
{
  service: 'IncidenteModel',
  module: 'Movimientos/Incidente',
  incidenteId: 137,
  cantidad: 1,
  carpeta: '/var/www/Cosaif/uploads/incidentes/2025/06/24',
  level: 'info',
  message: 'Imagenes procesadas y guardadas',
  timestamp: '2025-06-24 23:10:37'
}
{
  service: 'IncidenteModel',
  module: 'Movimientos/Incidente',
  movimientoId: 209,
  empresaId: 2,
  rondaOriginal: 1,
  localidadId: 1,
  prioridad: 'BAJA',
  level: 'info',
  message: 'Iniciando reorganizaci�n por incidente',
  timestamp: '2025-06-24 23:10:38'
}
{
  service: 'IncidenteModel',
  module: 'Movimientos/Incidente',
  movimientoId: 209,
  rondaNumero: 1,
  posicionOriginal: 1,
  posicionFinal: 1,
  level: 'info',
  message: 'Movimiento movido al final de la ronda',
  timestamp: '2025-06-24 23:10:38'
}
{
  service: 'IncidenteModel',
  module: 'Movimientos/Incidente',
  incidenteId: 137,
  movimientoId: 209,
  empresaId: 2,
  localidadId: 1,
  imagenesGuardadas: 1,
  level: 'info',
  message: 'Incidente creado y procesado',
  timestamp: '2025-06-24 23:10:39'
}
{
  service: 'IncidenteModel',
  module: 'Movimientos/Incidente',
  movimientoId: 243,
  empresaId: 2,
  localidadId: 1,
  level: 'info',
  message: 'No se encontr� ronda para el movimiento',
  timestamp: '2025-06-24 23:14:03'
}
{
  service: 'IncidenteModel',
  module: 'Movimientos/Incidente',
  movimientoId: 217,
  empresaId: 5,
  localidadId: 1,
  level: 'info',
  message: 'No se encontr� ronda para el movimiento',
  timestamp: '2025-06-24 23:14:03'
}
{
  service: 'IncidenteModel',
  module: 'Movimientos/Incidente',
  movimientoId: 209,
  empresaId: 2,
  rondaOriginal: 1,
  localidadId: 1,
  prioridad: 'BAJA',
  level: 'info',
  message: 'Iniciando reorganizaci�n por incidente',
  timestamp: '2025-06-24 23:14:03'
}
{
  service: 'IncidenteModel',
  module: 'Movimientos/Incidente',
  movimientoId: 209,
  rondaNumero: 1,
  posicionOriginal: 1,
  posicionFinal: 1,
  level: 'info',
  message: 'Movimiento movido al final de la ronda',
  timestamp: '2025-06-24 23:14:03'
}
{
  service: 'IncidenteModel',
  module: 'Movimientos/Incidente',
  incidenteId: 138,
  cantidad: 1,
  carpeta: '/var/www/Cosaif/uploads/incidentes/2025/06/24',
  level: 'info',
  message: 'Imagenes procesadas y guardadas',
  timestamp: '2025-06-24 23:14:06'
}
{
  service: 'IncidenteModel',
  module: 'Movimientos/Incidente',
  movimientoId: 209,
  empresaId: 2,
  rondaOriginal: 1,
  localidadId: 1,
  prioridad: 'BAJA',
  level: 'info',
  message: 'Iniciando reorganizaci�n por incidente',
  timestamp: '2025-06-24 23:14:06'
}
{
  service: 'IncidenteModel',
  module: 'Movimientos/Incidente',
  movimientoId: 209,
  rondaNumero: 1,
  posicionOriginal: 1,
  posicionFinal: 1,
  level: 'info',
  message: 'Movimiento movido al final de la ronda',
  timestamp: '2025-06-24 23:14:06'
}
{
  service: 'IncidenteModel',
  module: 'Movimientos/Incidente',
  incidenteId: 138,
  movimientoId: 209,
  empresaId: 2,
  localidadId: 1,
  imagenesGuardadas: 1,
  level: 'info',
  message: 'Incidente creado y procesado',
  timestamp: '2025-06-24 23:14:06'
}
{
  service: 'IncidenteModel',
  module: 'Movimientos/Incidente',
  movimientoId: 243,
  empresaId: 2,
  localidadId: 1,
  level: 'info',
  message: 'No se encontr� ronda para el movimiento',
  timestamp: '2025-06-24 23:23:51'
}
{
  service: 'IncidenteModel',
  module: 'Movimientos/Incidente',
  movimientoId: 217,
  empresaId: 5,
  localidadId: 1,
  level: 'info',
  message: 'No se encontr� ronda para el movimiento',
  timestamp: '2025-06-24 23:23:51'
}
{
  service: 'IncidenteModel',
  module: 'Movimientos/Incidente',
  movimientoId: 209,
  empresaId: 2,
  rondaOriginal: 1,
  localidadId: 1,
  prioridad: 'BAJA',
  level: 'info',
  message: 'Iniciando reorganizaci�n por incidente',
  timestamp: '2025-06-24 23:23:51'
}
{
  service: 'IncidenteModel',
  module: 'Movimientos/Incidente',
  movimientoId: 209,
  rondaNumero: 1,
  posicionOriginal: 1,
  posicionFinal: 1,
  level: 'info',
  message: 'Movimiento movido al final de la ronda',
  timestamp: '2025-06-24 23:23:51'
}
{
  service: 'IncidenteModel',
  module: 'Movimientos/Incidente',
  incidenteId: 139,
  cantidad: 1,
  carpeta: '/var/www/Cosaif/uploads/incidentes/2025/06/24',
  level: 'info',
  message: 'Imagenes procesadas y guardadas',
  timestamp: '2025-06-24 23:24:57'
}
{
  service: 'IncidenteModel',
  module: 'Movimientos/Incidente',
  movimientoId: 209,
  empresaId: 2,
  rondaOriginal: 1,
  localidadId: 1,
  prioridad: 'BAJA',
  level: 'info',
  message: 'Iniciando reorganizaci�n por incidente',
  timestamp: '2025-06-24 23:24:57'
}
{
  service: 'IncidenteModel',
  module: 'Movimientos/Incidente',
  movimientoId: 209,
  rondaNumero: 1,
  posicionOriginal: 1,
  posicionFinal: 1,
  level: 'info',
  message: 'Movimiento movido al final de la ronda',
  timestamp: '2025-06-24 23:24:57'
}
{
  service: 'IncidenteModel',
  module: 'Movimientos/Incidente',
  incidenteId: 139,
  movimientoId: 209,
  empresaId: 2,
  localidadId: 1,
  imagenesGuardadas: 1,
  level: 'info',
  message: 'Incidente creado y procesado',
  timestamp: '2025-06-24 23:24:58'
}
{
  service: 'IncidenteModel',
  module: 'Movimientos/Incidente',
  movimientoId: 243,
  empresaId: 2,
  localidadId: 1,
  level: 'info',
  message: 'No se encontr� ronda para el movimiento',
  timestamp: '2025-06-24 23:32:19'
}
{
  service: 'IncidenteModel',
  module: 'Movimientos/Incidente',
  movimientoId: 217,
  empresaId: 5,
  localidadId: 1,
  level: 'info',
  message: 'No se encontr� ronda para el movimiento',
  timestamp: '2025-06-24 23:32:19'
}
{
  service: 'IncidenteModel',
  module: 'Movimientos/Incidente',
  movimientoId: 209,
  empresaId: 2,
  rondaOriginal: 1,
  localidadId: 1,
  prioridad: 'BAJA',
  level: 'info',
  message: 'Iniciando reorganizaci�n por incidente',
  timestamp: '2025-06-24 23:32:19'
}
{
  service: 'IncidenteModel',
  module: 'Movimientos/Incidente',
  movimientoId: 209,
  rondaNumero: 1,
  posicionOriginal: 1,
  posicionFinal: 1,
  level: 'info',
  message: 'Movimiento movido al final de la ronda',
  timestamp: '2025-06-24 23:32:19'
}
{
  service: 'IncidenteModel',
  module: 'Movimientos/Incidente',
  incidenteId: 140,
  cantidad: 1,
  carpeta: '/var/www/Cosaif/uploads/incidentes/2025/06/24',
  level: 'info',
  message: 'Imagenes procesadas y guardadas',
  timestamp: '2025-06-24 23:32:57'
}
{
  service: 'IncidenteModel',
  module: 'Movimientos/Incidente',
  movimientoId: 209,
  empresaId: 2,
  rondaOriginal: 1,
  localidadId: 1,
  prioridad: 'BAJA',
  level: 'info',
  message: 'Iniciando reorganizaci�n por incidente',
  timestamp: '2025-06-24 23:32:57'
}
{
  service: 'IncidenteModel',
  module: 'Movimientos/Incidente',
  movimientoId: 209,
  rondaNumero: 1,
  posicionOriginal: 1,
  posicionFinal: 1,
  level: 'info',
  message: 'Movimiento movido al final de la ronda',
  timestamp: '2025-06-24 23:32:57'
}
{
  service: 'IncidenteModel',
  module: 'Movimientos/Incidente',
  incidenteId: 140,
  movimientoId: 209,
  empresaId: 2,
  localidadId: 1,
  imagenesGuardadas: 1,
  level: 'info',
  message: 'Incidente creado y procesado',
  timestamp: '2025-06-24 23:32:57'
}
{
  service: 'IncidenteModel',
  module: 'Movimientos/Incidente',
  movimientoId: 243,
  empresaId: 2,
  localidadId: 1,
  level: 'info',
  message: 'No se encontr� ronda para el movimiento',
  timestamp: '2025-06-24 23:41:48'
}
{
  service: 'IncidenteModel',
  module: 'Movimientos/Incidente',
  movimientoId: 217,
  empresaId: 5,
  localidadId: 1,
  level: 'info',
  message: 'No se encontr� ronda para el movimiento',
  timestamp: '2025-06-24 23:41:48'
}
{
  service: 'IncidenteModel',
  module: 'Movimientos/Incidente',
  movimientoId: 209,
  empresaId: 2,
  rondaOriginal: 1,
  localidadId: 1,
  prioridad: 'BAJA',
  level: 'info',
  message: 'Iniciando reorganizaci�n por incidente',
  timestamp: '2025-06-24 23:41:48'
}
{
  service: 'IncidenteModel',
  module: 'Movimientos/Incidente',
  movimientoId: 209,
  rondaNumero: 1,
  posicionOriginal: 1,
  posicionFinal: 1,
  level: 'info',
  message: 'Movimiento movido al final de la ronda',
  timestamp: '2025-06-24 23:41:48'
}
{
  service: 'IncidenteModel',
  module: 'Movimientos/Incidente',
  movimientoId: 243,
  empresaId: 2,
  localidadId: 1,
  level: 'info',
  message: 'No se encontr� ronda para el movimiento',
  timestamp: '2025-06-24 23:41:52'
}
{
  service: 'IncidenteModel',
  module: 'Movimientos/Incidente',
  movimientoId: 217,
  empresaId: 5,
  localidadId: 1,
  level: 'info',
  message: 'No se encontr� ronda para el movimiento',
  timestamp: '2025-06-24 23:41:52'
}
{
  service: 'IncidenteModel',
  module: 'Movimientos/Incidente',
  movimientoId: 209,
  empresaId: 2,
  rondaOriginal: 1,
  localidadId: 1,
  prioridad: 'BAJA',
  level: 'info',
  message: 'Iniciando reorganizaci�n por incidente',
  timestamp: '2025-06-24 23:41:52'
}
{
  service: 'IncidenteModel',
  module: 'Movimientos/Incidente',
  movimientoId: 209,
  rondaNumero: 1,
  posicionOriginal: 1,
  posicionFinal: 1,
  level: 'info',
  message: 'Movimiento movido al final de la ronda',
  timestamp: '2025-06-24 23:41:52'
}
{
  service: 'IncidenteModel',
  module: 'Movimientos/Incidente',
  movimientoId: 243,
  empresaId: 2,
  localidadId: 1,
  level: 'info',
  message: 'No se encontr� ronda para el movimiento',
  timestamp: '2025-06-24 23:41:57'
}
{
  service: 'IncidenteModel',
  module: 'Movimientos/Incidente',
  movimientoId: 217,
  empresaId: 5,
  localidadId: 1,
  level: 'info',
  message: 'No se encontr� ronda para el movimiento',
  timestamp: '2025-06-24 23:41:57'
}
{
  service: 'IncidenteModel',
  module: 'Movimientos/Incidente',
  movimientoId: 209,
  empresaId: 2,
  rondaOriginal: 1,
  localidadId: 1,
  prioridad: 'BAJA',
  level: 'info',
  message: 'Iniciando reorganizaci�n por incidente',
  timestamp: '2025-06-24 23:41:57'
}
{
  service: 'IncidenteModel',
  module: 'Movimientos/Incidente',
  movimientoId: 209,
  rondaNumero: 1,
  posicionOriginal: 1,
  posicionFinal: 1,
  level: 'info',
  message: 'Movimiento movido al final de la ronda',
  timestamp: '2025-06-24 23:41:57'
}
{
  service: 'IncidenteModel',
  module: 'Movimientos/Incidente',
  incidenteId: 141,
  cantidad: 2,
  carpeta: '/var/www/Cosaif/uploads/incidentes/2025/06/24',
  level: 'info',
  message: 'Imagenes procesadas y guardadas',
  timestamp: '2025-06-24 23:42:57'
}
{
  service: 'IncidenteModel',
  module: 'Movimientos/Incidente',
  movimientoId: 209,
  empresaId: 2,
  rondaOriginal: 1,
  localidadId: 1,
  prioridad: 'BAJA',
  level: 'info',
  message: 'Iniciando reorganizaci�n por incidente',
  timestamp: '2025-06-24 23:42:57'
}
{
  service: 'IncidenteModel',
  module: 'Movimientos/Incidente',
  movimientoId: 209,
  rondaNumero: 1,
  posicionOriginal: 1,
  posicionFinal: 1,
  level: 'info',
  message: 'Movimiento movido al final de la ronda',
  timestamp: '2025-06-24 23:42:57'
}
{
  service: 'IncidenteModel',
  module: 'Movimientos/Incidente',
  incidenteId: 141,
  movimientoId: 209,
  empresaId: 2,
  localidadId: 1,
  imagenesGuardadas: 2,
  level: 'info',
  message: 'Incidente creado y procesado',
  timestamp: '2025-06-24 23:42:58'
}
{
  service: 'IncidenteModel',
  module: 'Movimientos/Incidente',
  movimientoId: 243,
  empresaId: 2,
  localidadId: 1,
  level: 'info',
  message: 'No se encontr� ronda para el movimiento',
  timestamp: '2025-06-24 23:47:22'
}
{
  service: 'IncidenteModel',
  module: 'Movimientos/Incidente',
  movimientoId: 217,
  empresaId: 5,
  localidadId: 1,
  level: 'info',
  message: 'No se encontr� ronda para el movimiento',
  timestamp: '2025-06-24 23:47:22'
}
{
  service: 'IncidenteModel',
  module: 'Movimientos/Incidente',
  movimientoId: 209,
  empresaId: 2,
  rondaOriginal: 1,
  localidadId: 1,
  prioridad: 'BAJA',
  level: 'info',
  message: 'Iniciando reorganizaci�n por incidente',
  timestamp: '2025-06-24 23:47:22'
}
{
  service: 'IncidenteModel',
  module: 'Movimientos/Incidente',
  movimientoId: 209,
  rondaNumero: 1,
  posicionOriginal: 1,
  posicionFinal: 1,
  level: 'info',
  message: 'Movimiento movido al final de la ronda',
  timestamp: '2025-06-24 23:47:23'
}
{
  service: 'IncidenteModel',
  module: 'Movimientos/Incidente',
  incidenteId: 142,
  cantidad: 2,
  carpeta: '/var/www/Cosaif/uploads/incidentes/2025/06/24',
  level: 'info',
  message: 'Imagenes procesadas y guardadas',
  timestamp: '2025-06-24 23:47:27'
}
{
  service: 'IncidenteModel',
  module: 'Movimientos/Incidente',
  movimientoId: 209,
  empresaId: 2,
  rondaOriginal: 1,
  localidadId: 1,
  prioridad: 'BAJA',
  level: 'info',
  message: 'Iniciando reorganizaci�n por incidente',
  timestamp: '2025-06-24 23:47:27'
}
{
  service: 'IncidenteModel',
  module: 'Movimientos/Incidente',
  movimientoId: 209,
  rondaNumero: 1,
  posicionOriginal: 1,
  posicionFinal: 1,
  level: 'info',
  message: 'Movimiento movido al final de la ronda',
  timestamp: '2025-06-24 23:47:27'
}
{
  service: 'IncidenteModel',
  module: 'Movimientos/Incidente',
  incidenteId: 142,
  movimientoId: 209,
  empresaId: 2,
  localidadId: 1,
  imagenesGuardadas: 2,
  level: 'info',
  message: 'Incidente creado y procesado',
  timestamp: '2025-06-24 23:47:27'
}
{
  service: 'IncidenteModel',
  module: 'Movimientos/Incidente',
  movimientoId: 243,
  empresaId: 2,
  localidadId: 1,
  level: 'info',
  message: 'No se encontr� ronda para el movimiento',
  timestamp: '2025-06-25 15:25:03'
}
{
  service: 'IncidenteModel',
  module: 'Movimientos/Incidente',
  movimientoId: 217,
  empresaId: 5,
  localidadId: 1,
  level: 'info',
  message: 'No se encontr� ronda para el movimiento',
  timestamp: '2025-06-25 15:25:03'
}
{
  service: 'IncidenteModel',
  module: 'Movimientos/Incidente',
  movimientoId: 209,
  empresaId: 2,
  rondaOriginal: 1,
  localidadId: 1,
  prioridad: 'BAJA',
  level: 'info',
  message: 'Iniciando reorganizaci�n por incidente',
  timestamp: '2025-06-25 15:25:03'
}
{
  service: 'IncidenteModel',
  module: 'Movimientos/Incidente',
  movimientoId: 209,
  rondaNumero: 1,
  posicionOriginal: 1,
  posicionFinal: 1,
  level: 'info',
  message: 'Movimiento movido al final de la ronda',
  timestamp: '2025-06-25 15:25:03'
}
{
  service: 'IncidenteModel',
  module: 'Movimientos/Incidente',
  movimientoId: 243,
  empresaId: 2,
  localidadId: 1,
  level: 'info',
  message: 'No se encontr� ronda para el movimiento',
  timestamp: '2025-06-25 15:25:06'
}
{
  service: 'IncidenteModel',
  module: 'Movimientos/Incidente',
  movimientoId: 217,
  empresaId: 5,
  localidadId: 1,
  level: 'info',
  message: 'No se encontr� ronda para el movimiento',
  timestamp: '2025-06-25 15:25:06'
}
{
  service: 'IncidenteModel',
  module: 'Movimientos/Incidente',
  movimientoId: 209,
  empresaId: 2,
  rondaOriginal: 1,
  localidadId: 1,
  prioridad: 'BAJA',
  level: 'info',
  message: 'Iniciando reorganizaci�n por incidente',
  timestamp: '2025-06-25 15:25:06'
}
{
  service: 'IncidenteModel',
  module: 'Movimientos/Incidente',
  movimientoId: 209,
  rondaNumero: 1,
  posicionOriginal: 1,
  posicionFinal: 1,
  level: 'info',
  message: 'Movimiento movido al final de la ronda',
  timestamp: '2025-06-25 15:25:06'
}
{
  service: 'IncidenteModel',
  module: 'Movimientos/Incidente',
  movimientoId: 243,
  empresaId: 2,
  localidadId: 1,
  level: 'info',
  message: 'No se encontr� ronda para el movimiento',
  timestamp: '2025-06-25 15:26:25'
}
{
  service: 'IncidenteModel',
  module: 'Movimientos/Incidente',
  movimientoId: 217,
  empresaId: 5,
  localidadId: 1,
  level: 'info',
  message: 'No se encontr� ronda para el movimiento',
  timestamp: '2025-06-25 15:26:25'
}
{
  service: 'IncidenteModel',
  module: 'Movimientos/Incidente',
  movimientoId: 209,
  empresaId: 2,
  rondaOriginal: 1,
  localidadId: 1,
  prioridad: 'BAJA',
  level: 'info',
  message: 'Iniciando reorganizaci�n por incidente',
  timestamp: '2025-06-25 15:26:25'
}
{
  service: 'IncidenteModel',
  module: 'Movimientos/Incidente',
  movimientoId: 209,
  rondaNumero: 1,
  posicionOriginal: 1,
  posicionFinal: 1,
  level: 'info',
  message: 'Movimiento movido al final de la ronda',
  timestamp: '2025-06-25 15:26:25'
}
{
  service: 'IncidenteModel',
  module: 'Movimientos/Incidente',
  movimientoId: 243,
  empresaId: 2,
  localidadId: 1,
  level: 'info',
  message: 'No se encontr� ronda para el movimiento',
  timestamp: '2025-06-25 15:26:29'
}
{
  service: 'IncidenteModel',
  module: 'Movimientos/Incidente',
  movimientoId: 217,
  empresaId: 5,
  localidadId: 1,
  level: 'info',
  message: 'No se encontr� ronda para el movimiento',
  timestamp: '2025-06-25 15:26:29'
}
{
  service: 'IncidenteModel',
  module: 'Movimientos/Incidente',
  movimientoId: 209,
  empresaId: 2,
  rondaOriginal: 1,
  localidadId: 1,
  prioridad: 'BAJA',
  level: 'info',
  message: 'Iniciando reorganizaci�n por incidente',
  timestamp: '2025-06-25 15:26:29'
}
{
  service: 'IncidenteModel',
  module: 'Movimientos/Incidente',
  movimientoId: 209,
  rondaNumero: 1,
  posicionOriginal: 1,
  posicionFinal: 1,
  level: 'info',
  message: 'Movimiento movido al final de la ronda',
  timestamp: '2025-06-25 15:26:29'
}
{
  service: 'IncidenteModel',
  module: 'Movimientos/Incidente',
  movimientoId: 243,
  empresaId: 2,
  localidadId: 1,
  level: 'info',
  message: 'No se encontr� ronda para el movimiento',
  timestamp: '2025-06-25 15:26:33'
}
{
  service: 'IncidenteModel',
  module: 'Movimientos/Incidente',
  movimientoId: 217,
  empresaId: 5,
  localidadId: 1,
  level: 'info',
  message: 'No se encontr� ronda para el movimiento',
  timestamp: '2025-06-25 15:26:33'
}
{
  service: 'IncidenteModel',
  module: 'Movimientos/Incidente',
  movimientoId: 209,
  empresaId: 2,
  rondaOriginal: 1,
  localidadId: 1,
  prioridad: 'BAJA',
  level: 'info',
  message: 'Iniciando reorganizaci�n por incidente',
  timestamp: '2025-06-25 15:26:33'
}
{
  service: 'IncidenteModel',
  module: 'Movimientos/Incidente',
  movimientoId: 209,
  rondaNumero: 1,
  posicionOriginal: 1,
  posicionFinal: 1,
  level: 'info',
  message: 'Movimiento movido al final de la ronda',
  timestamp: '2025-06-25 15:26:33'
}
{
  service: 'IncidenteModel',
  module: 'Movimientos/Incidente',
  movimientoId: 243,
  empresaId: 2,
  localidadId: 1,
  level: 'info',
  message: 'No se encontr� ronda para el movimiento',
  timestamp: '2025-06-25 15:29:13'
}
{
  service: 'IncidenteModel',
  module: 'Movimientos/Incidente',
  movimientoId: 217,
  empresaId: 5,
  localidadId: 1,
  level: 'info',
  message: 'No se encontr� ronda para el movimiento',
  timestamp: '2025-06-25 15:29:13'
}
{
  service: 'IncidenteModel',
  module: 'Movimientos/Incidente',
  movimientoId: 209,
  empresaId: 2,
  rondaOriginal: 1,
  localidadId: 1,
  prioridad: 'BAJA',
  level: 'info',
  message: 'Iniciando reorganizaci�n por incidente',
  timestamp: '2025-06-25 15:29:13'
}
{
  service: 'IncidenteModel',
  module: 'Movimientos/Incidente',
  movimientoId: 209,
  rondaNumero: 1,
  posicionOriginal: 1,
  posicionFinal: 1,
  level: 'info',
  message: 'Movimiento movido al final de la ronda',
  timestamp: '2025-06-25 15:29:13'
}
{
  service: 'IncidenteModel',
  module: 'Movimientos/Incidente',
  movimientoId: 243,
  empresaId: 2,
  localidadId: 1,
  level: 'info',
  message: 'No se encontr� ronda para el movimiento',
  timestamp: '2025-06-25 15:29:38'
}
{
  service: 'IncidenteModel',
  module: 'Movimientos/Incidente',
  movimientoId: 217,
  empresaId: 5,
  localidadId: 1,
  level: 'info',
  message: 'No se encontr� ronda para el movimiento',
  timestamp: '2025-06-25 15:29:38'
}
{
  service: 'IncidenteModel',
  module: 'Movimientos/Incidente',
  movimientoId: 209,
  empresaId: 2,
  rondaOriginal: 1,
  localidadId: 1,
  prioridad: 'BAJA',
  level: 'info',
  message: 'Iniciando reorganizaci�n por incidente',
  timestamp: '2025-06-25 15:29:38'
}
{
  service: 'IncidenteModel',
  module: 'Movimientos/Incidente',
  movimientoId: 209,
  rondaNumero: 1,
  posicionOriginal: 1,
  posicionFinal: 1,
  level: 'info',
  message: 'Movimiento movido al final de la ronda',
  timestamp: '2025-06-25 15:29:38'
}
{
  service: 'IncidenteModel',
  module: 'Movimientos/Incidente',
  movimientoId: 243,
  empresaId: 2,
  localidadId: 1,
  level: 'info',
  message: 'No se encontr� ronda para el movimiento',
  timestamp: '2025-06-25 15:29:41'
}
{
  service: 'IncidenteModel',
  module: 'Movimientos/Incidente',
  movimientoId: 217,
  empresaId: 5,
  localidadId: 1,
  level: 'info',
  message: 'No se encontr� ronda para el movimiento',
  timestamp: '2025-06-25 15:29:41'
}
{
  service: 'IncidenteModel',
  module: 'Movimientos/Incidente',
  movimientoId: 209,
  empresaId: 2,
  rondaOriginal: 1,
  localidadId: 1,
  prioridad: 'BAJA',
  level: 'info',
  message: 'Iniciando reorganizaci�n por incidente',
  timestamp: '2025-06-25 15:29:41'
}
{
  service: 'IncidenteModel',
  module: 'Movimientos/Incidente',
  movimientoId: 209,
  rondaNumero: 1,
  posicionOriginal: 1,
  posicionFinal: 1,
  level: 'info',
  message: 'Movimiento movido al final de la ronda',
  timestamp: '2025-06-25 15:29:41'
}
{
  service: 'IncidenteModel',
  module: 'Movimientos/Incidente',
  movimientoId: 243,
  empresaId: 2,
  localidadId: 1,
  level: 'info',
  message: 'No se encontr� ronda para el movimiento',
  timestamp: '2025-06-25 15:30:26'
}
{
  service: 'IncidenteModel',
  module: 'Movimientos/Incidente',
  movimientoId: 217,
  empresaId: 5,
  localidadId: 1,
  level: 'info',
  message: 'No se encontr� ronda para el movimiento',
  timestamp: '2025-06-25 15:30:26'
}
{
  service: 'IncidenteModel',
  module: 'Movimientos/Incidente',
  movimientoId: 209,
  empresaId: 2,
  rondaOriginal: 1,
  localidadId: 1,
  prioridad: 'BAJA',
  level: 'info',
  message: 'Iniciando reorganizaci�n por incidente',
  timestamp: '2025-06-25 15:30:26'
}
{
  service: 'IncidenteModel',
  module: 'Movimientos/Incidente',
  movimientoId: 209,
  rondaNumero: 1,
  posicionOriginal: 1,
  posicionFinal: 1,
  level: 'info',
  message: 'Movimiento movido al final de la ronda',
  timestamp: '2025-06-25 15:30:26'
}
{
  service: 'IncidenteModel',
  module: 'Movimientos/Incidente',
  movimientoId: 243,
  empresaId: 2,
  localidadId: 1,
  level: 'info',
  message: 'No se encontr� ronda para el movimiento',
  timestamp: '2025-06-25 15:30:30'
}
{
  service: 'IncidenteModel',
  module: 'Movimientos/Incidente',
  movimientoId: 217,
  empresaId: 5,
  localidadId: 1,
  level: 'info',
  message: 'No se encontr� ronda para el movimiento',
  timestamp: '2025-06-25 15:30:30'
}
{
  service: 'IncidenteModel',
  module: 'Movimientos/Incidente',
  movimientoId: 209,
  empresaId: 2,
  rondaOriginal: 1,
  localidadId: 1,
  prioridad: 'BAJA',
  level: 'info',
  message: 'Iniciando reorganizaci�n por incidente',
  timestamp: '2025-06-25 15:30:30'
}
{
  service: 'IncidenteModel',
  module: 'Movimientos/Incidente',
  movimientoId: 209,
  rondaNumero: 1,
  posicionOriginal: 1,
  posicionFinal: 1,
  level: 'info',
  message: 'Movimiento movido al final de la ronda',
  timestamp: '2025-06-25 15:30:30'
}
{
  service: 'IncidenteModel',
  module: 'Movimientos/Incidente',
  movimientoId: 243,
  empresaId: 2,
  localidadId: 1,
  level: 'info',
  message: 'No se encontr� ronda para el movimiento',
  timestamp: '2025-06-25 15:30:33'
}
{
  service: 'IncidenteModel',
  module: 'Movimientos/Incidente',
  movimientoId: 217,
  empresaId: 5,
  localidadId: 1,
  level: 'info',
  message: 'No se encontr� ronda para el movimiento',
  timestamp: '2025-06-25 15:30:33'
}
{
  service: 'IncidenteModel',
  module: 'Movimientos/Incidente',
  movimientoId: 209,
  empresaId: 2,
  rondaOriginal: 1,
  localidadId: 1,
  prioridad: 'BAJA',
  level: 'info',
  message: 'Iniciando reorganizaci�n por incidente',
  timestamp: '2025-06-25 15:30:33'
}
{
  service: 'IncidenteModel',
  module: 'Movimientos/Incidente',
  movimientoId: 209,
  rondaNumero: 1,
  posicionOriginal: 1,
  posicionFinal: 1,
  level: 'info',
  message: 'Movimiento movido al final de la ronda',
  timestamp: '2025-06-25 15:30:33'
}
{
  service: 'IncidenteModel',
  module: 'Movimientos/Incidente',
  movimientoId: 243,
  empresaId: 2,
  localidadId: 1,
  level: 'info',
  message: 'No se encontr� ronda para el movimiento',
  timestamp: '2025-06-25 15:30:34'
}
{
  service: 'IncidenteModel',
  module: 'Movimientos/Incidente',
  movimientoId: 217,
  empresaId: 5,
  localidadId: 1,
  level: 'info',
  message: 'No se encontr� ronda para el movimiento',
  timestamp: '2025-06-25 15:30:34'
}
{
  service: 'IncidenteModel',
  module: 'Movimientos/Incidente',
  movimientoId: 209,
  empresaId: 2,
  rondaOriginal: 1,
  localidadId: 1,
  prioridad: 'BAJA',
  level: 'info',
  message: 'Iniciando reorganizaci�n por incidente',
  timestamp: '2025-06-25 15:30:34'
}
{
  service: 'IncidenteModel',
  module: 'Movimientos/Incidente',
  movimientoId: 209,
  rondaNumero: 1,
  posicionOriginal: 1,
  posicionFinal: 1,
  level: 'info',
  message: 'Movimiento movido al final de la ronda',
  timestamp: '2025-06-25 15:30:34'
}
{
  service: 'IncidenteModel',
  module: 'Movimientos/Incidente',
  movimientoId: 243,
  empresaId: 2,
  localidadId: 1,
  level: 'info',
  message: 'No se encontr� ronda para el movimiento',
  timestamp: '2025-06-25 15:30:36'
}
{
  service: 'IncidenteModel',
  module: 'Movimientos/Incidente',
  movimientoId: 217,
  empresaId: 5,
  localidadId: 1,
  level: 'info',
  message: 'No se encontr� ronda para el movimiento',
  timestamp: '2025-06-25 15:30:36'
}
{
  service: 'IncidenteModel',
  module: 'Movimientos/Incidente',
  movimientoId: 209,
  empresaId: 2,
  rondaOriginal: 1,
  localidadId: 1,
  prioridad: 'BAJA',
  level: 'info',
  message: 'Iniciando reorganizaci�n por incidente',
  timestamp: '2025-06-25 15:30:36'
}
{
  service: 'IncidenteModel',
  module: 'Movimientos/Incidente',
  movimientoId: 209,
  rondaNumero: 1,
  posicionOriginal: 1,
  posicionFinal: 1,
  level: 'info',
  message: 'Movimiento movido al final de la ronda',
  timestamp: '2025-06-25 15:30:36'
}
{
  service: 'IncidenteModel',
  module: 'Movimientos/Incidente',
  movimientoId: 243,
  empresaId: 2,
  localidadId: 1,
  level: 'info',
  message: 'No se encontr� ronda para el movimiento',
  timestamp: '2025-06-25 15:32:47'
}
{
  service: 'IncidenteModel',
  module: 'Movimientos/Incidente',
  movimientoId: 217,
  empresaId: 5,
  localidadId: 1,
  level: 'info',
  message: 'No se encontr� ronda para el movimiento',
  timestamp: '2025-06-25 15:32:47'
}
{
  service: 'IncidenteModel',
  module: 'Movimientos/Incidente',
  movimientoId: 209,
  empresaId: 2,
  rondaOriginal: 1,
  localidadId: 1,
  prioridad: 'BAJA',
  level: 'info',
  message: 'Iniciando reorganizaci�n por incidente',
  timestamp: '2025-06-25 15:32:47'
}
{
  service: 'IncidenteModel',
  module: 'Movimientos/Incidente',
  movimientoId: 209,
  rondaNumero: 1,
  posicionOriginal: 1,
  posicionFinal: 1,
  level: 'info',
  message: 'Movimiento movido al final de la ronda',
  timestamp: '2025-06-25 15:32:47'
}
{
  service: 'IncidenteModel',
  module: 'Movimientos/Incidente',
  movimientoId: 243,
  empresaId: 2,
  localidadId: 1,
  level: 'info',
  message: 'No se encontr� ronda para el movimiento',
  timestamp: '2025-06-25 15:33:15'
}
{
  service: 'IncidenteModel',
  module: 'Movimientos/Incidente',
  movimientoId: 217,
  empresaId: 5,
  localidadId: 1,
  level: 'info',
  message: 'No se encontr� ronda para el movimiento',
  timestamp: '2025-06-25 15:33:15'
}
{
  service: 'IncidenteModel',
  module: 'Movimientos/Incidente',
  movimientoId: 209,
  empresaId: 2,
  rondaOriginal: 1,
  localidadId: 1,
  prioridad: 'BAJA',
  level: 'info',
  message: 'Iniciando reorganizaci�n por incidente',
  timestamp: '2025-06-25 15:33:15'
}
{
  service: 'IncidenteModel',
  module: 'Movimientos/Incidente',
  movimientoId: 209,
  rondaNumero: 1,
  posicionOriginal: 1,
  posicionFinal: 1,
  level: 'info',
  message: 'Movimiento movido al final de la ronda',
  timestamp: '2025-06-25 15:33:15'
}
{
  service: 'IncidenteModel',
  module: 'Movimientos/Incidente',
  movimientoId: 243,
  empresaId: 2,
  localidadId: 1,
  level: 'info',
  message: 'No se encontr� ronda para el movimiento',
  timestamp: '2025-06-25 15:34:51'
}
{
  service: 'IncidenteModel',
  module: 'Movimientos/Incidente',
  movimientoId: 217,
  empresaId: 5,
  localidadId: 1,
  level: 'info',
  message: 'No se encontr� ronda para el movimiento',
  timestamp: '2025-06-25 15:34:51'
}
{
  service: 'IncidenteModel',
  module: 'Movimientos/Incidente',
  movimientoId: 209,
  empresaId: 2,
  rondaOriginal: 1,
  localidadId: 1,
  prioridad: 'BAJA',
  level: 'info',
  message: 'Iniciando reorganizaci�n por incidente',
  timestamp: '2025-06-25 15:34:51'
}
{
  service: 'IncidenteModel',
  module: 'Movimientos/Incidente',
  movimientoId: 209,
  rondaNumero: 1,
  posicionOriginal: 1,
  posicionFinal: 1,
  level: 'info',
  message: 'Movimiento movido al final de la ronda',
  timestamp: '2025-06-25 15:34:51'
}
{
  service: 'IncidenteModel',
  module: 'Movimientos/Incidente',
  incidenteId: 143,
  cantidad: 1,
  carpeta: '/var/www/Cosaif/uploads/incidentes/2025/06/25',
  level: 'info',
  message: 'Imagenes procesadas y guardadas',
  timestamp: '2025-06-25 15:36:11'
}
{
  service: 'IncidenteModel',
  module: 'Movimientos/Incidente',
  movimientoId: 209,
  empresaId: 2,
  rondaOriginal: 1,
  localidadId: 1,
  prioridad: 'BAJA',
  level: 'info',
  message: 'Iniciando reorganizaci�n por incidente',
  timestamp: '2025-06-25 15:36:11'
}
{
  service: 'IncidenteModel',
  module: 'Movimientos/Incidente',
  movimientoId: 209,
  rondaNumero: 1,
  posicionOriginal: 1,
  posicionFinal: 1,
  level: 'info',
  message: 'Movimiento movido al final de la ronda',
  timestamp: '2025-06-25 15:36:11'
}
{
  service: 'IncidenteModel',
  module: 'Movimientos/Incidente',
  incidenteId: 143,
  movimientoId: 209,
  empresaId: 2,
  localidadId: 1,
  imagenesGuardadas: 1,
  level: 'info',
  message: 'Incidente creado y procesado',
  timestamp: '2025-06-25 15:36:12'
}
{
  service: 'IncidenteModel',
  module: 'Movimientos/Incidente',
  movimientoId: 243,
  empresaId: 2,
  localidadId: 1,
  level: 'info',
  message: 'No se encontr� ronda para el movimiento',
  timestamp: '2025-06-25 15:36:41'
}
{
  service: 'IncidenteModel',
  module: 'Movimientos/Incidente',
  movimientoId: 217,
  empresaId: 5,
  localidadId: 1,
  level: 'info',
  message: 'No se encontr� ronda para el movimiento',
  timestamp: '2025-06-25 15:36:41'
}
{
  service: 'IncidenteModel',
  module: 'Movimientos/Incidente',
  movimientoId: 209,
  empresaId: 2,
  rondaOriginal: 1,
  localidadId: 1,
  prioridad: 'BAJA',
  level: 'info',
  message: 'Iniciando reorganizaci�n por incidente',
  timestamp: '2025-06-25 15:36:41'
}
{
  service: 'IncidenteModel',
  module: 'Movimientos/Incidente',
  movimientoId: 209,
  rondaNumero: 1,
  posicionOriginal: 1,
  posicionFinal: 1,
  level: 'info',
  message: 'Movimiento movido al final de la ronda',
  timestamp: '2025-06-25 15:36:41'
}
{
  service: 'IncidenteModel',
  module: 'Movimientos/Incidente',
  movimientoId: 243,
  empresaId: 2,
  localidadId: 1,
  level: 'info',
  message: 'No se encontr� ronda para el movimiento',
  timestamp: '2025-06-25 15:36:46'
}
{
  service: 'IncidenteModel',
  module: 'Movimientos/Incidente',
  movimientoId: 217,
  empresaId: 5,
  localidadId: 1,
  level: 'info',
  message: 'No se encontr� ronda para el movimiento',
  timestamp: '2025-06-25 15:36:46'
}
{
  service: 'IncidenteModel',
  module: 'Movimientos/Incidente',
  movimientoId: 209,
  empresaId: 2,
  rondaOriginal: 1,
  localidadId: 1,
  prioridad: 'BAJA',
  level: 'info',
  message: 'Iniciando reorganizaci�n por incidente',
  timestamp: '2025-06-25 15:36:46'
}
{
  service: 'IncidenteModel',
  module: 'Movimientos/Incidente',
  movimientoId: 209,
  rondaNumero: 1,
  posicionOriginal: 1,
  posicionFinal: 1,
  level: 'info',
  message: 'Movimiento movido al final de la ronda',
  timestamp: '2025-06-25 15:36:46'
}
{
  service: 'IncidenteModel',
  module: 'Movimientos/Incidente',
  incidenteId: 143,
  movimientoId: 209,
  level: 'info',
  message: 'Movimiento reactivado tras cierre de incidente',
  timestamp: '2025-06-25 15:37:04'
}
{
  service: 'IncidenteModel',
  module: 'Movimientos/Incidente',
  incidenteId: 143,
  cambios: [ 'estado', 'fechaFin' ],
  estadoAnterior: 'ABIERTO',
  estadoNuevo: 'CERRADO',
  level: 'info',
  message: 'Incidente actualizado correctamente',
  timestamp: '2025-06-25 15:37:04'
}
{
  service: 'IncidenteModel',
  module: 'Movimientos/Incidente',
  movimientoId: 243,
  empresaId: 2,
  localidadId: 1,
  level: 'info',
  message: 'No se encontr� ronda para el movimiento',
  timestamp: '2025-06-25 15:37:25'
}
{
  service: 'IncidenteModel',
  module: 'Movimientos/Incidente',
  movimientoId: 217,
  empresaId: 5,
  localidadId: 1,
  level: 'info',
  message: 'No se encontr� ronda para el movimiento',
  timestamp: '2025-06-25 15:37:25'
}
{
  service: 'IncidenteModel',
  module: 'Movimientos/Incidente',
  movimientoId: 243,
  empresaId: 2,
  localidadId: 1,
  level: 'info',
  message: 'No se encontr� ronda para el movimiento',
  timestamp: '2025-06-25 15:37:31'
}
{
  service: 'IncidenteModel',
  module: 'Movimientos/Incidente',
  movimientoId: 217,
  empresaId: 5,
  localidadId: 1,
  level: 'info',
  message: 'No se encontr� ronda para el movimiento',
  timestamp: '2025-06-25 15:37:31'
}
{
  service: 'IncidenteModel',
  module: 'Movimientos/Incidente',
  incidenteId: 144,
  cantidad: 1,
  carpeta: '/var/www/Cosaif/uploads/incidentes/2025/06/25',
  level: 'info',
  message: 'Imagenes procesadas y guardadas',
  timestamp: '2025-06-25 15:38:25'
}
{
  service: 'IncidenteModel',
  module: 'Movimientos/Incidente',
  movimientoId: 209,
  empresaId: 2,
  rondaOriginal: 1,
  localidadId: 1,
  prioridad: 'BAJA',
  level: 'info',
  message: 'Iniciando reorganizaci�n por incidente',
  timestamp: '2025-06-25 15:38:25'
}
{
  service: 'IncidenteModel',
  module: 'Movimientos/Incidente',
  movimientoId: 209,
  rondaNumero: 1,
  posicionOriginal: 1,
  posicionFinal: 1,
  level: 'info',
  message: 'Movimiento movido al final de la ronda',
  timestamp: '2025-06-25 15:38:25'
}
{
  service: 'IncidenteModel',
  module: 'Movimientos/Incidente',
  incidenteId: 144,
  movimientoId: 209,
  empresaId: 2,
  localidadId: 1,
  imagenesGuardadas: 1,
  level: 'info',
  message: 'Incidente creado y procesado',
  timestamp: '2025-06-25 15:38:26'
}
{
  service: 'IncidenteModel',
  module: 'Movimientos/Incidente',
  incidenteId: 144,
  movimientoId: 209,
  level: 'info',
  message: 'Movimiento reactivado tras cierre de incidente',
  timestamp: '2025-06-25 15:38:58'
}
{
  service: 'IncidenteModel',
  module: 'Movimientos/Incidente',
  incidenteId: 144,
  cambios: [ 'estado', 'fechaFin' ],
  estadoAnterior: 'ABIERTO',
  estadoNuevo: 'CERRADO',
  level: 'info',
  message: 'Incidente actualizado correctamente',
  timestamp: '2025-06-25 15:38:58'
}
{
  service: 'IncidenteModel',
  module: 'Movimientos/Incidente',
  movimientoId: 243,
  empresaId: 2,
  localidadId: 1,
  level: 'info',
  message: 'No se encontr� ronda para el movimiento',
  timestamp: '2025-06-25 15:41:38'
}
{
  service: 'IncidenteModel',
  module: 'Movimientos/Incidente',
  movimientoId: 217,
  empresaId: 5,
  localidadId: 1,
  level: 'info',
  message: 'No se encontr� ronda para el movimiento',
  timestamp: '2025-06-25 15:41:38'
}
{
  service: 'IncidenteModel',
  module: 'Movimientos/Incidente',
  movimientoId: 243,
  empresaId: 2,
  localidadId: 1,
  level: 'info',
  message: 'No se encontr� ronda para el movimiento',
  timestamp: '2025-06-25 15:41:45'
}
{
  service: 'IncidenteModel',
  module: 'Movimientos/Incidente',
  movimientoId: 217,
  empresaId: 5,
  localidadId: 1,
  level: 'info',
  message: 'No se encontr� ronda para el movimiento',
  timestamp: '2025-06-25 15:41:45'
}
{
  service: 'IncidenteModel',
  module: 'Movimientos/Incidente',
  movimientoId: 243,
  empresaId: 2,
  localidadId: 1,
  level: 'info',
  message: 'No se encontr� ronda para el movimiento',
  timestamp: '2025-06-25 16:03:03'
}
{
  service: 'IncidenteModel',
  module: 'Movimientos/Incidente',
  movimientoId: 217,
  empresaId: 5,
  localidadId: 1,
  level: 'info',
  message: 'No se encontr� ronda para el movimiento',
  timestamp: '2025-06-25 16:03:03'
}
{
  service: 'IncidenteModel',
  module: 'Movimientos/Incidente',
  movimientoId: 243,
  empresaId: 2,
  localidadId: 1,
  level: 'info',
  message: 'No se encontr� ronda para el movimiento',
  timestamp: '2025-06-25 16:03:11'
}
{
  service: 'IncidenteModel',
  module: 'Movimientos/Incidente',
  movimientoId: 217,
  empresaId: 5,
  localidadId: 1,
  level: 'info',
  message: 'No se encontr� ronda para el movimiento',
  timestamp: '2025-06-25 16:03:11'
}
{
  service: 'IncidenteModel',
  module: 'Movimientos/Incidente',
  movimientoId: 243,
  empresaId: 2,
  localidadId: 1,
  level: 'info',
  message: 'No se encontr� ronda para el movimiento',
  timestamp: '2025-06-25 16:04:11'
}
{
  service: 'IncidenteModel',
  module: 'Movimientos/Incidente',
  movimientoId: 217,
  empresaId: 5,
  localidadId: 1,
  level: 'info',
  message: 'No se encontr� ronda para el movimiento',
  timestamp: '2025-06-25 16:04:11'
}
{
  service: 'IncidenteModel',
  module: 'Movimientos/Incidente',
  movimientoId: 243,
  empresaId: 2,
  localidadId: 1,
  level: 'info',
  message: 'No se encontr� ronda para el movimiento',
  timestamp: '2025-06-25 16:04:41'
}
{
  service: 'IncidenteModel',
  module: 'Movimientos/Incidente',
  movimientoId: 217,
  empresaId: 5,
  localidadId: 1,
  level: 'info',
  message: 'No se encontr� ronda para el movimiento',
  timestamp: '2025-06-25 16:04:41'
}
{
  service: 'IncidenteModel',
  module: 'Movimientos/Incidente',
  movimientoId: 243,
  empresaId: 2,
  localidadId: 1,
  level: 'info',
  message: 'No se encontr� ronda para el movimiento',
  timestamp: '2025-06-25 16:04:43'
}
{
  service: 'IncidenteModel',
  module: 'Movimientos/Incidente',
  movimientoId: 217,
  empresaId: 5,
  localidadId: 1,
  level: 'info',
  message: 'No se encontr� ronda para el movimiento',
  timestamp: '2025-06-25 16:04:43'
}
{
  service: 'IncidenteModel',
  module: 'Movimientos/Incidente',
  movimientoId: 243,
  empresaId: 2,
  localidadId: 1,
  level: 'info',
  message: 'No se encontr� ronda para el movimiento',
  timestamp: '2025-06-25 16:04:47'
}
{
  service: 'IncidenteModel',
  module: 'Movimientos/Incidente',
  movimientoId: 217,
  empresaId: 5,
  localidadId: 1,
  level: 'info',
  message: 'No se encontr� ronda para el movimiento',
  timestamp: '2025-06-25 16:04:47'
}
{
  service: 'IncidenteModel',
  module: 'Movimientos/Incidente',
  movimientoId: 243,
  empresaId: 2,
  localidadId: 1,
  level: 'info',
  message: 'No se encontr� ronda para el movimiento',
  timestamp: '2025-06-25 16:06:16'
}
{
  service: 'IncidenteModel',
  module: 'Movimientos/Incidente',
  movimientoId: 217,
  empresaId: 5,
  localidadId: 1,
  level: 'info',
  message: 'No se encontr� ronda para el movimiento',
  timestamp: '2025-06-25 16:06:16'
}
{
  service: 'IncidenteModel',
  module: 'Movimientos/Incidente',
  movimientoId: 243,
  empresaId: 2,
  localidadId: 1,
  level: 'info',
  message: 'No se encontr� ronda para el movimiento',
  timestamp: '2025-06-25 16:06:19'
}
{
  service: 'IncidenteModel',
  module: 'Movimientos/Incidente',
  movimientoId: 217,
  empresaId: 5,
  localidadId: 1,
  level: 'info',
  message: 'No se encontr� ronda para el movimiento',
  timestamp: '2025-06-25 16:06:19'
}
{
  service: 'IncidenteModel',
  module: 'Movimientos/Incidente',
  movimientoId: 243,
  empresaId: 2,
  localidadId: 1,
  level: 'info',
  message: 'No se encontr� ronda para el movimiento',
  timestamp: '2025-06-25 16:06:32'
}
{
  service: 'IncidenteModel',
  module: 'Movimientos/Incidente',
  movimientoId: 217,
  empresaId: 5,
  localidadId: 1,
  level: 'info',
  message: 'No se encontr� ronda para el movimiento',
  timestamp: '2025-06-25 16:06:32'
}
{
  service: 'IncidenteModel',
  module: 'Movimientos/Incidente',
  movimientoId: 243,
  empresaId: 2,
  localidadId: 1,
  level: 'info',
  message: 'No se encontr� ronda para el movimiento',
  timestamp: '2025-06-25 16:06:33'
}
{
  service: 'IncidenteModel',
  module: 'Movimientos/Incidente',
  movimientoId: 217,
  empresaId: 5,
  localidadId: 1,
  level: 'info',
  message: 'No se encontr� ronda para el movimiento',
  timestamp: '2025-06-25 16:06:33'
}
{
  service: 'IncidenteModel',
  module: 'Movimientos/Incidente',
  movimientoId: 243,
  empresaId: 2,
  localidadId: 1,
  level: 'info',
  message: 'No se encontr� ronda para el movimiento',
  timestamp: '2025-06-25 16:06:36'
}
{
  service: 'IncidenteModel',
  module: 'Movimientos/Incidente',
  movimientoId: 217,
  empresaId: 5,
  localidadId: 1,
  level: 'info',
  message: 'No se encontr� ronda para el movimiento',
  timestamp: '2025-06-25 16:06:36'
}
{
  service: 'IncidenteModel',
  module: 'Movimientos/Incidente',
  movimientoId: 243,
  empresaId: 2,
  localidadId: 1,
  level: 'info',
  message: 'No se encontr� ronda para el movimiento',
  timestamp: '2025-06-25 16:14:55'
}
{
  service: 'IncidenteModel',
  module: 'Movimientos/Incidente',
  movimientoId: 217,
  empresaId: 5,
  localidadId: 1,
  level: 'info',
  message: 'No se encontr� ronda para el movimiento',
  timestamp: '2025-06-25 16:14:55'
}
{
  service: 'IncidenteModel',
  module: 'Movimientos/Incidente',
  incidenteId: 155,
  cantidad: 1,
  carpeta: '/var/www/Cosaif/uploads/incidentes/2025/06/25',
  level: 'info',
  message: 'Imagenes procesadas y guardadas',
  timestamp: '2025-06-25 16:16:12'
}
{
  service: 'IncidenteModel',
  module: 'Movimientos/Incidente',
  movimientoId: 210,
  empresaId: 2,
  rondaOriginal: 1,
  localidadId: 1,
  prioridad: 'BAJA',
  level: 'info',
  message: 'Iniciando reorganizaci�n por incidente',
  timestamp: '2025-06-25 16:16:12'
}
{
  service: 'IncidenteModel',
  module: 'Movimientos/Incidente',
  movimientoId: 210,
  rondaNumero: 1,
  posicionOriginal: 1,
  posicionFinal: 1,
  level: 'info',
  message: 'Movimiento movido al final de la ronda',
  timestamp: '2025-06-25 16:16:12'
}
{
  service: 'IncidenteModel',
  module: 'Movimientos/Incidente',
  incidenteId: 155,
  movimientoId: 210,
  empresaId: 2,
  localidadId: 1,
  imagenesGuardadas: 1,
  level: 'info',
  message: 'Incidente creado y procesado',
  timestamp: '2025-06-25 16:16:13'
}
{
  service: 'IncidenteModel',
  module: 'Movimientos/Incidente',
  movimientoId: 210,
  empresaId: 2,
  rondaOriginal: 1,
  localidadId: 1,
  prioridad: 'BAJA',
  level: 'info',
  message: 'Iniciando reorganizaci�n por incidente',
  timestamp: '2025-06-25 16:17:46'
}
{
  service: 'IncidenteModel',
  module: 'Movimientos/Incidente',
  movimientoId: 210,
  rondaNumero: 1,
  posicionOriginal: 1,
  posicionFinal: 1,
  level: 'info',
  message: 'Movimiento movido al final de la ronda',
  timestamp: '2025-06-25 16:17:46'
}
{
  service: 'IncidenteModel',
  module: 'Movimientos/Incidente',
  movimientoId: 243,
  empresaId: 2,
  localidadId: 1,
  level: 'info',
  message: 'No se encontr� ronda para el movimiento',
  timestamp: '2025-06-25 16:17:46'
}
{
  service: 'IncidenteModel',
  module: 'Movimientos/Incidente',
  movimientoId: 217,
  empresaId: 5,
  localidadId: 1,
  level: 'info',
  message: 'No se encontr� ronda para el movimiento',
  timestamp: '2025-06-25 16:17:46'
}
{
  service: 'IncidenteModel',
  module: 'Movimientos/Incidente',
  movimientoId: 210,
  empresaId: 2,
  rondaOriginal: 1,
  localidadId: 1,
  prioridad: 'BAJA',
  level: 'info',
  message: 'Iniciando reorganizaci�n por incidente',
  timestamp: '2025-06-25 16:18:09'
}
{
  service: 'IncidenteModel',
  module: 'Movimientos/Incidente',
  movimientoId: 210,
  rondaNumero: 1,
  posicionOriginal: 1,
  posicionFinal: 1,
  level: 'info',
  message: 'Movimiento movido al final de la ronda',
  timestamp: '2025-06-25 16:18:09'
}
{
  service: 'IncidenteModel',
  module: 'Movimientos/Incidente',
  movimientoId: 243,
  empresaId: 2,
  localidadId: 1,
  level: 'info',
  message: 'No se encontr� ronda para el movimiento',
  timestamp: '2025-06-25 16:18:09'
}
{
  service: 'IncidenteModel',
  module: 'Movimientos/Incidente',
  movimientoId: 217,
  empresaId: 5,
  localidadId: 1,
  level: 'info',
  message: 'No se encontr� ronda para el movimiento',
  timestamp: '2025-06-25 16:18:09'
}
{
  service: 'IncidenteModel',
  module: 'Movimientos/Incidente',
  movimientoId: 210,
  empresaId: 2,
  rondaOriginal: 1,
  localidadId: 1,
  prioridad: 'BAJA',
  level: 'info',
  message: 'Iniciando reorganizaci�n por incidente',
  timestamp: '2025-06-25 16:18:45'
}
{
  service: 'IncidenteModel',
  module: 'Movimientos/Incidente',
  movimientoId: 210,
  rondaNumero: 1,
  posicionOriginal: 1,
  posicionFinal: 1,
  level: 'info',
  message: 'Movimiento movido al final de la ronda',
  timestamp: '2025-06-25 16:18:45'
}
{
  service: 'IncidenteModel',
  module: 'Movimientos/Incidente',
  movimientoId: 243,
  empresaId: 2,
  localidadId: 1,
  level: 'info',
  message: 'No se encontr� ronda para el movimiento',
  timestamp: '2025-06-25 16:18:45'
}
{
  service: 'IncidenteModel',
  module: 'Movimientos/Incidente',
  movimientoId: 217,
  empresaId: 5,
  localidadId: 1,
  level: 'info',
  message: 'No se encontr� ronda para el movimiento',
  timestamp: '2025-06-25 16:18:45'
}
{
  service: 'IncidenteModel',
  module: 'Movimientos/Incidente',
  movimientoId: 210,
  empresaId: 2,
  rondaOriginal: 1,
  localidadId: 1,
  prioridad: 'BAJA',
  level: 'info',
  message: 'Iniciando reorganizaci�n por incidente',
  timestamp: '2025-06-25 16:19:27'
}
{
  service: 'IncidenteModel',
  module: 'Movimientos/Incidente',
  movimientoId: 210,
  rondaNumero: 1,
  posicionOriginal: 1,
  posicionFinal: 1,
  level: 'info',
  message: 'Movimiento movido al final de la ronda',
  timestamp: '2025-06-25 16:19:27'
}
{
  service: 'IncidenteModel',
  module: 'Movimientos/Incidente',
  movimientoId: 243,
  empresaId: 2,
  localidadId: 1,
  level: 'info',
  message: 'No se encontr� ronda para el movimiento',
  timestamp: '2025-06-25 16:19:27'
}
{
  service: 'IncidenteModel',
  module: 'Movimientos/Incidente',
  movimientoId: 217,
  empresaId: 5,
  localidadId: 1,
  level: 'info',
  message: 'No se encontr� ronda para el movimiento',
  timestamp: '2025-06-25 16:19:27'
}
{
  service: 'IncidenteModel',
  module: 'Movimientos/Incidente',
  movimientoId: 210,
  empresaId: 2,
  rondaOriginal: 1,
  localidadId: 1,
  prioridad: 'BAJA',
  level: 'info',
  message: 'Iniciando reorganizaci�n por incidente',
  timestamp: '2025-06-25 16:19:34'
}
{
  service: 'IncidenteModel',
  module: 'Movimientos/Incidente',
  movimientoId: 210,
  rondaNumero: 1,
  posicionOriginal: 1,
  posicionFinal: 1,
  level: 'info',
  message: 'Movimiento movido al final de la ronda',
  timestamp: '2025-06-25 16:19:34'
}
{
  service: 'IncidenteModel',
  module: 'Movimientos/Incidente',
  movimientoId: 243,
  empresaId: 2,
  localidadId: 1,
  level: 'info',
  message: 'No se encontr� ronda para el movimiento',
  timestamp: '2025-06-25 16:19:34'
}
{
  service: 'IncidenteModel',
  module: 'Movimientos/Incidente',
  movimientoId: 217,
  empresaId: 5,
  localidadId: 1,
  level: 'info',
  message: 'No se encontr� ronda para el movimiento',
  timestamp: '2025-06-25 16:19:34'
}
{
  service: 'IncidenteModel',
  module: 'Movimientos/Incidente',
  movimientoId: 210,
  empresaId: 2,
  rondaOriginal: 1,
  localidadId: 1,
  prioridad: 'BAJA',
  level: 'info',
  message: 'Iniciando reorganizaci�n por incidente',
  timestamp: '2025-06-25 16:19:36'
}
{
  service: 'IncidenteModel',
  module: 'Movimientos/Incidente',
  movimientoId: 210,
  rondaNumero: 1,
  posicionOriginal: 1,
  posicionFinal: 1,
  level: 'info',
  message: 'Movimiento movido al final de la ronda',
  timestamp: '2025-06-25 16:19:36'
}
{
  service: 'IncidenteModel',
  module: 'Movimientos/Incidente',
  movimientoId: 243,
  empresaId: 2,
  localidadId: 1,
  level: 'info',
  message: 'No se encontr� ronda para el movimiento',
  timestamp: '2025-06-25 16:19:36'
}
{
  service: 'IncidenteModel',
  module: 'Movimientos/Incidente',
  movimientoId: 217,
  empresaId: 5,
  localidadId: 1,
  level: 'info',
  message: 'No se encontr� ronda para el movimiento',
  timestamp: '2025-06-25 16:19:36'
}
{
  service: 'IncidenteModel',
  module: 'Movimientos/Incidente',
  movimientoId: 210,
  empresaId: 2,
  rondaOriginal: 1,
  localidadId: 1,
  prioridad: 'BAJA',
  level: 'info',
  message: 'Iniciando reorganizaci�n por incidente',
  timestamp: '2025-06-25 16:19:47'
}
{
  service: 'IncidenteModel',
  module: 'Movimientos/Incidente',
  movimientoId: 210,
  rondaNumero: 1,
  posicionOriginal: 1,
  posicionFinal: 1,
  level: 'info',
  message: 'Movimiento movido al final de la ronda',
  timestamp: '2025-06-25 16:19:47'
}
{
  service: 'IncidenteModel',
  module: 'Movimientos/Incidente',
  movimientoId: 243,
  empresaId: 2,
  localidadId: 1,
  level: 'info',
  message: 'No se encontr� ronda para el movimiento',
  timestamp: '2025-06-25 16:19:47'
}
{
  service: 'IncidenteModel',
  module: 'Movimientos/Incidente',
  movimientoId: 217,
  empresaId: 5,
  localidadId: 1,
  level: 'info',
  message: 'No se encontr� ronda para el movimiento',
  timestamp: '2025-06-25 16:19:47'
}
{
  service: 'IncidenteModel',
  module: 'Movimientos/Incidente',
  movimientoId: 210,
  empresaId: 2,
  rondaOriginal: 1,
  localidadId: 1,
  prioridad: 'BAJA',
  level: 'info',
  message: 'Iniciando reorganizaci�n por incidente',
  timestamp: '2025-06-25 16:20:58'
}
{
  service: 'IncidenteModel',
  module: 'Movimientos/Incidente',
  movimientoId: 210,
  rondaNumero: 1,
  posicionOriginal: 1,
  posicionFinal: 1,
  level: 'info',
  message: 'Movimiento movido al final de la ronda',
  timestamp: '2025-06-25 16:20:58'
}
{
  service: 'IncidenteModel',
  module: 'Movimientos/Incidente',
  movimientoId: 243,
  empresaId: 2,
  localidadId: 1,
  level: 'info',
  message: 'No se encontr� ronda para el movimiento',
  timestamp: '2025-06-25 16:20:58'
}
{
  service: 'IncidenteModel',
  module: 'Movimientos/Incidente',
  movimientoId: 217,
  empresaId: 5,
  localidadId: 1,
  level: 'info',
  message: 'No se encontr� ronda para el movimiento',
  timestamp: '2025-06-25 16:20:58'
}
{
  service: 'IncidenteModel',
  module: 'Movimientos/Incidente',
  movimientoId: 210,
  empresaId: 2,
  rondaOriginal: 1,
  localidadId: 1,
  prioridad: 'BAJA',
  level: 'info',
  message: 'Iniciando reorganizaci�n por incidente',
  timestamp: '2025-06-25 16:21:01'
}
{
  service: 'IncidenteModel',
  module: 'Movimientos/Incidente',
  movimientoId: 210,
  rondaNumero: 1,
  posicionOriginal: 1,
  posicionFinal: 1,
  level: 'info',
  message: 'Movimiento movido al final de la ronda',
  timestamp: '2025-06-25 16:21:01'
}
{
  service: 'IncidenteModel',
  module: 'Movimientos/Incidente',
  movimientoId: 243,
  empresaId: 2,
  localidadId: 1,
  level: 'info',
  message: 'No se encontr� ronda para el movimiento',
  timestamp: '2025-06-25 16:21:02'
}
{
  service: 'IncidenteModel',
  module: 'Movimientos/Incidente',
  movimientoId: 217,
  empresaId: 5,
  localidadId: 1,
  level: 'info',
  message: 'No se encontr� ronda para el movimiento',
  timestamp: '2025-06-25 16:21:02'
}
{
  service: 'IncidenteModel',
  module: 'Movimientos/Incidente',
  movimientoId: 210,
  empresaId: 2,
  rondaOriginal: 1,
  localidadId: 1,
  prioridad: 'BAJA',
  level: 'info',
  message: 'Iniciando reorganizaci�n por incidente',
  timestamp: '2025-06-25 16:21:28'
}
{
  service: 'IncidenteModel',
  module: 'Movimientos/Incidente',
  movimientoId: 210,
  rondaNumero: 1,
  posicionOriginal: 1,
  posicionFinal: 1,
  level: 'info',
  message: 'Movimiento movido al final de la ronda',
  timestamp: '2025-06-25 16:21:28'
}
{
  service: 'IncidenteModel',
  module: 'Movimientos/Incidente',
  movimientoId: 243,
  empresaId: 2,
  localidadId: 1,
  level: 'info',
  message: 'No se encontr� ronda para el movimiento',
  timestamp: '2025-06-25 16:21:28'
}
{
  service: 'IncidenteModel',
  module: 'Movimientos/Incidente',
  movimientoId: 217,
  empresaId: 5,
  localidadId: 1,
  level: 'info',
  message: 'No se encontr� ronda para el movimiento',
  timestamp: '2025-06-25 16:21:28'
}
{
  service: 'IncidenteModel',
  module: 'Movimientos/Incidente',
  movimientoId: 210,
  empresaId: 2,
  rondaOriginal: 1,
  localidadId: 1,
  prioridad: 'BAJA',
  level: 'info',
  message: 'Iniciando reorganizaci�n por incidente',
  timestamp: '2025-06-25 16:21:38'
}
{
  service: 'IncidenteModel',
  module: 'Movimientos/Incidente',
  movimientoId: 210,
  rondaNumero: 1,
  posicionOriginal: 1,
  posicionFinal: 1,
  level: 'info',
  message: 'Movimiento movido al final de la ronda',
  timestamp: '2025-06-25 16:21:38'
}
{
  service: 'IncidenteModel',
  module: 'Movimientos/Incidente',
  movimientoId: 243,
  empresaId: 2,
  localidadId: 1,
  level: 'info',
  message: 'No se encontr� ronda para el movimiento',
  timestamp: '2025-06-25 16:21:38'
}
{
  service: 'IncidenteModel',
  module: 'Movimientos/Incidente',
  movimientoId: 217,
  empresaId: 5,
  localidadId: 1,
  level: 'info',
  message: 'No se encontr� ronda para el movimiento',
  timestamp: '2025-06-25 16:21:38'
}
{
  service: 'IncidenteModel',
  module: 'Movimientos/Incidente',
  movimientoId: 210,
  empresaId: 2,
  rondaOriginal: 1,
  localidadId: 1,
  prioridad: 'BAJA',
  level: 'info',
  message: 'Iniciando reorganizaci�n por incidente',
  timestamp: '2025-06-25 16:21:40'
}
{
  service: 'IncidenteModel',
  module: 'Movimientos/Incidente',
  movimientoId: 210,
  rondaNumero: 1,
  posicionOriginal: 1,
  posicionFinal: 1,
  level: 'info',
  message: 'Movimiento movido al final de la ronda',
  timestamp: '2025-06-25 16:21:40'
}
{
  service: 'IncidenteModel',
  module: 'Movimientos/Incidente',
  movimientoId: 243,
  empresaId: 2,
  localidadId: 1,
  level: 'info',
  message: 'No se encontr� ronda para el movimiento',
  timestamp: '2025-06-25 16:21:40'
}
{
  service: 'IncidenteModel',
  module: 'Movimientos/Incidente',
  movimientoId: 217,
  empresaId: 5,
  localidadId: 1,
  level: 'info',
  message: 'No se encontr� ronda para el movimiento',
  timestamp: '2025-06-25 16:21:40'
}
{
  service: 'IncidenteModel',
  module: 'Movimientos/Incidente',
  movimientoId: 210,
  empresaId: 2,
  rondaOriginal: 1,
  localidadId: 1,
  prioridad: 'BAJA',
  level: 'info',
  message: 'Iniciando reorganizaci�n por incidente',
  timestamp: '2025-06-25 16:21:42'
}
{
  service: 'IncidenteModel',
  module: 'Movimientos/Incidente',
  movimientoId: 210,
  rondaNumero: 1,
  posicionOriginal: 1,
  posicionFinal: 1,
  level: 'info',
  message: 'Movimiento movido al final de la ronda',
  timestamp: '2025-06-25 16:21:42'
}
{
  service: 'IncidenteModel',
  module: 'Movimientos/Incidente',
  movimientoId: 243,
  empresaId: 2,
  localidadId: 1,
  level: 'info',
  message: 'No se encontr� ronda para el movimiento',
  timestamp: '2025-06-25 16:21:43'
}
{
  service: 'IncidenteModel',
  module: 'Movimientos/Incidente',
  movimientoId: 217,
  empresaId: 5,
  localidadId: 1,
  level: 'info',
  message: 'No se encontr� ronda para el movimiento',
  timestamp: '2025-06-25 16:21:43'
}
{
  service: 'IncidenteModel',
  module: 'Movimientos/Incidente',
  movimientoId: 210,
  empresaId: 2,
  rondaOriginal: 1,
  localidadId: 1,
  prioridad: 'BAJA',
  level: 'info',
  message: 'Iniciando reorganizaci�n por incidente',
  timestamp: '2025-06-25 16:22:16'
}
{
  service: 'IncidenteModel',
  module: 'Movimientos/Incidente',
  movimientoId: 210,
  rondaNumero: 1,
  posicionOriginal: 1,
  posicionFinal: 2,
  level: 'info',
  message: 'Movimiento movido al final de la ronda',
  timestamp: '2025-06-25 16:22:16'
}
{
  service: 'IncidenteModel',
  module: 'Movimientos/Incidente',
  movimientoId: 243,
  empresaId: 2,
  localidadId: 1,
  level: 'info',
  message: 'No se encontr� ronda para el movimiento',
  timestamp: '2025-06-25 16:22:16'
}
{
  service: 'IncidenteModel',
  module: 'Movimientos/Incidente',
  movimientoId: 217,
  empresaId: 5,
  localidadId: 1,
  level: 'info',
  message: 'No se encontr� ronda para el movimiento',
  timestamp: '2025-06-25 16:22:16'
}
{
  service: 'IncidenteModel',
  module: 'Movimientos/Incidente',
  incidenteId: 156,
  cantidad: 1,
  carpeta: '/var/www/Cosaif/uploads/incidentes/2025/06/25',
  level: 'info',
  message: 'Imagenes procesadas y guardadas',
  timestamp: '2025-06-25 16:22:39'
}
{
  service: 'IncidenteModel',
  module: 'Movimientos/Incidente',
  movimientoId: 210,
  empresaId: 2,
  rondaOriginal: 1,
  localidadId: 1,
  prioridad: 'BAJA',
  level: 'info',
  message: 'Iniciando reorganizaci�n por incidente',
  timestamp: '2025-06-25 16:22:39'
}
{
  service: 'IncidenteModel',
  module: 'Movimientos/Incidente',
  movimientoId: 210,
  rondaNumero: 1,
  posicionOriginal: 1,
  posicionFinal: 2,
  level: 'info',
  message: 'Movimiento movido al final de la ronda',
  timestamp: '2025-06-25 16:22:39'
}
{
  service: 'IncidenteModel',
  module: 'Movimientos/Incidente',
  incidenteId: 156,
  movimientoId: 210,
  empresaId: 2,
  localidadId: 1,
  imagenesGuardadas: 1,
  level: 'info',
  message: 'Incidente creado y procesado',
  timestamp: '2025-06-25 16:22:40'
}
{
  service: 'IncidenteModel',
  module: 'Movimientos/Incidente',
  movimientoId: 210,
  empresaId: 2,
  rondaOriginal: 1,
  localidadId: 1,
  prioridad: 'BAJA',
  unicaEmpresa: false,
  level: 'info',
  message: 'Iniciando reorganizaci�n por incidente',
  timestamp: '2025-06-25 19:42:47'
}
{
  service: 'IncidenteModel',
  module: 'Movimientos/Incidente',
  movimientoId: 210,
  empresaId: 2,
  desdeRonda: 1,
  level: 'info',
  message: 'Iniciando efecto domin�',
  timestamp: '2025-06-25 19:42:47'
}
{
  service: 'IncidenteModel',
  module: 'Movimientos/Incidente',
  movimientoId: 210,
  empresaId: 2,
  rondasAjustadas: 22,
  level: 'info',
  message: 'Efecto domin� completado',
  timestamp: '2025-06-25 19:42:47'
}
{
  service: 'IncidenteModel',
  module: 'Movimientos/Incidente',
  movimientoId: 243,
  empresaId: 2,
  localidadId: 1,
  level: 'info',
  message: 'No se encontr� ronda para el movimiento',
  timestamp: '2025-06-25 19:42:47'
}
{
  service: 'IncidenteModel',
  module: 'Movimientos/Incidente',
  movimientoId: 217,
  empresaId: 5,
  localidadId: 1,
  level: 'info',
  message: 'No se encontr� ronda para el movimiento',
  timestamp: '2025-06-25 19:42:47'
}
{
  service: 'IncidenteModel',
  module: 'Movimientos/Incidente',
  incidenteId: 157,
  cantidad: 1,
  carpeta: '/var/www/Cosaif/uploads/incidentes/2025/06/25',
  level: 'info',
  message: 'Imagenes procesadas y guardadas',
  timestamp: '2025-06-25 19:43:24'
}
{
  service: 'IncidenteModel',
  module: 'Movimientos/Incidente',
  movimientoId: 210,
  empresaId: 2,
  rondaOriginal: 2,
  localidadId: 1,
  prioridad: 'BAJA',
  unicaEmpresa: false,
  level: 'info',
  message: 'Iniciando reorganizaci�n por incidente',
  timestamp: '2025-06-25 19:43:24'
}
{
  service: 'IncidenteModel',
  module: 'Movimientos/Incidente',
  movimientoId: 210,
  empresaId: 2,
  desdeRonda: 2,
  level: 'info',
  message: 'Iniciando efecto domin�',
  timestamp: '2025-06-25 19:43:24'
}
{
  service: 'IncidenteModel',
  module: 'Movimientos/Incidente',
  movimientoId: 210,
  empresaId: 2,
  rondasAjustadas: 22,
  level: 'info',
  message: 'Efecto domin� completado',
  timestamp: '2025-06-25 19:43:24'
}
{
  service: 'IncidenteModel',
  module: 'Movimientos/Incidente',
  incidenteId: 157,
  movimientoId: 210,
  empresaId: 2,
  localidadId: 1,
  imagenesGuardadas: 1,
  level: 'info',
  message: 'Incidente creado y procesado',
  timestamp: '2025-06-25 19:43:24'
}
{
  service: 'IncidenteModel',
  module: 'Movimientos/Incidente',
  movimientoId: 243,
  empresaId: 2,
  localidadId: 1,
  level: 'info',
  message: 'No se encontr� ronda para el movimiento',
  timestamp: '2025-06-25 19:43:41'
}
{
  service: 'IncidenteModel',
  module: 'Movimientos/Incidente',
  movimientoId: 210,
  empresaId: 2,
  rondaOriginal: 3,
  localidadId: 1,
  prioridad: 'BAJA',
  unicaEmpresa: false,
  level: 'info',
  message: 'Iniciando reorganizaci�n por incidente',
  timestamp: '2025-06-25 19:43:41'
}
{
  service: 'IncidenteModel',
  module: 'Movimientos/Incidente',
  movimientoId: 210,
  empresaId: 2,
  desdeRonda: 3,
  level: 'info',
  message: 'Iniciando efecto domin�',
  timestamp: '2025-06-25 19:43:41'
}
{
  service: 'IncidenteModel',
  module: 'Movimientos/Incidente',
  movimientoId: 210,
  empresaId: 2,
  rondasAjustadas: 22,
  level: 'info',
  message: 'Efecto domin� completado',
  timestamp: '2025-06-25 19:43:41'
}
{
  service: 'IncidenteModel',
  module: 'Movimientos/Incidente',
  movimientoId: 217,
  empresaId: 5,
  localidadId: 1,
  level: 'info',
  message: 'No se encontr� ronda para el movimiento',
  timestamp: '2025-06-25 19:43:41'
}
{
  service: 'IncidenteModel',
  module: 'Movimientos/Incidente',
  movimientoId: 243,
  empresaId: 2,
  localidadId: 1,
  level: 'info',
  message: 'No se encontr� ronda para el movimiento',
  timestamp: '2025-06-25 19:43:59'
}
{
  service: 'IncidenteModel',
  module: 'Movimientos/Incidente',
  movimientoId: 210,
  empresaId: 2,
  rondaOriginal: 4,
  localidadId: 1,
  prioridad: 'BAJA',
  unicaEmpresa: false,
  level: 'info',
  message: 'Iniciando reorganizaci�n por incidente',
  timestamp: '2025-06-25 19:43:59'
}
{
  service: 'IncidenteModel',
  module: 'Movimientos/Incidente',
  movimientoId: 210,
  empresaId: 2,
  desdeRonda: 4,
  level: 'info',
  message: 'Iniciando efecto domin�',
  timestamp: '2025-06-25 19:43:59'
}
{
  service: 'IncidenteModel',
  module: 'Movimientos/Incidente',
  movimientoId: 210,
  empresaId: 2,
  rondasAjustadas: 22,
  level: 'info',
  message: 'Efecto domin� completado',
  timestamp: '2025-06-25 19:43:59'
}
{
  service: 'IncidenteModel',
  module: 'Movimientos/Incidente',
  movimientoId: 217,
  empresaId: 5,
  localidadId: 1,
  level: 'info',
  message: 'No se encontr� ronda para el movimiento',
  timestamp: '2025-06-25 19:43:59'
}
{
  service: 'IncidenteModel',
  module: 'Movimientos/Incidente',
  movimientoId: 243,
  empresaId: 2,
  localidadId: 1,
  level: 'info',
  message: 'No se encontr� ronda para el movimiento',
  timestamp: '2025-06-25 21:13:05'
}
{
  service: 'IncidenteModel',
  module: 'Movimientos/Incidente',
  movimientoId: 210,
  empresaId: 2,
  rondaOriginal: 5,
  localidadId: 1,
  prioridad: 'BAJA',
  unicaEmpresa: false,
  level: 'info',
  message: 'Iniciando reorganizaci�n por incidente',
  timestamp: '2025-06-25 21:13:05'
}
{
  service: 'IncidenteModel',
  module: 'Movimientos/Incidente',
  movimientoId: 210,
  empresaId: 2,
  desdeRonda: 5,
  level: 'info',
  message: 'Iniciando efecto domin�',
  timestamp: '2025-06-25 21:13:05'
}
{
  service: 'IncidenteModel',
  module: 'Movimientos/Incidente',
  movimientoId: 210,
  empresaId: 2,
  rondasAjustadas: 22,
  level: 'info',
  message: 'Efecto domin� completado',
  timestamp: '2025-06-25 21:13:05'
}
{
  service: 'IncidenteModel',
  module: 'Movimientos/Incidente',
  movimientoId: 217,
  empresaId: 5,
  localidadId: 1,
  level: 'info',
  message: 'No se encontr� ronda para el movimiento',
  timestamp: '2025-06-25 21:13:05'
}
{
  service: 'IncidenteModel',
  module: 'Movimientos/Incidente',
  movimientoId: 243,
  empresaId: 2,
  localidadId: 1,
  level: 'info',
  message: 'No se encontr� ronda para el movimiento',
  timestamp: '2025-06-25 21:15:54'
}
{
  service: 'IncidenteModel',
  module: 'Movimientos/Incidente',
  movimientoId: 217,
  empresaId: 5,
  localidadId: 1,
  level: 'info',
  message: 'No se encontr� ronda para el movimiento',
  timestamp: '2025-06-25 21:15:54'
}
{
  service: 'IncidenteModel',
  module: 'Movimientos/Incidente',
  movimientoId: 243,
  empresaId: 2,
  localidadId: 1,
  level: 'info',
  message: 'No se encontr� ronda para el movimiento',
  timestamp: '2025-06-25 21:16:06'
}
{
  service: 'IncidenteModel',
  module: 'Movimientos/Incidente',
  movimientoId: 217,
  empresaId: 5,
  localidadId: 1,
  level: 'info',
  message: 'No se encontr� ronda para el movimiento',
  timestamp: '2025-06-25 21:16:06'
}
{
  service: 'IncidenteModel',
  module: 'Movimientos/Incidente',
  incidenteId: 158,
  cantidad: 1,
  carpeta: '/var/www/Cosaif/uploads/incidentes/2025/06/25',
  level: 'info',
  message: 'Imagenes procesadas y guardadas',
  timestamp: '2025-06-25 21:16:37'
}
{
  service: 'IncidenteModel',
  module: 'Movimientos/Incidente',
  movimientoId: 210,
  empresaId: 2,
  rondaOriginal: 6,
  localidadId: 1,
  prioridad: 'BAJA',
  unicaEmpresa: false,
  level: 'info',
  message: 'Iniciando reorganizaci�n por incidente',
  timestamp: '2025-06-25 21:16:37'
}
{
  service: 'IncidenteModel',
  module: 'Movimientos/Incidente',
  movimientoId: 210,
  empresaId: 2,
  desdeRonda: 6,
  level: 'info',
  message: 'Iniciando efecto domin�',
  timestamp: '2025-06-25 21:16:37'
}
{
  service: 'IncidenteModel',
  module: 'Movimientos/Incidente',
  movimientoId: 210,
  empresaId: 2,
  rondasAjustadas: 22,
  level: 'info',
  message: 'Efecto domin� completado',
  timestamp: '2025-06-25 21:16:37'
}
{
  service: 'IncidenteModel',
  module: 'Movimientos/Incidente',
  incidenteId: 158,
  movimientoId: 210,
  empresaId: 2,
  localidadId: 1,
  imagenesGuardadas: 1,
  level: 'info',
  message: 'Incidente creado y procesado',
  timestamp: '2025-06-25 21:16:38'
}
{
  service: 'IncidenteModel',
  module: 'Movimientos/Incidente',
  movimientoId: 243,
  empresaId: 2,
  localidadId: 1,
  level: 'info',
  message: 'No se encontr� ronda para el movimiento',
  timestamp: '2025-06-25 21:17:42'
}
{
  service: 'IncidenteModel',
  module: 'Movimientos/Incidente',
  movimientoId: 210,
  empresaId: 2,
  rondaOriginal: 7,
  localidadId: 1,
  prioridad: 'BAJA',
  unicaEmpresa: false,
  level: 'info',
  message: 'Iniciando reorganizaci�n por incidente',
  timestamp: '2025-06-25 21:17:42'
}
{
  service: 'IncidenteModel',
  module: 'Movimientos/Incidente',
  movimientoId: 210,
  empresaId: 2,
  desdeRonda: 7,
  level: 'info',
  message: 'Iniciando efecto domin�',
  timestamp: '2025-06-25 21:17:42'
}
{
  service: 'IncidenteModel',
  module: 'Movimientos/Incidente',
  movimientoId: 210,
  empresaId: 2,
  rondasAjustadas: 22,
  level: 'info',
  message: 'Efecto domin� completado',
  timestamp: '2025-06-25 21:17:42'
}
{
  service: 'IncidenteModel',
  module: 'Movimientos/Incidente',
  movimientoId: 217,
  empresaId: 5,
  localidadId: 1,
  level: 'info',
  message: 'No se encontr� ronda para el movimiento',
  timestamp: '2025-06-25 21:17:42'
}
{
  service: 'IncidenteModel',
  module: 'Movimientos/Incidente',
  movimientoId: 243,
  empresaId: 2,
  localidadId: 1,
  level: 'info',
  message: 'No se encontr� ronda para el movimiento',
  timestamp: '2025-06-25 21:17:46'
}
{
  service: 'IncidenteModel',
  module: 'Movimientos/Incidente',
  movimientoId: 210,
  empresaId: 2,
  rondaOriginal: 8,
  localidadId: 1,
  prioridad: 'BAJA',
  unicaEmpresa: false,
  level: 'info',
  message: 'Iniciando reorganizaci�n por incidente',
  timestamp: '2025-06-25 21:17:46'
}
{
  service: 'IncidenteModel',
  module: 'Movimientos/Incidente',
  movimientoId: 210,
  empresaId: 2,
  desdeRonda: 8,
  level: 'info',
  message: 'Iniciando efecto domin�',
  timestamp: '2025-06-25 21:17:46'
}
{
  service: 'IncidenteModel',
  module: 'Movimientos/Incidente',
  movimientoId: 210,
  empresaId: 2,
  rondasAjustadas: 22,
  level: 'info',
  message: 'Efecto domin� completado',
  timestamp: '2025-06-25 21:17:46'
}
{
  service: 'IncidenteModel',
  module: 'Movimientos/Incidente',
  movimientoId: 217,
  empresaId: 5,
  localidadId: 1,
  level: 'info',
  message: 'No se encontr� ronda para el movimiento',
  timestamp: '2025-06-25 21:17:46'
}
{
  service: 'IncidenteModel',
  module: 'Movimientos/Incidente',
  incidenteId: 158,
  movimientoId: 210,
  level: 'info',
  message: 'Movimiento reactivado tras cierre de incidente',
  timestamp: '2025-06-25 21:18:03'
}
{
  service: 'IncidenteModel',
  module: 'Movimientos/Incidente',
  incidenteId: 158,
  cambios: [ 'estado', 'fechaFin' ],
  estadoAnterior: 'ABIERTO',
  estadoNuevo: 'CERRADO',
  level: 'info',
  message: 'Incidente actualizado correctamente',
  timestamp: '2025-06-25 21:18:03'
}
{
  service: 'IncidenteModel',
  module: 'Movimientos/Incidente',
  movimientoId: 210,
  empresaId: 2,
  rondaOriginal: 9,
  localidadId: 1,
  prioridad: 'BAJA',
  unicaEmpresa: false,
  level: 'info',
  message: 'Iniciando reorganizaci�n por incidente',
  timestamp: '2025-06-25 21:18:03'
}
{
  service: 'IncidenteModel',
  module: 'Movimientos/Incidente',
  movimientoId: 210,
  empresaId: 2,
  desdeRonda: 9,
  level: 'info',
  message: 'Iniciando efecto domin�',
  timestamp: '2025-06-25 21:18:03'
}
{
  service: 'IncidenteModel',
  module: 'Movimientos/Incidente',
  movimientoId: 210,
  empresaId: 2,
  rondasAjustadas: 22,
  level: 'info',
  message: 'Efecto domin� completado',
  timestamp: '2025-06-25 21:18:03'
}
{
  service: 'IncidenteModel',
  module: 'Movimientos/Incidente',
  incidenteId: 159,
  cantidad: 1,
  carpeta: '/var/www/Cosaif/uploads/incidentes/2025/06/25',
  level: 'info',
  message: 'Imagenes procesadas y guardadas',
  timestamp: '2025-06-25 21:18:39'
}
{
  service: 'IncidenteModel',
  module: 'Movimientos/Incidente',
  movimientoId: 210,
  empresaId: 2,
  rondaOriginal: 10,
  localidadId: 1,
  prioridad: 'BAJA',
  unicaEmpresa: false,
  level: 'info',
  message: 'Iniciando reorganizaci�n por incidente',
  timestamp: '2025-06-25 21:18:39'
}
{
  service: 'IncidenteModel',
  module: 'Movimientos/Incidente',
  movimientoId: 210,
  empresaId: 2,
  desdeRonda: 10,
  level: 'info',
  message: 'Iniciando efecto domin�',
  timestamp: '2025-06-25 21:18:39'
}
{
  service: 'IncidenteModel',
  module: 'Movimientos/Incidente',
  movimientoId: 210,
  empresaId: 2,
  rondasAjustadas: 22,
  level: 'info',
  message: 'Efecto domin� completado',
  timestamp: '2025-06-25 21:18:39'
}
{
  service: 'IncidenteModel',
  module: 'Movimientos/Incidente',
  incidenteId: 159,
  movimientoId: 210,
  empresaId: 2,
  localidadId: 1,
  imagenesGuardadas: 1,
  level: 'info',
  message: 'Incidente creado y procesado',
  timestamp: '2025-06-25 21:18:40'
}
{
  service: 'IncidenteModel',
  module: 'Movimientos/Incidente',
  movimientoId: 243,
  empresaId: 2,
  localidadId: 1,
  level: 'info',
  message: 'No se encontr� ronda para el movimiento',
  timestamp: '2025-06-25 21:19:00'
}
{
  service: 'IncidenteModel',
  module: 'Movimientos/Incidente',
  movimientoId: 210,
  empresaId: 2,
  rondaOriginal: 11,
  localidadId: 1,
  prioridad: 'BAJA',
  unicaEmpresa: false,
  level: 'info',
  message: 'Iniciando reorganizaci�n por incidente',
  timestamp: '2025-06-25 21:19:00'
}
{
  service: 'IncidenteModel',
  module: 'Movimientos/Incidente',
  movimientoId: 210,
  empresaId: 2,
  desdeRonda: 11,
  level: 'info',
  message: 'Iniciando efecto domin�',
  timestamp: '2025-06-25 21:19:00'
}
{
  service: 'IncidenteModel',
  module: 'Movimientos/Incidente',
  movimientoId: 210,
  empresaId: 2,
  rondasAjustadas: 22,
  level: 'info',
  message: 'Efecto domin� completado',
  timestamp: '2025-06-25 21:19:00'
}
{
  service: 'IncidenteModel',
  module: 'Movimientos/Incidente',
  movimientoId: 217,
  empresaId: 5,
  localidadId: 1,
  level: 'info',
  message: 'No se encontr� ronda para el movimiento',
  timestamp: '2025-06-25 21:19:00'
}
{
  service: 'IncidenteModel',
  module: 'Movimientos/Incidente',
  movimientoId: 243,
  empresaId: 2,
  localidadId: 1,
  level: 'info',
  message: 'No se encontr� ronda para el movimiento',
  timestamp: '2025-06-25 21:19:04'
}
{
  service: 'IncidenteModel',
  module: 'Movimientos/Incidente',
  movimientoId: 210,
  empresaId: 2,
  rondaOriginal: 12,
  localidadId: 1,
  prioridad: 'BAJA',
  unicaEmpresa: false,
  level: 'info',
  message: 'Iniciando reorganizaci�n por incidente',
  timestamp: '2025-06-25 21:19:04'
}
{
  service: 'IncidenteModel',
  module: 'Movimientos/Incidente',
  movimientoId: 210,
  empresaId: 2,
  desdeRonda: 12,
  level: 'info',
  message: 'Iniciando efecto domin�',
  timestamp: '2025-06-25 21:19:04'
}
{
  service: 'IncidenteModel',
  module: 'Movimientos/Incidente',
  movimientoId: 210,
  empresaId: 2,
  rondasAjustadas: 22,
  level: 'info',
  message: 'Efecto domin� completado',
  timestamp: '2025-06-25 21:19:04'
}
{
  service: 'IncidenteModel',
  module: 'Movimientos/Incidente',
  movimientoId: 217,
  empresaId: 5,
  localidadId: 1,
  level: 'info',
  message: 'No se encontr� ronda para el movimiento',
  timestamp: '2025-06-25 21:19:04'
}
{
  service: 'IncidenteModel',
  module: 'Movimientos/Incidente',
  movimientoId: 243,
  empresaId: 2,
  localidadId: 1,
  level: 'info',
  message: 'No se encontr� ronda para el movimiento',
  timestamp: '2025-06-25 21:19:08'
}
{
  service: 'IncidenteModel',
  module: 'Movimientos/Incidente',
  movimientoId: 210,
  empresaId: 2,
  rondaOriginal: 13,
  localidadId: 1,
  prioridad: 'BAJA',
  unicaEmpresa: false,
  level: 'info',
  message: 'Iniciando reorganizaci�n por incidente',
  timestamp: '2025-06-25 21:19:08'
}
{
  service: 'IncidenteModel',
  module: 'Movimientos/Incidente',
  movimientoId: 210,
  empresaId: 2,
  desdeRonda: 13,
  level: 'info',
  message: 'Iniciando efecto domin�',
  timestamp: '2025-06-25 21:19:08'
}
{
  service: 'IncidenteModel',
  module: 'Movimientos/Incidente',
  movimientoId: 210,
  empresaId: 2,
  rondasAjustadas: 22,
  level: 'info',
  message: 'Efecto domin� completado',
  timestamp: '2025-06-25 21:19:08'
}
{
  service: 'IncidenteModel',
  module: 'Movimientos/Incidente',
  movimientoId: 217,
  empresaId: 5,
  localidadId: 1,
  level: 'info',
  message: 'No se encontr� ronda para el movimiento',
  timestamp: '2025-06-25 21:19:08'
}
{
  service: 'IncidenteModel',
  module: 'Movimientos/Incidente',
  incidenteId: 159,
  movimientoId: 210,
  level: 'info',
  message: 'Movimiento reactivado tras cierre de incidente',
  timestamp: '2025-06-25 21:19:23'
}
{
  service: 'IncidenteModel',
  module: 'Movimientos/Incidente',
  incidenteId: 159,
  cambios: [ 'estado', 'fechaFin' ],
  estadoAnterior: 'ABIERTO',
  estadoNuevo: 'CERRADO',
  level: 'info',
  message: 'Incidente actualizado correctamente',
  timestamp: '2025-06-25 21:19:24'
}
{
  service: 'IncidenteModel',
  module: 'Movimientos/Incidente',
  movimientoId: 210,
  empresaId: 2,
  rondaOriginal: 14,
  localidadId: 1,
  prioridad: 'BAJA',
  unicaEmpresa: false,
  level: 'info',
  message: 'Iniciando reorganizaci�n por incidente',
  timestamp: '2025-06-25 21:19:24'
}
{
  service: 'IncidenteModel',
  module: 'Movimientos/Incidente',
  movimientoId: 210,
  empresaId: 2,
  desdeRonda: 14,
  level: 'info',
  message: 'Iniciando efecto domin�',
  timestamp: '2025-06-25 21:19:24'
}
{
  service: 'IncidenteModel',
  module: 'Movimientos/Incidente',
  movimientoId: 210,
  empresaId: 2,
  rondasAjustadas: 22,
  level: 'info',
  message: 'Efecto domin� completado',
  timestamp: '2025-06-25 21:19:24'
}
{
  service: 'IncidenteModel',
  module: 'Movimientos/Incidente',
  movimientoId: 243,
  empresaId: 2,
  localidadId: 1,
  level: 'info',
  message: 'No se encontr� ronda para el movimiento',
  timestamp: '2025-06-25 21:21:21'
}
{
  service: 'IncidenteModel',
  module: 'Movimientos/Incidente',
  movimientoId: 217,
  empresaId: 5,
  localidadId: 1,
  level: 'info',
  message: 'No se encontr� ronda para el movimiento',
  timestamp: '2025-06-25 21:21:21'
}
{
  service: 'IncidenteModel',
  module: 'Movimientos/Incidente',
  movimientoId: 243,
  empresaId: 2,
  localidadId: 1,
  level: 'info',
  message: 'No se encontr� ronda para el movimiento',
  timestamp: '2025-06-25 21:21:33'
}
{
  service: 'IncidenteModel',
  module: 'Movimientos/Incidente',
  movimientoId: 217,
  empresaId: 5,
  localidadId: 1,
  level: 'info',
  message: 'No se encontr� ronda para el movimiento',
  timestamp: '2025-06-25 21:21:33'
}
{
  service: 'IncidenteModel',
  module: 'Movimientos/Incidente',
  movimientoId: 243,
  empresaId: 2,
  localidadId: 1,
  level: 'info',
  message: 'No se encontr� ronda para el movimiento',
  timestamp: '2025-06-25 21:23:18'
}
{
  service: 'IncidenteModel',
  module: 'Movimientos/Incidente',
  movimientoId: 217,
  empresaId: 5,
  localidadId: 1,
  level: 'info',
  message: 'No se encontr� ronda para el movimiento',
  timestamp: '2025-06-25 21:23:18'
}
{
  service: 'IncidenteModel',
  module: 'Movimientos/Incidente',
  movimientoId: 243,
  empresaId: 2,
  localidadId: 1,
  level: 'info',
  message: 'No se encontr� ronda para el movimiento',
  timestamp: '2025-06-25 21:24:39'
}
{
  service: 'IncidenteModel',
  module: 'Movimientos/Incidente',
  movimientoId: 217,
  empresaId: 5,
  localidadId: 1,
  level: 'info',
  message: 'No se encontr� ronda para el movimiento',
  timestamp: '2025-06-25 21:24:39'
}
{
  service: 'IncidenteModel',
  module: 'Movimientos/Incidente',
  movimientoId: 243,
  empresaId: 2,
  localidadId: 1,
  level: 'info',
  message: 'No se encontr� ronda para el movimiento',
  timestamp: '2025-06-25 21:24:45'
}
{
  service: 'IncidenteModel',
  module: 'Movimientos/Incidente',
  movimientoId: 217,
  empresaId: 5,
  localidadId: 1,
  level: 'info',
  message: 'No se encontr� ronda para el movimiento',
  timestamp: '2025-06-25 21:24:45'
}
{
  service: 'IncidenteModel',
  module: 'Movimientos/Incidente',
  movimientoId: 243,
  empresaId: 2,
  localidadId: 1,
  level: 'info',
  message: 'No se encontr� ronda para el movimiento',
  timestamp: '2025-06-25 21:33:49'
}
{
  service: 'IncidenteModel',
  module: 'Movimientos/Incidente',
  movimientoId: 217,
  empresaId: 5,
  localidadId: 1,
  level: 'info',
  message: 'No se encontr� ronda para el movimiento',
  timestamp: '2025-06-25 21:33:49'
}
{
  service: 'IncidenteModel',
  module: 'Movimientos/Incidente',
  movimientoId: 243,
  empresaId: 2,
  localidadId: 1,
  level: 'info',
  message: 'No se encontr� ronda para el movimiento',
  timestamp: '2025-06-26 23:32:56'
}
{
  service: 'IncidenteModel',
  module: 'Movimientos/Incidente',
  movimientoId: 217,
  empresaId: 5,
  localidadId: 1,
  level: 'info',
  message: 'No se encontr� ronda para el movimiento',
  timestamp: '2025-06-26 23:32:56'
}
{
  service: 'IncidenteModel',
  module: 'Movimientos/Incidente',
  movimientoId: 243,
  empresaId: 2,
  localidadId: 1,
  level: 'info',
  message: 'No se encontr� ronda para el movimiento',
  timestamp: '2025-06-26 23:33:09'
}
{
  service: 'IncidenteModel',
  module: 'Movimientos/Incidente',
  movimientoId: 217,
  empresaId: 5,
  localidadId: 1,
  level: 'info',
  message: 'No se encontr� ronda para el movimiento',
  timestamp: '2025-06-26 23:33:09'
}
{
  service: 'IncidenteModel',
  module: 'Movimientos/Incidente',
  movimientoId: 243,
  empresaId: 2,
  localidadId: 1,
  level: 'info',
  message: 'No se encontr� ronda para el movimiento',
  timestamp: '2025-06-27 15:15:54'
}
{
  service: 'IncidenteModel',
  module: 'Movimientos/Incidente',
  movimientoId: 217,
  empresaId: 5,
  localidadId: 1,
  level: 'info',
  message: 'No se encontr� ronda para el movimiento',
  timestamp: '2025-06-27 15:15:54'
}
{
  service: 'IncidenteModel',
  module: 'Movimientos/Incidente',
  movimientoId: 243,
  empresaId: 2,
  localidadId: 1,
  level: 'info',
  message: 'No se encontr� ronda para el movimiento',
  timestamp: '2025-06-27 15:15:55'
}
{
  service: 'IncidenteModel',
  module: 'Movimientos/Incidente',
  movimientoId: 217,
  empresaId: 5,
  localidadId: 1,
  level: 'info',
  message: 'No se encontr� ronda para el movimiento',
  timestamp: '2025-06-27 15:15:55'
}
{
  service: 'IncidenteModel',
  module: 'Movimientos/Incidente',
  movimientoId: 243,
  empresaId: 2,
  localidadId: 1,
  level: 'info',
  message: 'No se encontr� ronda para el movimiento',
  timestamp: '2025-06-27 15:15:59'
}
{
  service: 'IncidenteModel',
  module: 'Movimientos/Incidente',
  movimientoId: 217,
  empresaId: 5,
  localidadId: 1,
  level: 'info',
  message: 'No se encontr� ronda para el movimiento',
  timestamp: '2025-06-27 15:15:59'
}
{
  service: 'IncidenteModel',
  module: 'Movimientos/Incidente',
  movimientoId: 243,
  empresaId: 2,
  localidadId: 1,
  level: 'info',
  message: 'No se encontr� ronda para el movimiento',
  timestamp: '2025-06-27 15:16:14'
}
{
  service: 'IncidenteModel',
  module: 'Movimientos/Incidente',
  movimientoId: 217,
  empresaId: 5,
  localidadId: 1,
  level: 'info',
  message: 'No se encontr� ronda para el movimiento',
  timestamp: '2025-06-27 15:16:14'
}
{
  service: 'IncidenteModel',
  module: 'Movimientos/Incidente',
  movimientoId: 243,
  empresaId: 2,
  localidadId: 1,
  level: 'info',
  message: 'No se encontr� ronda para el movimiento',
  timestamp: '2025-06-27 15:16:15'
}
{
  service: 'IncidenteModel',
  module: 'Movimientos/Incidente',
  movimientoId: 217,
  empresaId: 5,
  localidadId: 1,
  level: 'info',
  message: 'No se encontr� ronda para el movimiento',
  timestamp: '2025-06-27 15:16:15'
}
{
  service: 'IncidenteModel',
  module: 'Movimientos/Incidente',
  movimientoId: 243,
  empresaId: 2,
  localidadId: 1,
  level: 'info',
  message: 'No se encontr� ronda para el movimiento',
  timestamp: '2025-06-27 15:16:22'
}
{
  service: 'IncidenteModel',
  module: 'Movimientos/Incidente',
  movimientoId: 217,
  empresaId: 5,
  localidadId: 1,
  level: 'info',
  message: 'No se encontr� ronda para el movimiento',
  timestamp: '2025-06-27 15:16:22'
}
{
  service: 'IncidenteModel',
  module: 'Movimientos/Incidente',
  movimientoId: 243,
  empresaId: 2,
  localidadId: 1,
  level: 'info',
  message: 'No se encontr� ronda para el movimiento',
  timestamp: '2025-06-27 15:16:23'
}
{
  service: 'IncidenteModel',
  module: 'Movimientos/Incidente',
  movimientoId: 217,
  empresaId: 5,
  localidadId: 1,
  level: 'info',
  message: 'No se encontr� ronda para el movimiento',
  timestamp: '2025-06-27 15:16:23'
}
{
  service: 'IncidenteModel',
  module: 'Movimientos/Incidente',
  movimientoId: 243,
  empresaId: 2,
  localidadId: 1,
  level: 'info',
  message: 'No se encontr� ronda para el movimiento',
  timestamp: '2025-06-27 15:16:23'
}
{
  service: 'IncidenteModel',
  module: 'Movimientos/Incidente',
  movimientoId: 217,
  empresaId: 5,
  localidadId: 1,
  level: 'info',
  message: 'No se encontr� ronda para el movimiento',
  timestamp: '2025-06-27 15:16:23'
}
{
  service: 'IncidenteModel',
  module: 'Movimientos/Incidente',
  movimientoId: 243,
  empresaId: 2,
  localidadId: 1,
  level: 'info',
  message: 'No se encontr� ronda para el movimiento',
  timestamp: '2025-06-27 15:16:23'
}
{
  service: 'IncidenteModel',
  module: 'Movimientos/Incidente',
  movimientoId: 217,
  empresaId: 5,
  localidadId: 1,
  level: 'info',
  message: 'No se encontr� ronda para el movimiento',
  timestamp: '2025-06-27 15:16:23'
}
{
  service: 'IncidenteModel',
  module: 'Movimientos/Incidente',
  movimientoId: 243,
  empresaId: 2,
  localidadId: 1,
  level: 'info',
  message: 'No se encontr� ronda para el movimiento',
  timestamp: '2025-06-27 16:11:39'
}
{
  service: 'IncidenteModel',
  module: 'Movimientos/Incidente',
  movimientoId: 217,
  empresaId: 5,
  localidadId: 1,
  level: 'info',
  message: 'No se encontr� ronda para el movimiento',
  timestamp: '2025-06-27 16:11:39'
}
{
  service: 'IncidenteModel',
  module: 'Movimientos/Incidente',
  movimientoId: 243,
  empresaId: 2,
  localidadId: 1,
  level: 'info',
  message: 'No se encontr� ronda para el movimiento',
  timestamp: '2025-06-27 16:11:39'
}
{
  service: 'IncidenteModel',
  module: 'Movimientos/Incidente',
  movimientoId: 217,
  empresaId: 5,
  localidadId: 1,
  level: 'info',
  message: 'No se encontr� ronda para el movimiento',
  timestamp: '2025-06-27 16:11:39'
}
{
  service: 'IncidenteModel',
  module: 'Movimientos/Incidente',
  movimientoId: 243,
  empresaId: 2,
  localidadId: 1,
  level: 'info',
  message: 'No se encontr� ronda para el movimiento',
  timestamp: '2025-06-27 16:11:39'
}
{
  service: 'IncidenteModel',
  module: 'Movimientos/Incidente',
  movimientoId: 217,
  empresaId: 5,
  localidadId: 1,
  level: 'info',
  message: 'No se encontr� ronda para el movimiento',
  timestamp: '2025-06-27 16:11:39'
}
{
  service: 'IncidenteModel',
  module: 'Movimientos/Incidente',
  movimientoId: 243,
  empresaId: 2,
  localidadId: 1,
  level: 'info',
  message: 'No se encontr� ronda para el movimiento',
  timestamp: '2025-06-27 16:23:42'
}
{
  service: 'IncidenteModel',
  module: 'Movimientos/Incidente',
  movimientoId: 217,
  empresaId: 5,
  localidadId: 1,
  level: 'info',
  message: 'No se encontr� ronda para el movimiento',
  timestamp: '2025-06-27 16:23:42'
}
{
  service: 'IncidenteModel',
  module: 'Movimientos/Incidente',
  movimientoId: 243,
  empresaId: 2,
  localidadId: 1,
  level: 'info',
  message: 'No se encontr� ronda para el movimiento',
  timestamp: '2025-06-27 22:04:34'
}
{
  service: 'IncidenteModel',
  module: 'Movimientos/Incidente',
  movimientoId: 217,
  empresaId: 5,
  localidadId: 1,
  level: 'info',
  message: 'No se encontr� ronda para el movimiento',
  timestamp: '2025-06-27 22:04:34'
}
{
  service: 'IncidenteModel',
  module: 'Movimientos/Incidente',
  movimientoId: 243,
  empresaId: 2,
  localidadId: 1,
  level: 'info',
  message: 'No se encontr� ronda para el movimiento',
  timestamp: '2025-06-27 22:04:37'
}
{
  service: 'IncidenteModel',
  module: 'Movimientos/Incidente',
  movimientoId: 217,
  empresaId: 5,
  localidadId: 1,
  level: 'info',
  message: 'No se encontr� ronda para el movimiento',
  timestamp: '2025-06-27 22:04:37'
}
{
  service: 'IncidenteModel',
  module: 'Movimientos/Incidente',
  movimientoId: 243,
  empresaId: 2,
  localidadId: 1,
  level: 'info',
  message: 'No se encontr� ronda para el movimiento',
  timestamp: '2025-06-27 22:04:37'
}
{
  service: 'IncidenteModel',
  module: 'Movimientos/Incidente',
  movimientoId: 217,
  empresaId: 5,
  localidadId: 1,
  level: 'info',
  message: 'No se encontr� ronda para el movimiento',
  timestamp: '2025-06-27 22:04:37'
}
{
  service: 'IncidenteModel',
  module: 'Movimientos/Incidente',
  movimientoId: 243,
  empresaId: 2,
  localidadId: 1,
  level: 'info',
  message: 'No se encontr� ronda para el movimiento',
  timestamp: '2025-06-27 22:04:38'
}
{
  service: 'IncidenteModel',
  module: 'Movimientos/Incidente',
  movimientoId: 217,
  empresaId: 5,
  localidadId: 1,
  level: 'info',
  message: 'No se encontr� ronda para el movimiento',
  timestamp: '2025-06-27 22:04:38'
}
{
  service: 'IncidenteModel',
  module: 'Movimientos/Incidente',
  movimientoId: 243,
  empresaId: 2,
  localidadId: 1,
  level: 'info',
  message: 'No se encontr� ronda para el movimiento',
  timestamp: '2025-06-27 22:05:40'
}
{
  service: 'IncidenteModel',
  module: 'Movimientos/Incidente',
  movimientoId: 217,
  empresaId: 5,
  localidadId: 1,
  level: 'info',
  message: 'No se encontr� ronda para el movimiento',
  timestamp: '2025-06-27 22:05:40'
}
{
  service: 'IncidenteModel',
  module: 'Movimientos/Incidente',
  movimientoId: 243,
  empresaId: 2,
  localidadId: 1,
  level: 'info',
  message: 'No se encontr� ronda para el movimiento',
  timestamp: '2025-06-27 22:05:45'
}
{
  service: 'IncidenteModel',
  module: 'Movimientos/Incidente',
  movimientoId: 217,
  empresaId: 5,
  localidadId: 1,
  level: 'info',
  message: 'No se encontr� ronda para el movimiento',
  timestamp: '2025-06-27 22:05:45'
}
{
  service: 'IncidenteModel',
  module: 'Movimientos/Incidente',
  movimientoId: 243,
  empresaId: 2,
  localidadId: 1,
  level: 'info',
  message: 'No se encontr� ronda para el movimiento',
  timestamp: '2025-06-27 22:05:49'
}
{
  service: 'IncidenteModel',
  module: 'Movimientos/Incidente',
  movimientoId: 217,
  empresaId: 5,
  localidadId: 1,
  level: 'info',
  message: 'No se encontr� ronda para el movimiento',
  timestamp: '2025-06-27 22:05:49'
}
{
  service: 'IncidenteModel',
  module: 'Movimientos/Incidente',
  movimientoId: 243,
  empresaId: 2,
  localidadId: 1,
  level: 'info',
  message: 'No se encontr� ronda para el movimiento',
  timestamp: '2025-06-27 22:05:50'
}
{
  service: 'IncidenteModel',
  module: 'Movimientos/Incidente',
  movimientoId: 217,
  empresaId: 5,
  localidadId: 1,
  level: 'info',
  message: 'No se encontr� ronda para el movimiento',
  timestamp: '2025-06-27 22:05:50'
}
{
  service: 'IncidenteModel',
  module: 'Movimientos/Incidente',
  movimientoId: 243,
  empresaId: 2,
  localidadId: 1,
  level: 'info',
  message: 'No se encontr� ronda para el movimiento',
  timestamp: '2025-06-27 22:05:50'
}
{
  service: 'IncidenteModel',
  module: 'Movimientos/Incidente',
  movimientoId: 217,
  empresaId: 5,
  localidadId: 1,
  level: 'info',
  message: 'No se encontr� ronda para el movimiento',
  timestamp: '2025-06-27 22:05:50'
}
{
  service: 'IncidenteModel',
  module: 'Movimientos/Incidente',
  movimientoId: 243,
  empresaId: 2,
  localidadId: 1,
  level: 'info',
  message: 'No se encontr� ronda para el movimiento',
  timestamp: '2025-06-27 22:05:56'
}
{
  service: 'IncidenteModel',
  module: 'Movimientos/Incidente',
  movimientoId: 217,
  empresaId: 5,
  localidadId: 1,
  level: 'info',
  message: 'No se encontr� ronda para el movimiento',
  timestamp: '2025-06-27 22:05:56'
}
{
  service: 'IncidenteModel',
  module: 'Movimientos/Incidente',
  movimientoId: 243,
  empresaId: 2,
  localidadId: 1,
  level: 'info',
  message: 'No se encontr� ronda para el movimiento',
  timestamp: '2025-06-27 22:05:56'
}
{
  service: 'IncidenteModel',
  module: 'Movimientos/Incidente',
  movimientoId: 217,
  empresaId: 5,
  localidadId: 1,
  level: 'info',
  message: 'No se encontr� ronda para el movimiento',
  timestamp: '2025-06-27 22:05:56'
}
{
  service: 'IncidenteModel',
  module: 'Movimientos/Incidente',
  movimientoId: 243,
  empresaId: 2,
  localidadId: 1,
  level: 'info',
  message: 'No se encontr� ronda para el movimiento',
  timestamp: '2025-06-27 22:06:02'
}
{
  service: 'IncidenteModel',
  module: 'Movimientos/Incidente',
  movimientoId: 217,
  empresaId: 5,
  localidadId: 1,
  level: 'info',
  message: 'No se encontr� ronda para el movimiento',
  timestamp: '2025-06-27 22:06:02'
}
{
  service: 'IncidenteModel',
  module: 'Movimientos/Incidente',
  movimientoId: 243,
  empresaId: 2,
  localidadId: 1,
  level: 'info',
  message: 'No se encontr� ronda para el movimiento',
  timestamp: '2025-06-27 22:06:02'
}
{
  service: 'IncidenteModel',
  module: 'Movimientos/Incidente',
  movimientoId: 217,
  empresaId: 5,
  localidadId: 1,
  level: 'info',
  message: 'No se encontr� ronda para el movimiento',
  timestamp: '2025-06-27 22:06:02'
}
{
  service: 'IncidenteModel',
  module: 'Movimientos/Incidente',
  movimientoId: 243,
  empresaId: 2,
  localidadId: 1,
  level: 'info',
  message: 'No se encontr� ronda para el movimiento',
  timestamp: '2025-06-27 22:06:08'
}
{
  service: 'IncidenteModel',
  module: 'Movimientos/Incidente',
  movimientoId: 217,
  empresaId: 5,
  localidadId: 1,
  level: 'info',
  message: 'No se encontr� ronda para el movimiento',
  timestamp: '2025-06-27 22:06:08'
}
{
  service: 'IncidenteModel',
  module: 'Movimientos/Incidente',
  movimientoId: 243,
  empresaId: 2,
  localidadId: 1,
  level: 'info',
  message: 'No se encontr� ronda para el movimiento',
  timestamp: '2025-06-27 22:06:08'
}
{
  service: 'IncidenteModel',
  module: 'Movimientos/Incidente',
  movimientoId: 217,
  empresaId: 5,
  localidadId: 1,
  level: 'info',
  message: 'No se encontr� ronda para el movimiento',
  timestamp: '2025-06-27 22:06:08'
}
{
  service: 'IncidenteModel',
  module: 'Movimientos/Incidente',
  movimientoId: 243,
  empresaId: 2,
  localidadId: 1,
  level: 'info',
  message: 'No se encontr� ronda para el movimiento',
  timestamp: '2025-06-27 22:06:15'
}
{
  service: 'IncidenteModel',
  module: 'Movimientos/Incidente',
  movimientoId: 217,
  empresaId: 5,
  localidadId: 1,
  level: 'info',
  message: 'No se encontr� ronda para el movimiento',
  timestamp: '2025-06-27 22:06:15'
}
{
  service: 'IncidenteModel',
  module: 'Movimientos/Incidente',
  movimientoId: 243,
  empresaId: 2,
  localidadId: 1,
  level: 'info',
  message: 'No se encontr� ronda para el movimiento',
  timestamp: '2025-06-27 22:06:15'
}
{
  service: 'IncidenteModel',
  module: 'Movimientos/Incidente',
  movimientoId: 217,
  empresaId: 5,
  localidadId: 1,
  level: 'info',
  message: 'No se encontr� ronda para el movimiento',
  timestamp: '2025-06-27 22:06:15'
}
{
  service: 'IncidenteModel',
  module: 'Movimientos/Incidente',
  movimientoId: 243,
  empresaId: 2,
  localidadId: 1,
  level: 'info',
  message: 'No se encontr� ronda para el movimiento',
  timestamp: '2025-06-27 22:06:21'
}
{
  service: 'IncidenteModel',
  module: 'Movimientos/Incidente',
  movimientoId: 217,
  empresaId: 5,
  localidadId: 1,
  level: 'info',
  message: 'No se encontr� ronda para el movimiento',
  timestamp: '2025-06-27 22:06:21'
}
{
  service: 'IncidenteModel',
  module: 'Movimientos/Incidente',
  movimientoId: 243,
  empresaId: 2,
  localidadId: 1,
  level: 'info',
  message: 'No se encontr� ronda para el movimiento',
  timestamp: '2025-06-27 22:06:21'
}
{
  service: 'IncidenteModel',
  module: 'Movimientos/Incidente',
  movimientoId: 217,
  empresaId: 5,
  localidadId: 1,
  level: 'info',
  message: 'No se encontr� ronda para el movimiento',
  timestamp: '2025-06-27 22:06:21'
}
{
  service: 'IncidenteModel',
  module: 'Movimientos/Incidente',
  movimientoId: 243,
  empresaId: 2,
  localidadId: 1,
  level: 'info',
  message: 'No se encontr� ronda para el movimiento',
  timestamp: '2025-06-27 22:06:27'
}
{
  service: 'IncidenteModel',
  module: 'Movimientos/Incidente',
  movimientoId: 217,
  empresaId: 5,
  localidadId: 1,
  level: 'info',
  message: 'No se encontr� ronda para el movimiento',
  timestamp: '2025-06-27 22:06:27'
}
{
  service: 'IncidenteModel',
  module: 'Movimientos/Incidente',
  movimientoId: 243,
  empresaId: 2,
  localidadId: 1,
  level: 'info',
  message: 'No se encontr� ronda para el movimiento',
  timestamp: '2025-06-27 22:06:27'
}
{
  service: 'IncidenteModel',
  module: 'Movimientos/Incidente',
  movimientoId: 217,
  empresaId: 5,
  localidadId: 1,
  level: 'info',
  message: 'No se encontr� ronda para el movimiento',
  timestamp: '2025-06-27 22:06:27'
}
{
  service: 'IncidenteModel',
  module: 'Movimientos/Incidente',
  movimientoId: 243,
  empresaId: 2,
  localidadId: 1,
  level: 'info',
  message: 'No se encontr� ronda para el movimiento',
  timestamp: '2025-06-27 22:06:33'
}
{
  service: 'IncidenteModel',
  module: 'Movimientos/Incidente',
  movimientoId: 217,
  empresaId: 5,
  localidadId: 1,
  level: 'info',
  message: 'No se encontr� ronda para el movimiento',
  timestamp: '2025-06-27 22:06:33'
}
{
  service: 'IncidenteModel',
  module: 'Movimientos/Incidente',
  movimientoId: 243,
  empresaId: 2,
  localidadId: 1,
  level: 'info',
  message: 'No se encontr� ronda para el movimiento',
  timestamp: '2025-06-27 22:06:33'
}
{
  service: 'IncidenteModel',
  module: 'Movimientos/Incidente',
  movimientoId: 217,
  empresaId: 5,
  localidadId: 1,
  level: 'info',
  message: 'No se encontr� ronda para el movimiento',
  timestamp: '2025-06-27 22:06:33'
}
{
  service: 'IncidenteModel',
  module: 'Movimientos/Incidente',
  movimientoId: 243,
  empresaId: 2,
  localidadId: 1,
  level: 'info',
  message: 'No se encontr� ronda para el movimiento',
  timestamp: '2025-06-27 22:06:39'
}
{
  service: 'IncidenteModel',
  module: 'Movimientos/Incidente',
  movimientoId: 217,
  empresaId: 5,
  localidadId: 1,
  level: 'info',
  message: 'No se encontr� ronda para el movimiento',
  timestamp: '2025-06-27 22:06:39'
}
{
  service: 'IncidenteModel',
  module: 'Movimientos/Incidente',
  movimientoId: 243,
  empresaId: 2,
  localidadId: 1,
  level: 'info',
  message: 'No se encontr� ronda para el movimiento',
  timestamp: '2025-06-27 22:06:39'
}
{
  service: 'IncidenteModel',
  module: 'Movimientos/Incidente',
  movimientoId: 217,
  empresaId: 5,
  localidadId: 1,
  level: 'info',
  message: 'No se encontr� ronda para el movimiento',
  timestamp: '2025-06-27 22:06:39'
}
{
  service: 'IncidenteModel',
  module: 'Movimientos/Incidente',
  movimientoId: 243,
  empresaId: 2,
  localidadId: 1,
  level: 'info',
  message: 'No se encontr� ronda para el movimiento',
  timestamp: '2025-06-27 22:06:45'
}
{
  service: 'IncidenteModel',
  module: 'Movimientos/Incidente',
  movimientoId: 217,
  empresaId: 5,
  localidadId: 1,
  level: 'info',
  message: 'No se encontr� ronda para el movimiento',
  timestamp: '2025-06-27 22:06:45'
}
{
  service: 'IncidenteModel',
  module: 'Movimientos/Incidente',
  movimientoId: 243,
  empresaId: 2,
  localidadId: 1,
  level: 'info',
  message: 'No se encontr� ronda para el movimiento',
  timestamp: '2025-06-27 22:06:45'
}
{
  service: 'IncidenteModel',
  module: 'Movimientos/Incidente',
  movimientoId: 217,
  empresaId: 5,
  localidadId: 1,
  level: 'info',
  message: 'No se encontr� ronda para el movimiento',
  timestamp: '2025-06-27 22:06:45'
}
{
  service: 'IncidenteModel',
  module: 'Movimientos/Incidente',
  movimientoId: 243,
  empresaId: 2,
  localidadId: 1,
  level: 'info',
  message: 'No se encontr� ronda para el movimiento',
  timestamp: '2025-06-27 22:06:52'
}
{
  service: 'IncidenteModel',
  module: 'Movimientos/Incidente',
  movimientoId: 217,
  empresaId: 5,
  localidadId: 1,
  level: 'info',
  message: 'No se encontr� ronda para el movimiento',
  timestamp: '2025-06-27 22:06:52'
}
{
  service: 'IncidenteModel',
  module: 'Movimientos/Incidente',
  movimientoId: 243,
  empresaId: 2,
  localidadId: 1,
  level: 'info',
  message: 'No se encontr� ronda para el movimiento',
  timestamp: '2025-06-27 22:06:52'
}
{
  service: 'IncidenteModel',
  module: 'Movimientos/Incidente',
  movimientoId: 217,
  empresaId: 5,
  localidadId: 1,
  level: 'info',
  message: 'No se encontr� ronda para el movimiento',
  timestamp: '2025-06-27 22:06:52'
}
{
  service: 'IncidenteModel',
  module: 'Movimientos/Incidente',
  movimientoId: 243,
  empresaId: 2,
  localidadId: 1,
  level: 'info',
  message: 'No se encontr� ronda para el movimiento',
  timestamp: '2025-06-27 22:07:59'
}
{
  service: 'IncidenteModel',
  module: 'Movimientos/Incidente',
  movimientoId: 217,
  empresaId: 5,
  localidadId: 1,
  level: 'info',
  message: 'No se encontr� ronda para el movimiento',
  timestamp: '2025-06-27 22:07:59'
}
{
  service: 'IncidenteModel',
  module: 'Movimientos/Incidente',
  movimientoId: 243,
  empresaId: 2,
  localidadId: 1,
  level: 'info',
  message: 'No se encontr� ronda para el movimiento',
  timestamp: '2025-06-27 22:08:06'
}
{
  service: 'IncidenteModel',
  module: 'Movimientos/Incidente',
  movimientoId: 217,
  empresaId: 5,
  localidadId: 1,
  level: 'info',
  message: 'No se encontr� ronda para el movimiento',
  timestamp: '2025-06-27 22:08:06'
}
{
  service: 'IncidenteModel',
  module: 'Movimientos/Incidente',
  movimientoId: 243,
  empresaId: 2,
  localidadId: 1,
  level: 'info',
  message: 'No se encontr� ronda para el movimiento',
  timestamp: '2025-06-27 22:08:18'
}
{
  service: 'IncidenteModel',
  module: 'Movimientos/Incidente',
  movimientoId: 217,
  empresaId: 5,
  localidadId: 1,
  level: 'info',
  message: 'No se encontr� ronda para el movimiento',
  timestamp: '2025-06-27 22:08:18'
}
{
  service: 'IncidenteModel',
  module: 'Movimientos/Incidente',
  movimientoId: 243,
  empresaId: 2,
  localidadId: 1,
  level: 'info',
  message: 'No se encontr� ronda para el movimiento',
  timestamp: '2025-06-27 22:08:22'
}
{
  service: 'IncidenteModel',
  module: 'Movimientos/Incidente',
  movimientoId: 217,
  empresaId: 5,
  localidadId: 1,
  level: 'info',
  message: 'No se encontr� ronda para el movimiento',
  timestamp: '2025-06-27 22:08:22'
}
{
  service: 'IncidenteModel',
  module: 'Movimientos/Incidente',
  movimientoId: 243,
  empresaId: 2,
  localidadId: 1,
  level: 'info',
  message: 'No se encontr� ronda para el movimiento',
  timestamp: '2025-06-27 22:08:23'
}
{
  service: 'IncidenteModel',
  module: 'Movimientos/Incidente',
  movimientoId: 217,
  empresaId: 5,
  localidadId: 1,
  level: 'info',
  message: 'No se encontr� ronda para el movimiento',
  timestamp: '2025-06-27 22:08:23'
}
{
  service: 'IncidenteModel',
  module: 'Movimientos/Incidente',
  movimientoId: 243,
  empresaId: 2,
  localidadId: 1,
  level: 'info',
  message: 'No se encontr� ronda para el movimiento',
  timestamp: '2025-06-27 22:08:23'
}
{
  service: 'IncidenteModel',
  module: 'Movimientos/Incidente',
  movimientoId: 217,
  empresaId: 5,
  localidadId: 1,
  level: 'info',
  message: 'No se encontr� ronda para el movimiento',
  timestamp: '2025-06-27 22:08:23'
}
{
  service: 'IncidenteModel',
  module: 'Movimientos/Incidente',
  movimientoId: 243,
  empresaId: 2,
  localidadId: 1,
  level: 'info',
  message: 'No se encontr� ronda para el movimiento',
  timestamp: '2025-06-27 22:08:34'
}
{
  service: 'IncidenteModel',
  module: 'Movimientos/Incidente',
  movimientoId: 217,
  empresaId: 5,
  localidadId: 1,
  level: 'info',
  message: 'No se encontr� ronda para el movimiento',
  timestamp: '2025-06-27 22:08:34'
}
{
  service: 'IncidenteModel',
  module: 'Movimientos/Incidente',
  movimientoId: 243,
  empresaId: 2,
  localidadId: 1,
  level: 'info',
  message: 'No se encontr� ronda para el movimiento',
  timestamp: '2025-06-27 22:12:28'
}
{
  service: 'IncidenteModel',
  module: 'Movimientos/Incidente',
  movimientoId: 217,
  empresaId: 5,
  localidadId: 1,
  level: 'info',
  message: 'No se encontr� ronda para el movimiento',
  timestamp: '2025-06-27 22:12:28'
}
{
  service: 'IncidenteModel',
  module: 'Movimientos/Incidente',
  movimientoId: 243,
  empresaId: 2,
  localidadId: 1,
  level: 'info',
  message: 'No se encontr� ronda para el movimiento',
  timestamp: '2025-06-27 22:12:33'
}
{
  service: 'IncidenteModel',
  module: 'Movimientos/Incidente',
  movimientoId: 217,
  empresaId: 5,
  localidadId: 1,
  level: 'info',
  message: 'No se encontr� ronda para el movimiento',
  timestamp: '2025-06-27 22:12:33'
}
{
  service: 'IncidenteModel',
  module: 'Movimientos/Incidente',
  movimientoId: 243,
  empresaId: 2,
  localidadId: 1,
  level: 'info',
  message: 'No se encontr� ronda para el movimiento',
  timestamp: '2025-06-27 22:12:36'
}
{
  service: 'IncidenteModel',
  module: 'Movimientos/Incidente',
  movimientoId: 217,
  empresaId: 5,
  localidadId: 1,
  level: 'info',
  message: 'No se encontr� ronda para el movimiento',
  timestamp: '2025-06-27 22:12:36'
}
{
  service: 'IncidenteModel',
  module: 'Movimientos/Incidente',
  movimientoId: 243,
  empresaId: 2,
  localidadId: 1,
  level: 'info',
  message: 'No se encontr� ronda para el movimiento',
  timestamp: '2025-06-27 22:12:36'
}
{
  service: 'IncidenteModel',
  module: 'Movimientos/Incidente',
  movimientoId: 217,
  empresaId: 5,
  localidadId: 1,
  level: 'info',
  message: 'No se encontr� ronda para el movimiento',
  timestamp: '2025-06-27 22:12:36'
}
{
  service: 'IncidenteModel',
  module: 'Movimientos/Incidente',
  movimientoId: 243,
  empresaId: 2,
  localidadId: 1,
  level: 'info',
  message: 'No se encontr� ronda para el movimiento',
  timestamp: '2025-06-27 22:12:41'
}
{
  service: 'IncidenteModel',
  module: 'Movimientos/Incidente',
  movimientoId: 217,
  empresaId: 5,
  localidadId: 1,
  level: 'info',
  message: 'No se encontr� ronda para el movimiento',
  timestamp: '2025-06-27 22:12:41'
}
{
  service: 'IncidenteModel',
  module: 'Movimientos/Incidente',
  movimientoId: 243,
  empresaId: 2,
  localidadId: 1,
  level: 'info',
  message: 'No se encontr� ronda para el movimiento',
  timestamp: '2025-06-27 22:12:41'
}
{
  service: 'IncidenteModel',
  module: 'Movimientos/Incidente',
  movimientoId: 217,
  empresaId: 5,
  localidadId: 1,
  level: 'info',
  message: 'No se encontr� ronda para el movimiento',
  timestamp: '2025-06-27 22:12:41'
}
{
  service: 'IncidenteModel',
  module: 'Movimientos/Incidente',
  movimientoId: 243,
  empresaId: 2,
  localidadId: 1,
  level: 'info',
  message: 'No se encontr� ronda para el movimiento',
  timestamp: '2025-06-27 22:12:47'
}
{
  service: 'IncidenteModel',
  module: 'Movimientos/Incidente',
  movimientoId: 217,
  empresaId: 5,
  localidadId: 1,
  level: 'info',
  message: 'No se encontr� ronda para el movimiento',
  timestamp: '2025-06-27 22:12:47'
}
{
  service: 'IncidenteModel',
  module: 'Movimientos/Incidente',
  movimientoId: 243,
  empresaId: 2,
  localidadId: 1,
  level: 'info',
  message: 'No se encontr� ronda para el movimiento',
  timestamp: '2025-06-27 22:12:47'
}
{
  service: 'IncidenteModel',
  module: 'Movimientos/Incidente',
  movimientoId: 217,
  empresaId: 5,
  localidadId: 1,
  level: 'info',
  message: 'No se encontr� ronda para el movimiento',
  timestamp: '2025-06-27 22:12:47'
}
{
  service: 'IncidenteModel',
  module: 'Movimientos/Incidente',
  movimientoId: 243,
  empresaId: 2,
  localidadId: 1,
  level: 'info',
  message: 'No se encontr� ronda para el movimiento',
  timestamp: '2025-06-27 22:12:52'
}
{
  service: 'IncidenteModel',
  module: 'Movimientos/Incidente',
  movimientoId: 217,
  empresaId: 5,
  localidadId: 1,
  level: 'info',
  message: 'No se encontr� ronda para el movimiento',
  timestamp: '2025-06-27 22:12:52'
}
{
  service: 'IncidenteModel',
  module: 'Movimientos/Incidente',
  movimientoId: 243,
  empresaId: 2,
  localidadId: 1,
  level: 'info',
  message: 'No se encontr� ronda para el movimiento',
  timestamp: '2025-06-27 22:12:52'
}
{
  service: 'IncidenteModel',
  module: 'Movimientos/Incidente',
  movimientoId: 217,
  empresaId: 5,
  localidadId: 1,
  level: 'info',
  message: 'No se encontr� ronda para el movimiento',
  timestamp: '2025-06-27 22:12:52'
}
{
  service: 'IncidenteModel',
  module: 'Movimientos/Incidente',
  movimientoId: 243,
  empresaId: 2,
  localidadId: 1,
  level: 'info',
  message: 'No se encontr� ronda para el movimiento',
  timestamp: '2025-06-27 22:12:58'
}
{
  service: 'IncidenteModel',
  module: 'Movimientos/Incidente',
  movimientoId: 217,
  empresaId: 5,
  localidadId: 1,
  level: 'info',
  message: 'No se encontr� ronda para el movimiento',
  timestamp: '2025-06-27 22:12:58'
}
{
  service: 'IncidenteModel',
  module: 'Movimientos/Incidente',
  movimientoId: 243,
  empresaId: 2,
  localidadId: 1,
  level: 'info',
  message: 'No se encontr� ronda para el movimiento',
  timestamp: '2025-06-27 22:12:58'
}
{
  service: 'IncidenteModel',
  module: 'Movimientos/Incidente',
  movimientoId: 217,
  empresaId: 5,
  localidadId: 1,
  level: 'info',
  message: 'No se encontr� ronda para el movimiento',
  timestamp: '2025-06-27 22:12:58'
}
{
  service: 'IncidenteModel',
  module: 'Movimientos/Incidente',
  movimientoId: 243,
  empresaId: 2,
  localidadId: 1,
  level: 'info',
  message: 'No se encontr� ronda para el movimiento',
  timestamp: '2025-06-27 22:13:03'
}
{
  service: 'IncidenteModel',
  module: 'Movimientos/Incidente',
  movimientoId: 217,
  empresaId: 5,
  localidadId: 1,
  level: 'info',
  message: 'No se encontr� ronda para el movimiento',
  timestamp: '2025-06-27 22:13:03'
}
{
  service: 'IncidenteModel',
  module: 'Movimientos/Incidente',
  movimientoId: 243,
  empresaId: 2,
  localidadId: 1,
  level: 'info',
  message: 'No se encontr� ronda para el movimiento',
  timestamp: '2025-06-27 22:13:03'
}
{
  service: 'IncidenteModel',
  module: 'Movimientos/Incidente',
  movimientoId: 217,
  empresaId: 5,
  localidadId: 1,
  level: 'info',
  message: 'No se encontr� ronda para el movimiento',
  timestamp: '2025-06-27 22:13:03'
}
{
  service: 'IncidenteModel',
  module: 'Movimientos/Incidente',
  movimientoId: 243,
  empresaId: 2,
  localidadId: 1,
  level: 'info',
  message: 'No se encontr� ronda para el movimiento',
  timestamp: '2025-06-27 22:13:08'
}
{
  service: 'IncidenteModel',
  module: 'Movimientos/Incidente',
  movimientoId: 217,
  empresaId: 5,
  localidadId: 1,
  level: 'info',
  message: 'No se encontr� ronda para el movimiento',
  timestamp: '2025-06-27 22:13:08'
}
{
  service: 'IncidenteModel',
  module: 'Movimientos/Incidente',
  movimientoId: 243,
  empresaId: 2,
  localidadId: 1,
  level: 'info',
  message: 'No se encontr� ronda para el movimiento',
  timestamp: '2025-06-27 22:13:08'
}
{
  service: 'IncidenteModel',
  module: 'Movimientos/Incidente',
  movimientoId: 217,
  empresaId: 5,
  localidadId: 1,
  level: 'info',
  message: 'No se encontr� ronda para el movimiento',
  timestamp: '2025-06-27 22:13:08'
}
{
  service: 'IncidenteModel',
  module: 'Movimientos/Incidente',
  movimientoId: 243,
  empresaId: 2,
  localidadId: 1,
  level: 'info',
  message: 'No se encontr� ronda para el movimiento',
  timestamp: '2025-06-27 22:13:14'
}
{
  service: 'IncidenteModel',
  module: 'Movimientos/Incidente',
  movimientoId: 217,
  empresaId: 5,
  localidadId: 1,
  level: 'info',
  message: 'No se encontr� ronda para el movimiento',
  timestamp: '2025-06-27 22:13:14'
}
{
  service: 'IncidenteModel',
  module: 'Movimientos/Incidente',
  movimientoId: 243,
  empresaId: 2,
  localidadId: 1,
  level: 'info',
  message: 'No se encontr� ronda para el movimiento',
  timestamp: '2025-06-27 22:13:14'
}
{
  service: 'IncidenteModel',
  module: 'Movimientos/Incidente',
  movimientoId: 217,
  empresaId: 5,
  localidadId: 1,
  level: 'info',
  message: 'No se encontr� ronda para el movimiento',
  timestamp: '2025-06-27 22:13:14'
}
{
  service: 'IncidenteModel',
  module: 'Movimientos/Incidente',
  movimientoId: 243,
  empresaId: 2,
  localidadId: 1,
  level: 'info',
  message: 'No se encontr� ronda para el movimiento',
  timestamp: '2025-06-27 22:13:19'
}
{
  service: 'IncidenteModel',
  module: 'Movimientos/Incidente',
  movimientoId: 217,
  empresaId: 5,
  localidadId: 1,
  level: 'info',
  message: 'No se encontr� ronda para el movimiento',
  timestamp: '2025-06-27 22:13:19'
}
{
  service: 'IncidenteModel',
  module: 'Movimientos/Incidente',
  movimientoId: 243,
  empresaId: 2,
  localidadId: 1,
  level: 'info',
  message: 'No se encontr� ronda para el movimiento',
  timestamp: '2025-06-27 22:13:19'
}
{
  service: 'IncidenteModel',
  module: 'Movimientos/Incidente',
  movimientoId: 217,
  empresaId: 5,
  localidadId: 1,
  level: 'info',
  message: 'No se encontr� ronda para el movimiento',
  timestamp: '2025-06-27 22:13:19'
}
{
  service: 'IncidenteModel',
  module: 'Movimientos/Incidente',
  movimientoId: 243,
  empresaId: 2,
  localidadId: 1,
  level: 'info',
  message: 'No se encontr� ronda para el movimiento',
  timestamp: '2025-06-27 22:13:25'
}
{
  service: 'IncidenteModel',
  module: 'Movimientos/Incidente',
  movimientoId: 243,
  empresaId: 2,
  localidadId: 1,
  level: 'info',
  message: 'No se encontr� ronda para el movimiento',
  timestamp: '2025-06-27 22:13:25'
}
{
  service: 'IncidenteModel',
  module: 'Movimientos/Incidente',
  movimientoId: 217,
  empresaId: 5,
  localidadId: 1,
  level: 'info',
  message: 'No se encontr� ronda para el movimiento',
  timestamp: '2025-06-27 22:13:25'
}
{
  service: 'IncidenteModel',
  module: 'Movimientos/Incidente',
  movimientoId: 217,
  empresaId: 5,
  localidadId: 1,
  level: 'info',
  message: 'No se encontr� ronda para el movimiento',
  timestamp: '2025-06-27 22:13:25'
}
{
  service: 'IncidenteModel',
  module: 'Movimientos/Incidente',
  movimientoId: 243,
  empresaId: 2,
  localidadId: 1,
  level: 'info',
  message: 'No se encontr� ronda para el movimiento',
  timestamp: '2025-06-27 22:13:27'
}
{
  service: 'IncidenteModel',
  module: 'Movimientos/Incidente',
  movimientoId: 217,
  empresaId: 5,
  localidadId: 1,
  level: 'info',
  message: 'No se encontr� ronda para el movimiento',
  timestamp: '2025-06-27 22:13:27'
}
{
  service: 'IncidenteModel',
  module: 'Movimientos/Incidente',
  movimientoId: 243,
  empresaId: 2,
  localidadId: 1,
  level: 'info',
  message: 'No se encontr� ronda para el movimiento',
  timestamp: '2025-06-27 22:13:30'
}
{
  service: 'IncidenteModel',
  module: 'Movimientos/Incidente',
  movimientoId: 217,
  empresaId: 5,
  localidadId: 1,
  level: 'info',
  message: 'No se encontr� ronda para el movimiento',
  timestamp: '2025-06-27 22:13:30'
}
{
  service: 'IncidenteModel',
  module: 'Movimientos/Incidente',
  movimientoId: 243,
  empresaId: 2,
  localidadId: 1,
  level: 'info',
  message: 'No se encontr� ronda para el movimiento',
  timestamp: '2025-06-27 22:13:30'
}
{
  service: 'IncidenteModel',
  module: 'Movimientos/Incidente',
  movimientoId: 217,
  empresaId: 5,
  localidadId: 1,
  level: 'info',
  message: 'No se encontr� ronda para el movimiento',
  timestamp: '2025-06-27 22:13:30'
}
{
  service: 'IncidenteModel',
  module: 'Movimientos/Incidente',
  movimientoId: 243,
  empresaId: 2,
  localidadId: 1,
  level: 'info',
  message: 'No se encontr� ronda para el movimiento',
  timestamp: '2025-06-27 22:13:36'
}
{
  service: 'IncidenteModel',
  module: 'Movimientos/Incidente',
  movimientoId: 217,
  empresaId: 5,
  localidadId: 1,
  level: 'info',
  message: 'No se encontr� ronda para el movimiento',
  timestamp: '2025-06-27 22:13:36'
}
{
  service: 'IncidenteModel',
  module: 'Movimientos/Incidente',
  movimientoId: 243,
  empresaId: 2,
  localidadId: 1,
  level: 'info',
  message: 'No se encontr� ronda para el movimiento',
  timestamp: '2025-06-27 22:13:36'
}
{
  service: 'IncidenteModel',
  module: 'Movimientos/Incidente',
  movimientoId: 217,
  empresaId: 5,
  localidadId: 1,
  level: 'info',
  message: 'No se encontr� ronda para el movimiento',
  timestamp: '2025-06-27 22:13:36'
}
{
  service: 'IncidenteModel',
  module: 'Movimientos/Incidente',
  movimientoId: 243,
  empresaId: 2,
  localidadId: 1,
  level: 'info',
  message: 'No se encontr� ronda para el movimiento',
  timestamp: '2025-06-27 22:13:38'
}
{
  service: 'IncidenteModel',
  module: 'Movimientos/Incidente',
  movimientoId: 217,
  empresaId: 5,
  localidadId: 1,
  level: 'info',
  message: 'No se encontr� ronda para el movimiento',
  timestamp: '2025-06-27 22:13:38'
}
{
  service: 'IncidenteModel',
  module: 'Movimientos/Incidente',
  movimientoId: 243,
  empresaId: 2,
  localidadId: 1,
  level: 'info',
  message: 'No se encontr� ronda para el movimiento',
  timestamp: '2025-06-27 22:13:41'
}
{
  service: 'IncidenteModel',
  module: 'Movimientos/Incidente',
  movimientoId: 243,
  empresaId: 2,
  localidadId: 1,
  level: 'info',
  message: 'No se encontr� ronda para el movimiento',
  timestamp: '2025-06-27 22:13:41'
}
{
  service: 'IncidenteModel',
  module: 'Movimientos/Incidente',
  movimientoId: 217,
  empresaId: 5,
  localidadId: 1,
  level: 'info',
  message: 'No se encontr� ronda para el movimiento',
  timestamp: '2025-06-27 22:13:41'
}
{
  service: 'IncidenteModel',
  module: 'Movimientos/Incidente',
  movimientoId: 217,
  empresaId: 5,
  localidadId: 1,
  level: 'info',
  message: 'No se encontr� ronda para el movimiento',
  timestamp: '2025-06-27 22:13:41'
}
{
  service: 'IncidenteModel',
  module: 'Movimientos/Incidente',
  movimientoId: 243,
  empresaId: 2,
  localidadId: 1,
  level: 'info',
  message: 'No se encontr� ronda para el movimiento',
  timestamp: '2025-06-27 22:13:45'
}
{
  service: 'IncidenteModel',
  module: 'Movimientos/Incidente',
  movimientoId: 217,
  empresaId: 5,
  localidadId: 1,
  level: 'info',
  message: 'No se encontr� ronda para el movimiento',
  timestamp: '2025-06-27 22:13:45'
}
{
  service: 'IncidenteModel',
  module: 'Movimientos/Incidente',
  movimientoId: 243,
  empresaId: 2,
  localidadId: 1,
  level: 'info',
  message: 'No se encontr� ronda para el movimiento',
  timestamp: '2025-06-27 22:13:46'
}
{
  service: 'IncidenteModel',
  module: 'Movimientos/Incidente',
  movimientoId: 217,
  empresaId: 5,
  localidadId: 1,
  level: 'info',
  message: 'No se encontr� ronda para el movimiento',
  timestamp: '2025-06-27 22:13:46'
}
{
  service: 'IncidenteModel',
  module: 'Movimientos/Incidente',
  movimientoId: 243,
  empresaId: 2,
  localidadId: 1,
  level: 'info',
  message: 'No se encontr� ronda para el movimiento',
  timestamp: '2025-06-27 22:13:46'
}
{
  service: 'IncidenteModel',
  module: 'Movimientos/Incidente',
  movimientoId: 217,
  empresaId: 5,
  localidadId: 1,
  level: 'info',
  message: 'No se encontr� ronda para el movimiento',
  timestamp: '2025-06-27 22:13:46'
}
{
  service: 'IncidenteModel',
  module: 'Movimientos/Incidente',
  movimientoId: 243,
  empresaId: 2,
  localidadId: 1,
  level: 'info',
  message: 'No se encontr� ronda para el movimiento',
  timestamp: '2025-06-27 22:13:52'
}
{
  service: 'IncidenteModel',
  module: 'Movimientos/Incidente',
  movimientoId: 217,
  empresaId: 5,
  localidadId: 1,
  level: 'info',
  message: 'No se encontr� ronda para el movimiento',
  timestamp: '2025-06-27 22:13:52'
}
{
  service: 'IncidenteModel',
  module: 'Movimientos/Incidente',
  movimientoId: 243,
  empresaId: 2,
  localidadId: 1,
  level: 'info',
  message: 'No se encontr� ronda para el movimiento',
  timestamp: '2025-06-27 22:13:52'
}
{
  service: 'IncidenteModel',
  module: 'Movimientos/Incidente',
  movimientoId: 217,
  empresaId: 5,
  localidadId: 1,
  level: 'info',
  message: 'No se encontr� ronda para el movimiento',
  timestamp: '2025-06-27 22:13:52'
}
{
  service: 'IncidenteModel',
  module: 'Movimientos/Incidente',
  movimientoId: 243,
  empresaId: 2,
  localidadId: 1,
  level: 'info',
  message: 'No se encontr� ronda para el movimiento',
  timestamp: '2025-06-27 22:14:18'
}
{
  service: 'IncidenteModel',
  module: 'Movimientos/Incidente',
  movimientoId: 217,
  empresaId: 5,
  localidadId: 1,
  level: 'info',
  message: 'No se encontr� ronda para el movimiento',
  timestamp: '2025-06-27 22:14:18'
}
{
  service: 'IncidenteModel',
  module: 'Movimientos/Incidente',
  movimientoId: 243,
  empresaId: 2,
  localidadId: 1,
  level: 'info',
  message: 'No se encontr� ronda para el movimiento',
  timestamp: '2025-06-27 22:14:24'
}
{
  service: 'IncidenteModel',
  module: 'Movimientos/Incidente',
  movimientoId: 217,
  empresaId: 5,
  localidadId: 1,
  level: 'info',
  message: 'No se encontr� ronda para el movimiento',
  timestamp: '2025-06-27 22:14:24'
}
{
  service: 'IncidenteModel',
  module: 'Movimientos/Incidente',
  movimientoId: 243,
  empresaId: 2,
  localidadId: 1,
  level: 'info',
  message: 'No se encontr� ronda para el movimiento',
  timestamp: '2025-06-27 22:14:26'
}
{
  service: 'IncidenteModel',
  module: 'Movimientos/Incidente',
  movimientoId: 217,
  empresaId: 5,
  localidadId: 1,
  level: 'info',
  message: 'No se encontr� ronda para el movimiento',
  timestamp: '2025-06-27 22:14:26'
}
{
  service: 'IncidenteModel',
  module: 'Movimientos/Incidente',
  movimientoId: 243,
  empresaId: 2,
  localidadId: 1,
  level: 'info',
  message: 'No se encontr� ronda para el movimiento',
  timestamp: '2025-06-27 22:14:30'
}
{
  service: 'IncidenteModel',
  module: 'Movimientos/Incidente',
  movimientoId: 217,
  empresaId: 5,
  localidadId: 1,
  level: 'info',
  message: 'No se encontr� ronda para el movimiento',
  timestamp: '2025-06-27 22:14:30'
}
{
  service: 'IncidenteModel',
  module: 'Movimientos/Incidente',
  movimientoId: 243,
  empresaId: 2,
  localidadId: 1,
  level: 'info',
  message: 'No se encontr� ronda para el movimiento',
  timestamp: '2025-06-27 22:14:38'
}
{
  service: 'IncidenteModel',
  module: 'Movimientos/Incidente',
  movimientoId: 217,
  empresaId: 5,
  localidadId: 1,
  level: 'info',
  message: 'No se encontr� ronda para el movimiento',
  timestamp: '2025-06-27 22:14:38'
}
{
  service: 'IncidenteModel',
  module: 'Movimientos/Incidente',
  movimientoId: 243,
  empresaId: 2,
  localidadId: 1,
  level: 'info',
  message: 'No se encontr� ronda para el movimiento',
  timestamp: '2025-06-27 22:14:43'
}
{
  service: 'IncidenteModel',
  module: 'Movimientos/Incidente',
  movimientoId: 217,
  empresaId: 5,
  localidadId: 1,
  level: 'info',
  message: 'No se encontr� ronda para el movimiento',
  timestamp: '2025-06-27 22:14:43'
}
{
  service: 'IncidenteModel',
  module: 'Movimientos/Incidente',
  movimientoId: 243,
  empresaId: 2,
  localidadId: 1,
  level: 'info',
  message: 'No se encontr� ronda para el movimiento',
  timestamp: '2025-06-27 22:14:43'
}
{
  service: 'IncidenteModel',
  module: 'Movimientos/Incidente',
  movimientoId: 217,
  empresaId: 5,
  localidadId: 1,
  level: 'info',
  message: 'No se encontr� ronda para el movimiento',
  timestamp: '2025-06-27 22:14:43'
}
{
  service: 'IncidenteModel',
  module: 'Movimientos/Incidente',
  movimientoId: 243,
  empresaId: 2,
  localidadId: 1,
  level: 'info',
  message: 'No se encontr� ronda para el movimiento',
  timestamp: '2025-06-27 22:14:48'
}
{
  service: 'IncidenteModel',
  module: 'Movimientos/Incidente',
  movimientoId: 217,
  empresaId: 5,
  localidadId: 1,
  level: 'info',
  message: 'No se encontr� ronda para el movimiento',
  timestamp: '2025-06-27 22:14:48'
}
{
  service: 'IncidenteModel',
  module: 'Movimientos/Incidente',
  movimientoId: 243,
  empresaId: 2,
  localidadId: 1,
  level: 'info',
  message: 'No se encontr� ronda para el movimiento',
  timestamp: '2025-06-27 22:14:48'
}
{
  service: 'IncidenteModel',
  module: 'Movimientos/Incidente',
  movimientoId: 217,
  empresaId: 5,
  localidadId: 1,
  level: 'info',
  message: 'No se encontr� ronda para el movimiento',
  timestamp: '2025-06-27 22:14:48'
}
{
  service: 'IncidenteModel',
  module: 'Movimientos/Incidente',
  movimientoId: 243,
  empresaId: 2,
  localidadId: 1,
  level: 'info',
  message: 'No se encontr� ronda para el movimiento',
  timestamp: '2025-06-27 22:14:54'
}
{
  service: 'IncidenteModel',
  module: 'Movimientos/Incidente',
  movimientoId: 217,
  empresaId: 5,
  localidadId: 1,
  level: 'info',
  message: 'No se encontr� ronda para el movimiento',
  timestamp: '2025-06-27 22:14:54'
}
{
  service: 'IncidenteModel',
  module: 'Movimientos/Incidente',
  movimientoId: 243,
  empresaId: 2,
  localidadId: 1,
  level: 'info',
  message: 'No se encontr� ronda para el movimiento',
  timestamp: '2025-06-27 22:14:54'
}
{
  service: 'IncidenteModel',
  module: 'Movimientos/Incidente',
  movimientoId: 217,
  empresaId: 5,
  localidadId: 1,
  level: 'info',
  message: 'No se encontr� ronda para el movimiento',
  timestamp: '2025-06-27 22:14:54'
}
{
  service: 'IncidenteModel',
  module: 'Movimientos/Incidente',
  movimientoId: 243,
  empresaId: 2,
  localidadId: 1,
  level: 'info',
  message: 'No se encontr� ronda para el movimiento',
  timestamp: '2025-06-27 22:22:46'
}
{
  service: 'IncidenteModel',
  module: 'Movimientos/Incidente',
  movimientoId: 217,
  empresaId: 5,
  localidadId: 1,
  level: 'info',
  message: 'No se encontr� ronda para el movimiento',
  timestamp: '2025-06-27 22:22:46'
}
{
  service: 'IncidenteModel',
  module: 'Movimientos/Incidente',
  incidenteId: 160,
  cantidad: 1,
  carpeta: '/var/www/Cosaif/uploads/incidentes/2025/06/27',
  level: 'info',
  message: 'Imagenes procesadas y guardadas',
  timestamp: '2025-06-27 22:23:35'
}
{
  service: 'IncidenteModel',
  module: 'Movimientos/Incidente',
  movimientoId: 211,
  empresaId: 2,
  rondaOriginal: 16,
  localidadId: 1,
  prioridad: 'BAJA',
  unicaEmpresa: true,
  level: 'info',
  message: 'Iniciando reorganizaci�n por incidente',
  timestamp: '2025-06-27 22:23:35'
}
{
  service: 'IncidenteModel',
  module: 'Movimientos/Incidente',
  movimientoId: 211,
  rondaNumero: 16,
  posicionOriginal: 1,
  posicionFinal: 1,
  level: 'info',
  message: 'Movimiento movido al final de la ronda',
  timestamp: '2025-06-27 22:23:35'
}
{
  service: 'IncidenteModel',
  module: 'Movimientos/Incidente',
  incidenteId: 160,
  movimientoId: 211,
  empresaId: 2,
  localidadId: 1,
  imagenesGuardadas: 1,
  level: 'info',
  message: 'Incidente creado y procesado',
  timestamp: '2025-06-27 22:23:36'
}
{
  service: 'IncidenteModel',
  module: 'Movimientos/Incidente',
  movimientoId: 243,
  empresaId: 2,
  localidadId: 1,
  level: 'info',
  message: 'No se encontr� ronda para el movimiento',
  timestamp: '2025-06-27 22:24:45'
}
{
  service: 'IncidenteModel',
  module: 'Movimientos/Incidente',
  movimientoId: 217,
  empresaId: 5,
  localidadId: 1,
  level: 'info',
  message: 'No se encontr� ronda para el movimiento',
  timestamp: '2025-06-27 22:24:45'
}
{
  service: 'IncidenteModel',
  module: 'Movimientos/Incidente',
  movimientoId: 211,
  empresaId: 2,
  rondaOriginal: 15,
  localidadId: 1,
  prioridad: 'BAJA',
  unicaEmpresa: true,
  level: 'info',
  message: 'Iniciando reorganizaci�n por incidente',
  timestamp: '2025-06-27 22:24:45'
}
{
  service: 'IncidenteModel',
  module: 'Movimientos/Incidente',
  movimientoId: 211,
  rondaNumero: 15,
  posicionOriginal: 1,
  posicionFinal: 1,
  level: 'info',
  message: 'Movimiento movido al final de la ronda',
  timestamp: '2025-06-27 22:24:45'
}
{
  service: 'IncidenteModel',
  module: 'Movimientos/Incidente',
  movimientoId: 243,
  empresaId: 2,
  localidadId: 1,
  level: 'info',
  message: 'No se encontr� ronda para el movimiento',
  timestamp: '2025-06-27 22:25:08'
}
{
  service: 'IncidenteModel',
  module: 'Movimientos/Incidente',
  movimientoId: 217,
  empresaId: 5,
  localidadId: 1,
  level: 'info',
  message: 'No se encontr� ronda para el movimiento',
  timestamp: '2025-06-27 22:25:08'
}
{
  service: 'IncidenteModel',
  module: 'Movimientos/Incidente',
  movimientoId: 243,
  empresaId: 2,
  localidadId: 1,
  level: 'info',
  message: 'No se encontr� ronda para el movimiento',
  timestamp: '2025-06-27 22:25:08'
}
{
  service: 'IncidenteModel',
  module: 'Movimientos/Incidente',
  movimientoId: 217,
  empresaId: 5,
  localidadId: 1,
  level: 'info',
  message: 'No se encontr� ronda para el movimiento',
  timestamp: '2025-06-27 22:25:08'
}
{
  service: 'IncidenteModel',
  module: 'Movimientos/Incidente',
  movimientoId: 243,
  empresaId: 2,
  localidadId: 1,
  level: 'info',
  message: 'No se encontr� ronda para el movimiento',
  timestamp: '2025-06-27 22:25:08'
}
{
  service: 'IncidenteModel',
  module: 'Movimientos/Incidente',
  movimientoId: 217,
  empresaId: 5,
  localidadId: 1,
  level: 'info',
  message: 'No se encontr� ronda para el movimiento',
  timestamp: '2025-06-27 22:25:08'
}
{
  service: 'IncidenteModel',
  module: 'Movimientos/Incidente',
  movimientoId: 243,
  empresaId: 2,
  localidadId: 1,
  level: 'info',
  message: 'No se encontr� ronda para el movimiento',
  timestamp: '2025-06-27 22:25:10'
}
{
  service: 'IncidenteModel',
  module: 'Movimientos/Incidente',
  movimientoId: 217,
  empresaId: 5,
  localidadId: 1,
  level: 'info',
  message: 'No se encontr� ronda para el movimiento',
  timestamp: '2025-06-27 22:25:10'
}
{
  service: 'IncidenteModel',
  module: 'Movimientos/Incidente',
  movimientoId: 243,
  empresaId: 2,
  localidadId: 1,
  level: 'info',
  message: 'No se encontr� ronda para el movimiento',
  timestamp: '2025-06-27 22:25:10'
}
{
  service: 'IncidenteModel',
  module: 'Movimientos/Incidente',
  movimientoId: 217,
  empresaId: 5,
  localidadId: 1,
  level: 'info',
  message: 'No se encontr� ronda para el movimiento',
  timestamp: '2025-06-27 22:25:10'
}
{
  service: 'IncidenteModel',
  module: 'Movimientos/Incidente',
  movimientoId: 243,
  empresaId: 2,
  localidadId: 1,
  level: 'info',
  message: 'No se encontr� ronda para el movimiento',
  timestamp: '2025-06-27 22:25:10'
}
{
  service: 'IncidenteModel',
  module: 'Movimientos/Incidente',
  movimientoId: 217,
  empresaId: 5,
  localidadId: 1,
  level: 'info',
  message: 'No se encontr� ronda para el movimiento',
  timestamp: '2025-06-27 22:25:10'
}
{
  service: 'IncidenteModel',
  module: 'Movimientos/Incidente',
  movimientoId: 243,
  empresaId: 2,
  localidadId: 1,
  level: 'info',
  message: 'No se encontr� ronda para el movimiento',
  timestamp: '2025-06-27 22:25:18'
}
{
  service: 'IncidenteModel',
  module: 'Movimientos/Incidente',
  movimientoId: 217,
  empresaId: 5,
  localidadId: 1,
  level: 'info',
  message: 'No se encontr� ronda para el movimiento',
  timestamp: '2025-06-27 22:25:18'
}
{
  service: 'IncidenteModel',
  module: 'Movimientos/Incidente',
  movimientoId: 243,
  empresaId: 2,
  localidadId: 1,
  level: 'info',
  message: 'No se encontr� ronda para el movimiento',
  timestamp: '2025-06-27 22:25:20'
}
{
  service: 'IncidenteModel',
  module: 'Movimientos/Incidente',
  movimientoId: 217,
  empresaId: 5,
  localidadId: 1,
  level: 'info',
  message: 'No se encontr� ronda para el movimiento',
  timestamp: '2025-06-27 22:25:20'
}
{
  service: 'IncidenteModel',
  module: 'Movimientos/Incidente',
  movimientoId: 243,
  empresaId: 2,
  localidadId: 1,
  level: 'info',
  message: 'No se encontr� ronda para el movimiento',
  timestamp: '2025-06-27 22:25:20'
}
{
  service: 'IncidenteModel',
  module: 'Movimientos/Incidente',
  movimientoId: 217,
  empresaId: 5,
  localidadId: 1,
  level: 'info',
  message: 'No se encontr� ronda para el movimiento',
  timestamp: '2025-06-27 22:25:20'
}
{
  service: 'IncidenteModel',
  module: 'Movimientos/Incidente',
  movimientoId: 243,
  empresaId: 2,
  localidadId: 1,
  level: 'info',
  message: 'No se encontr� ronda para el movimiento',
  timestamp: '2025-06-27 22:25:20'
}
{
  service: 'IncidenteModel',
  module: 'Movimientos/Incidente',
  movimientoId: 217,
  empresaId: 5,
  localidadId: 1,
  level: 'info',
  message: 'No se encontr� ronda para el movimiento',
  timestamp: '2025-06-27 22:25:20'
}
{
  service: 'IncidenteModel',
  module: 'Movimientos/Incidente',
  movimientoId: 243,
  empresaId: 2,
  localidadId: 1,
  level: 'info',
  message: 'No se encontr� ronda para el movimiento',
  timestamp: '2025-06-27 22:25:21'
}
{
  service: 'IncidenteModel',
  module: 'Movimientos/Incidente',
  movimientoId: 217,
  empresaId: 5,
  localidadId: 1,
  level: 'info',
  message: 'No se encontr� ronda para el movimiento',
  timestamp: '2025-06-27 22:25:21'
}
{
  service: 'IncidenteModel',
  module: 'Movimientos/Incidente',
  movimientoId: 243,
  empresaId: 2,
  localidadId: 1,
  level: 'info',
  message: 'No se encontr� ronda para el movimiento',
  timestamp: '2025-06-27 22:25:21'
}
{
  service: 'IncidenteModel',
  module: 'Movimientos/Incidente',
  movimientoId: 217,
  empresaId: 5,
  localidadId: 1,
  level: 'info',
  message: 'No se encontr� ronda para el movimiento',
  timestamp: '2025-06-27 22:25:21'
}
{
  service: 'IncidenteModel',
  module: 'Movimientos/Incidente',
  movimientoId: 243,
  empresaId: 2,
  localidadId: 1,
  level: 'info',
  message: 'No se encontr� ronda para el movimiento',
  timestamp: '2025-06-27 22:25:21'
}
{
  service: 'IncidenteModel',
  module: 'Movimientos/Incidente',
  movimientoId: 217,
  empresaId: 5,
  localidadId: 1,
  level: 'info',
  message: 'No se encontr� ronda para el movimiento',
  timestamp: '2025-06-27 22:25:21'
}
{
  service: 'IncidenteModel',
  module: 'Movimientos/Incidente',
  movimientoId: 243,
  empresaId: 2,
  localidadId: 1,
  level: 'info',
  message: 'No se encontr� ronda para el movimiento',
  timestamp: '2025-06-27 22:25:22'
}
{
  service: 'IncidenteModel',
  module: 'Movimientos/Incidente',
  movimientoId: 217,
  empresaId: 5,
  localidadId: 1,
  level: 'info',
  message: 'No se encontr� ronda para el movimiento',
  timestamp: '2025-06-27 22:25:22'
}
{
  service: 'IncidenteModel',
  module: 'Movimientos/Incidente',
  movimientoId: 243,
  empresaId: 2,
  localidadId: 1,
  level: 'info',
  message: 'No se encontr� ronda para el movimiento',
  timestamp: '2025-06-27 22:25:22'
}
{
  service: 'IncidenteModel',
  module: 'Movimientos/Incidente',
  movimientoId: 217,
  empresaId: 5,
  localidadId: 1,
  level: 'info',
  message: 'No se encontr� ronda para el movimiento',
  timestamp: '2025-06-27 22:25:22'
}
{
  service: 'IncidenteModel',
  module: 'Movimientos/Incidente',
  movimientoId: 243,
  empresaId: 2,
  localidadId: 1,
  level: 'info',
  message: 'No se encontr� ronda para el movimiento',
  timestamp: '2025-06-27 22:25:22'
}
{
  service: 'IncidenteModel',
  module: 'Movimientos/Incidente',
  movimientoId: 217,
  empresaId: 5,
  localidadId: 1,
  level: 'info',
  message: 'No se encontr� ronda para el movimiento',
  timestamp: '2025-06-27 22:25:22'
}
{
  service: 'IncidenteModel',
  module: 'Movimientos/Incidente',
  movimientoId: 243,
  empresaId: 2,
  localidadId: 1,
  level: 'info',
  message: 'No se encontr� ronda para el movimiento',
  timestamp: '2025-06-27 22:25:23'
}
{
  service: 'IncidenteModel',
  module: 'Movimientos/Incidente',
  movimientoId: 217,
  empresaId: 5,
  localidadId: 1,
  level: 'info',
  message: 'No se encontr� ronda para el movimiento',
  timestamp: '2025-06-27 22:25:23'
}
{
  service: 'IncidenteModel',
  module: 'Movimientos/Incidente',
  movimientoId: 243,
  empresaId: 2,
  localidadId: 1,
  level: 'info',
  message: 'No se encontr� ronda para el movimiento',
  timestamp: '2025-06-27 22:45:20'
}
{
  service: 'IncidenteModel',
  module: 'Movimientos/Incidente',
  movimientoId: 217,
  empresaId: 5,
  localidadId: 1,
  level: 'info',
  message: 'No se encontr� ronda para el movimiento',
  timestamp: '2025-06-27 22:45:20'
}
{
  service: 'IncidenteModel',
  module: 'Movimientos/Incidente',
  movimientoId: 243,
  empresaId: 2,
  localidadId: 1,
  level: 'info',
  message: 'No se encontr� ronda para el movimiento',
  timestamp: '2025-06-27 22:49:11'
}
{
  service: 'IncidenteModel',
  module: 'Movimientos/Incidente',
  movimientoId: 217,
  empresaId: 5,
  localidadId: 1,
  level: 'info',
  message: 'No se encontr� ronda para el movimiento',
  timestamp: '2025-06-27 22:49:11'
}
{
  service: 'IncidenteModel',
  module: 'Movimientos/Incidente',
  movimientoId: 243,
  empresaId: 2,
  localidadId: 1,
  level: 'info',
  message: 'No se encontr� ronda para el movimiento',
  timestamp: '2025-06-27 22:58:37'
}
{
  service: 'IncidenteModel',
  module: 'Movimientos/Incidente',
  movimientoId: 217,
  empresaId: 5,
  localidadId: 1,
  level: 'info',
  message: 'No se encontr� ronda para el movimiento',
  timestamp: '2025-06-27 22:58:37'
}
{
  service: 'IncidenteModel',
  module: 'Movimientos/Incidente',
  movimientoId: 243,
  empresaId: 2,
  localidadId: 1,
  level: 'info',
  message: 'No se encontr� ronda para el movimiento',
  timestamp: '2025-06-27 23:00:17'
}
{
  service: 'IncidenteModel',
  module: 'Movimientos/Incidente',
  movimientoId: 217,
  empresaId: 5,
  localidadId: 1,
  level: 'info',
  message: 'No se encontr� ronda para el movimiento',
  timestamp: '2025-06-27 23:00:17'
}
{
  service: 'IncidenteModel',
  module: 'Movimientos/Incidente',
  movimientoId: 243,
  empresaId: 2,
  localidadId: 1,
  level: 'info',
  message: 'No se encontr� ronda para el movimiento',
  timestamp: '2025-06-27 23:01:58'
}
{
  service: 'IncidenteModel',
  module: 'Movimientos/Incidente',
  movimientoId: 217,
  empresaId: 5,
  localidadId: 1,
  level: 'info',
  message: 'No se encontr� ronda para el movimiento',
  timestamp: '2025-06-27 23:01:58'
}
{
  service: 'IncidenteModel',
  module: 'Movimientos/Incidente',
  movimientoId: 243,
  empresaId: 2,
  localidadId: 1,
  level: 'info',
  message: 'No se encontr� ronda para el movimiento',
  timestamp: '2025-06-27 23:02:44'
}
{
  service: 'IncidenteModel',
  module: 'Movimientos/Incidente',
  movimientoId: 217,
  empresaId: 5,
  localidadId: 1,
  level: 'info',
  message: 'No se encontr� ronda para el movimiento',
  timestamp: '2025-06-27 23:02:44'
}
{
  service: 'IncidenteModel',
  module: 'Movimientos/Incidente',
  movimientoId: 243,
  empresaId: 2,
  localidadId: 1,
  level: 'info',
  message: 'No se encontr� ronda para el movimiento',
  timestamp: '2025-06-27 23:02:46'
}
{
  service: 'IncidenteModel',
  module: 'Movimientos/Incidente',
  movimientoId: 217,
  empresaId: 5,
  localidadId: 1,
  level: 'info',
  message: 'No se encontr� ronda para el movimiento',
  timestamp: '2025-06-27 23:02:46'
}
{
  service: 'IncidenteModel',
  module: 'Movimientos/Incidente',
  movimientoId: 243,
  empresaId: 2,
  localidadId: 1,
  level: 'info',
  message: 'No se encontr� ronda para el movimiento',
  timestamp: '2025-06-27 23:02:51'
}
{
  service: 'IncidenteModel',
  module: 'Movimientos/Incidente',
  movimientoId: 217,
  empresaId: 5,
  localidadId: 1,
  level: 'info',
  message: 'No se encontr� ronda para el movimiento',
  timestamp: '2025-06-27 23:02:51'
}
{
  service: 'IncidenteModel',
  module: 'Movimientos/Incidente',
  movimientoId: 243,
  empresaId: 2,
  localidadId: 1,
  level: 'info',
  message: 'No se encontr� ronda para el movimiento',
  timestamp: '2025-06-27 23:02:51'
}
{
  service: 'IncidenteModel',
  module: 'Movimientos/Incidente',
  movimientoId: 217,
  empresaId: 5,
  localidadId: 1,
  level: 'info',
  message: 'No se encontr� ronda para el movimiento',
  timestamp: '2025-06-27 23:02:51'
}
{
  service: 'IncidenteModel',
  module: 'Movimientos/Incidente',
  movimientoId: 243,
  empresaId: 2,
  localidadId: 1,
  level: 'info',
  message: 'No se encontr� ronda para el movimiento',
  timestamp: '2025-06-27 23:03:02'
}
{
  service: 'IncidenteModel',
  module: 'Movimientos/Incidente',
  movimientoId: 217,
  empresaId: 5,
  localidadId: 1,
  level: 'info',
  message: 'No se encontr� ronda para el movimiento',
  timestamp: '2025-06-27 23:03:02'
}
{
  service: 'IncidenteModel',
  module: 'Movimientos/Incidente',
  movimientoId: 243,
  empresaId: 2,
  localidadId: 1,
  level: 'info',
  message: 'No se encontr� ronda para el movimiento',
  timestamp: '2025-06-27 23:03:02'
}
{
  service: 'IncidenteModel',
  module: 'Movimientos/Incidente',
  movimientoId: 217,
  empresaId: 5,
  localidadId: 1,
  level: 'info',
  message: 'No se encontr� ronda para el movimiento',
  timestamp: '2025-06-27 23:03:02'
}
{
  service: 'IncidenteModel',
  module: 'Movimientos/Incidente',
  movimientoId: 243,
  empresaId: 2,
  localidadId: 1,
  level: 'info',
  message: 'No se encontr� ronda para el movimiento',
  timestamp: '2025-06-27 23:03:07'
}
{
  service: 'IncidenteModel',
  module: 'Movimientos/Incidente',
  movimientoId: 217,
  empresaId: 5,
  localidadId: 1,
  level: 'info',
  message: 'No se encontr� ronda para el movimiento',
  timestamp: '2025-06-27 23:03:07'
}
{
  service: 'IncidenteModel',
  module: 'Movimientos/Incidente',
  movimientoId: 243,
  empresaId: 2,
  localidadId: 1,
  level: 'info',
  message: 'No se encontr� ronda para el movimiento',
  timestamp: '2025-06-27 23:03:07'
}
{
  service: 'IncidenteModel',
  module: 'Movimientos/Incidente',
  movimientoId: 217,
  empresaId: 5,
  localidadId: 1,
  level: 'info',
  message: 'No se encontr� ronda para el movimiento',
  timestamp: '2025-06-27 23:03:07'
}
{
  service: 'IncidenteModel',
  module: 'Movimientos/Incidente',
  movimientoId: 243,
  empresaId: 2,
  localidadId: 1,
  level: 'info',
  message: 'No se encontr� ronda para el movimiento',
  timestamp: '2025-06-27 23:03:12'
}
{
  service: 'IncidenteModel',
  module: 'Movimientos/Incidente',
  movimientoId: 217,
  empresaId: 5,
  localidadId: 1,
  level: 'info',
  message: 'No se encontr� ronda para el movimiento',
  timestamp: '2025-06-27 23:03:12'
}
{
  service: 'IncidenteModel',
  module: 'Movimientos/Incidente',
  movimientoId: 243,
  empresaId: 2,
  localidadId: 1,
  level: 'info',
  message: 'No se encontr� ronda para el movimiento',
  timestamp: '2025-06-27 23:12:26'
}
{
  service: 'IncidenteModel',
  module: 'Movimientos/Incidente',
  movimientoId: 217,
  empresaId: 5,
  localidadId: 1,
  level: 'info',
  message: 'No se encontr� ronda para el movimiento',
  timestamp: '2025-06-27 23:12:26'
}
{
  service: 'IncidenteModel',
  module: 'Movimientos/Incidente',
  movimientoId: 243,
  empresaId: 2,
  localidadId: 1,
  level: 'info',
  message: 'No se encontr� ronda para el movimiento',
  timestamp: '2025-06-27 23:13:15'
}
{
  service: 'IncidenteModel',
  module: 'Movimientos/Incidente',
  movimientoId: 217,
  empresaId: 5,
  localidadId: 1,
  level: 'info',
  message: 'No se encontr� ronda para el movimiento',
  timestamp: '2025-06-27 23:13:15'
}
{
  service: 'IncidenteModel',
  module: 'Movimientos/Incidente',
  movimientoId: 243,
  empresaId: 2,
  localidadId: 1,
  level: 'info',
  message: 'No se encontr� ronda para el movimiento',
  timestamp: '2025-06-27 23:13:19'
}
{
  service: 'IncidenteModel',
  module: 'Movimientos/Incidente',
  movimientoId: 217,
  empresaId: 5,
  localidadId: 1,
  level: 'info',
  message: 'No se encontr� ronda para el movimiento',
  timestamp: '2025-06-27 23:13:19'
}
{
  service: 'IncidenteModel',
  module: 'Movimientos/Incidente',
  movimientoId: 243,
  empresaId: 2,
  localidadId: 1,
  level: 'info',
  message: 'No se encontr� ronda para el movimiento',
  timestamp: '2025-06-27 23:13:21'
}
{
  service: 'IncidenteModel',
  module: 'Movimientos/Incidente',
  movimientoId: 217,
  empresaId: 5,
  localidadId: 1,
  level: 'info',
  message: 'No se encontr� ronda para el movimiento',
  timestamp: '2025-06-27 23:13:21'
}
{
  service: 'IncidenteModel',
  module: 'Movimientos/Incidente',
  movimientoId: 243,
  empresaId: 2,
  localidadId: 1,
  level: 'info',
  message: 'No se encontr� ronda para el movimiento',
  timestamp: '2025-06-27 23:13:24'
}
{
  service: 'IncidenteModel',
  module: 'Movimientos/Incidente',
  movimientoId: 217,
  empresaId: 5,
  localidadId: 1,
  level: 'info',
  message: 'No se encontr� ronda para el movimiento',
  timestamp: '2025-06-27 23:13:24'
}
{
  service: 'IncidenteModel',
  module: 'Movimientos/Incidente',
  movimientoId: 243,
  empresaId: 2,
  localidadId: 1,
  level: 'info',
  message: 'No se encontr� ronda para el movimiento',
  timestamp: '2025-06-27 23:13:26'
}
{
  service: 'IncidenteModel',
  module: 'Movimientos/Incidente',
  movimientoId: 217,
  empresaId: 5,
  localidadId: 1,
  level: 'info',
  message: 'No se encontr� ronda para el movimiento',
  timestamp: '2025-06-27 23:13:26'
}
{
  service: 'IncidenteModel',
  module: 'Movimientos/Incidente',
  movimientoId: 243,
  empresaId: 2,
  localidadId: 1,
  level: 'info',
  message: 'No se encontr� ronda para el movimiento',
  timestamp: '2025-06-27 23:18:13'
}
{
  service: 'IncidenteModel',
  module: 'Movimientos/Incidente',
  movimientoId: 217,
  empresaId: 5,
  localidadId: 1,
  level: 'info',
  message: 'No se encontr� ronda para el movimiento',
  timestamp: '2025-06-27 23:18:13'
}
{
  service: 'IncidenteModel',
  module: 'Movimientos/Incidente',
  movimientoId: 243,
  empresaId: 2,
  localidadId: 1,
  level: 'info',
  message: 'No se encontr� ronda para el movimiento',
  timestamp: '2025-06-27 23:18:13'
}
{
  service: 'IncidenteModel',
  module: 'Movimientos/Incidente',
  movimientoId: 217,
  empresaId: 5,
  localidadId: 1,
  level: 'info',
  message: 'No se encontr� ronda para el movimiento',
  timestamp: '2025-06-27 23:18:13'
}
{
  service: 'IncidenteModel',
  module: 'Movimientos/Incidente',
  movimientoId: 243,
  empresaId: 2,
  localidadId: 1,
  level: 'info',
  message: 'No se encontr� ronda para el movimiento',
  timestamp: '2025-06-27 23:18:44'
}
{
  service: 'IncidenteModel',
  module: 'Movimientos/Incidente',
  movimientoId: 217,
  empresaId: 5,
  localidadId: 1,
  level: 'info',
  message: 'No se encontr� ronda para el movimiento',
  timestamp: '2025-06-27 23:18:44'
}
{
  service: 'IncidenteModel',
  module: 'Movimientos/Incidente',
  movimientoId: 243,
  empresaId: 2,
  localidadId: 1,
  level: 'info',
  message: 'No se encontr� ronda para el movimiento',
  timestamp: '2025-06-27 23:18:48'
}
{
  service: 'IncidenteModel',
  module: 'Movimientos/Incidente',
  movimientoId: 217,
  empresaId: 5,
  localidadId: 1,
  level: 'info',
  message: 'No se encontr� ronda para el movimiento',
  timestamp: '2025-06-27 23:18:48'
}
{
  service: 'IncidenteModel',
  module: 'Movimientos/Incidente',
  movimientoId: 243,
  empresaId: 2,
  localidadId: 1,
  level: 'info',
  message: 'No se encontr� ronda para el movimiento',
  timestamp: '2025-06-27 23:23:00'
}
{
  service: 'IncidenteModel',
  module: 'Movimientos/Incidente',
  movimientoId: 217,
  empresaId: 5,
  localidadId: 1,
  level: 'info',
  message: 'No se encontr� ronda para el movimiento',
  timestamp: '2025-06-27 23:23:00'
}
{
  service: 'IncidenteModel',
  module: 'Movimientos/Incidente',
  movimientoId: 243,
  empresaId: 2,
  localidadId: 1,
  level: 'info',
  message: 'No se encontr� ronda para el movimiento',
  timestamp: '2025-06-27 23:23:04'
}
{
  service: 'IncidenteModel',
  module: 'Movimientos/Incidente',
  movimientoId: 217,
  empresaId: 5,
  localidadId: 1,
  level: 'info',
  message: 'No se encontr� ronda para el movimiento',
  timestamp: '2025-06-27 23:23:04'
}
{
  service: 'IncidenteModel',
  module: 'Movimientos/Incidente',
  movimientoId: 243,
  empresaId: 2,
  localidadId: 1,
  level: 'info',
  message: 'No se encontr� ronda para el movimiento',
  timestamp: '2025-06-27 23:23:04'
}
{
  service: 'IncidenteModel',
  module: 'Movimientos/Incidente',
  movimientoId: 217,
  empresaId: 5,
  localidadId: 1,
  level: 'info',
  message: 'No se encontr� ronda para el movimiento',
  timestamp: '2025-06-27 23:23:04'
}
{
  service: 'IncidenteModel',
  module: 'Movimientos/Incidente',
  movimientoId: 243,
  empresaId: 2,
  localidadId: 1,
  level: 'info',
  message: 'No se encontr� ronda para el movimiento',
  timestamp: '2025-06-27 23:23:05'
}
{
  service: 'IncidenteModel',
  module: 'Movimientos/Incidente',
  movimientoId: 217,
  empresaId: 5,
  localidadId: 1,
  level: 'info',
  message: 'No se encontr� ronda para el movimiento',
  timestamp: '2025-06-27 23:23:05'
}
{
  service: 'IncidenteModel',
  module: 'Movimientos/Incidente',
  movimientoId: 243,
  empresaId: 2,
  localidadId: 1,
  level: 'info',
  message: 'No se encontr� ronda para el movimiento',
  timestamp: '2025-06-27 23:26:33'
}
{
  service: 'IncidenteModel',
  module: 'Movimientos/Incidente',
  movimientoId: 217,
  empresaId: 5,
  localidadId: 1,
  level: 'info',
  message: 'No se encontr� ronda para el movimiento',
  timestamp: '2025-06-27 23:26:33'
}
{
  service: 'IncidenteModel',
  module: 'Movimientos/Incidente',
  movimientoId: 243,
  empresaId: 2,
  localidadId: 1,
  level: 'info',
  message: 'No se encontr� ronda para el movimiento',
  timestamp: '2025-06-27 23:27:42'
}
{
  service: 'IncidenteModel',
  module: 'Movimientos/Incidente',
  movimientoId: 217,
  empresaId: 5,
  localidadId: 1,
  level: 'info',
  message: 'No se encontr� ronda para el movimiento',
  timestamp: '2025-06-27 23:27:42'
}
{
  service: 'IncidenteModel',
  module: 'Movimientos/Incidente',
  movimientoId: 243,
  empresaId: 2,
  localidadId: 1,
  level: 'info',
  message: 'No se encontr� ronda para el movimiento',
  timestamp: '2025-06-27 23:29:08'
}
{
  service: 'IncidenteModel',
  module: 'Movimientos/Incidente',
  movimientoId: 217,
  empresaId: 5,
  localidadId: 1,
  level: 'info',
  message: 'No se encontr� ronda para el movimiento',
  timestamp: '2025-06-27 23:29:08'
}
{
  service: 'IncidenteModel',
  module: 'Movimientos/Incidente',
  movimientoId: 243,
  empresaId: 2,
  localidadId: 1,
  level: 'info',
  message: 'No se encontr� ronda para el movimiento',
  timestamp: '2025-06-27 23:29:47'
}
{
  service: 'IncidenteModel',
  module: 'Movimientos/Incidente',
  movimientoId: 217,
  empresaId: 5,
  localidadId: 1,
  level: 'info',
  message: 'No se encontr� ronda para el movimiento',
  timestamp: '2025-06-27 23:29:47'
}
{
  service: 'IncidenteModel',
  module: 'Movimientos/Incidente',
  movimientoId: 243,
  empresaId: 2,
  localidadId: 1,
  level: 'info',
  message: 'No se encontr� ronda para el movimiento',
  timestamp: '2025-06-27 23:30:20'
}
{
  service: 'IncidenteModel',
  module: 'Movimientos/Incidente',
  movimientoId: 217,
  empresaId: 5,
  localidadId: 1,
  level: 'info',
  message: 'No se encontr� ronda para el movimiento',
  timestamp: '2025-06-27 23:30:20'
}
{
  service: 'IncidenteModel',
  module: 'Movimientos/Incidente',
  movimientoId: 243,
  empresaId: 2,
  localidadId: 1,
  level: 'info',
  message: 'No se encontr� ronda para el movimiento',
  timestamp: '2025-06-27 23:30:25'
}
{
  service: 'IncidenteModel',
  module: 'Movimientos/Incidente',
  movimientoId: 217,
  empresaId: 5,
  localidadId: 1,
  level: 'info',
  message: 'No se encontr� ronda para el movimiento',
  timestamp: '2025-06-27 23:30:25'
}
{
  service: 'IncidenteModel',
  module: 'Movimientos/Incidente',
  movimientoId: 243,
  empresaId: 2,
  localidadId: 1,
  level: 'info',
  message: 'No se encontr� ronda para el movimiento',
  timestamp: '2025-06-27 23:32:11'
}
{
  service: 'IncidenteModel',
  module: 'Movimientos/Incidente',
  movimientoId: 217,
  empresaId: 5,
  localidadId: 1,
  level: 'info',
  message: 'No se encontr� ronda para el movimiento',
  timestamp: '2025-06-27 23:32:11'
}
{
  service: 'IncidenteModel',
  module: 'Movimientos/Incidente',
  movimientoId: 243,
  empresaId: 2,
  localidadId: 1,
  level: 'info',
  message: 'No se encontr� ronda para el movimiento',
  timestamp: '2025-06-27 23:32:19'
}
{
  service: 'IncidenteModel',
  module: 'Movimientos/Incidente',
  movimientoId: 217,
  empresaId: 5,
  localidadId: 1,
  level: 'info',
  message: 'No se encontr� ronda para el movimiento',
  timestamp: '2025-06-27 23:32:19'
}
{
  service: 'IncidenteModel',
  module: 'Movimientos/Incidente',
  movimientoId: 243,
  empresaId: 2,
  localidadId: 1,
  level: 'info',
  message: 'No se encontr� ronda para el movimiento',
  timestamp: '2025-06-27 23:32:20'
}
{
  service: 'IncidenteModel',
  module: 'Movimientos/Incidente',
  movimientoId: 217,
  empresaId: 5,
  localidadId: 1,
  level: 'info',
  message: 'No se encontr� ronda para el movimiento',
  timestamp: '2025-06-27 23:32:20'
}
{
  service: 'IncidenteModel',
  module: 'Movimientos/Incidente',
  movimientoId: 243,
  empresaId: 2,
  localidadId: 1,
  level: 'info',
  message: 'No se encontr� ronda para el movimiento',
  timestamp: '2025-06-27 23:32:20'
}
{
  service: 'IncidenteModel',
  module: 'Movimientos/Incidente',
  movimientoId: 217,
  empresaId: 5,
  localidadId: 1,
  level: 'info',
  message: 'No se encontr� ronda para el movimiento',
  timestamp: '2025-06-27 23:32:20'
}
{
  service: 'IncidenteModel',
  module: 'Movimientos/Incidente',
  movimientoId: 243,
  empresaId: 2,
  localidadId: 1,
  level: 'info',
  message: 'No se encontr� ronda para el movimiento',
  timestamp: '2025-06-27 23:32:22'
}
{
  service: 'IncidenteModel',
  module: 'Movimientos/Incidente',
  movimientoId: 217,
  empresaId: 5,
  localidadId: 1,
  level: 'info',
  message: 'No se encontr� ronda para el movimiento',
  timestamp: '2025-06-27 23:32:22'
}
{
  service: 'IncidenteModel',
  module: 'Movimientos/Incidente',
  movimientoId: 243,
  empresaId: 2,
  localidadId: 1,
  level: 'info',
  message: 'No se encontr� ronda para el movimiento',
  timestamp: '2025-06-27 23:32:23'
}
{
  service: 'IncidenteModel',
  module: 'Movimientos/Incidente',
  movimientoId: 217,
  empresaId: 5,
  localidadId: 1,
  level: 'info',
  message: 'No se encontr� ronda para el movimiento',
  timestamp: '2025-06-27 23:32:23'
}
{
  service: 'IncidenteModel',
  module: 'Movimientos/Incidente',
  movimientoId: 243,
  empresaId: 2,
  localidadId: 1,
  level: 'info',
  message: 'No se encontr� ronda para el movimiento',
  timestamp: '2025-06-27 23:32:23'
}
{
  service: 'IncidenteModel',
  module: 'Movimientos/Incidente',
  movimientoId: 217,
  empresaId: 5,
  localidadId: 1,
  level: 'info',
  message: 'No se encontr� ronda para el movimiento',
  timestamp: '2025-06-27 23:32:23'
}
{
  service: 'IncidenteModel',
  module: 'Movimientos/Incidente',
  movimientoId: 243,
  empresaId: 2,
  localidadId: 1,
  level: 'info',
  message: 'No se encontr� ronda para el movimiento',
  timestamp: '2025-06-27 23:32:23'
}
{
  service: 'IncidenteModel',
  module: 'Movimientos/Incidente',
  movimientoId: 217,
  empresaId: 5,
  localidadId: 1,
  level: 'info',
  message: 'No se encontr� ronda para el movimiento',
  timestamp: '2025-06-27 23:32:23'
}
{
  service: 'IncidenteModel',
  module: 'Movimientos/Incidente',
  movimientoId: 243,
  empresaId: 2,
  localidadId: 1,
  level: 'info',
  message: 'No se encontr� ronda para el movimiento',
  timestamp: '2025-06-27 23:32:24'
}
{
  service: 'IncidenteModel',
  module: 'Movimientos/Incidente',
  movimientoId: 217,
  empresaId: 5,
  localidadId: 1,
  level: 'info',
  message: 'No se encontr� ronda para el movimiento',
  timestamp: '2025-06-27 23:32:24'
}
{
  service: 'IncidenteModel',
  module: 'Movimientos/Incidente',
  movimientoId: 243,
  empresaId: 2,
  localidadId: 1,
  level: 'info',
  message: 'No se encontr� ronda para el movimiento',
  timestamp: '2025-06-27 23:32:24'
}
{
  service: 'IncidenteModel',
  module: 'Movimientos/Incidente',
  movimientoId: 217,
  empresaId: 5,
  localidadId: 1,
  level: 'info',
  message: 'No se encontr� ronda para el movimiento',
  timestamp: '2025-06-27 23:32:24'
}
{
  service: 'IncidenteModel',
  module: 'Movimientos/Incidente',
  movimientoId: 243,
  empresaId: 2,
  localidadId: 1,
  level: 'info',
  message: 'No se encontr� ronda para el movimiento',
  timestamp: '2025-06-27 23:32:24'
}
{
  service: 'IncidenteModel',
  module: 'Movimientos/Incidente',
  movimientoId: 217,
  empresaId: 5,
  localidadId: 1,
  level: 'info',
  message: 'No se encontr� ronda para el movimiento',
  timestamp: '2025-06-27 23:32:24'
}
{
  service: 'IncidenteModel',
  module: 'Movimientos/Incidente',
  movimientoId: 243,
  empresaId: 2,
  localidadId: 1,
  level: 'info',
  message: 'No se encontr� ronda para el movimiento',
  timestamp: '2025-06-27 23:36:36'
}
{
  service: 'IncidenteModel',
  module: 'Movimientos/Incidente',
  movimientoId: 217,
  empresaId: 5,
  localidadId: 1,
  level: 'info',
  message: 'No se encontr� ronda para el movimiento',
  timestamp: '2025-06-27 23:36:36'
}
{
  service: 'IncidenteModel',
  module: 'Movimientos/Incidente',
  movimientoId: 243,
  empresaId: 2,
  localidadId: 1,
  level: 'info',
  message: 'No se encontr� ronda para el movimiento',
  timestamp: '2025-06-27 23:36:58'
}
{
  service: 'IncidenteModel',
  module: 'Movimientos/Incidente',
  movimientoId: 217,
  empresaId: 5,
  localidadId: 1,
  level: 'info',
  message: 'No se encontr� ronda para el movimiento',
  timestamp: '2025-06-27 23:36:58'
}
{
  service: 'IncidenteModel',
  module: 'Movimientos/Incidente',
  movimientoId: 243,
  empresaId: 2,
  localidadId: 1,
  level: 'info',
  message: 'No se encontr� ronda para el movimiento',
  timestamp: '2025-06-27 23:36:58'
}
{
  service: 'IncidenteModel',
  module: 'Movimientos/Incidente',
  movimientoId: 217,
  empresaId: 5,
  localidadId: 1,
  level: 'info',
  message: 'No se encontr� ronda para el movimiento',
  timestamp: '2025-06-27 23:36:58'
}
{
  service: 'IncidenteModel',
  module: 'Movimientos/Incidente',
  movimientoId: 243,
  empresaId: 2,
  localidadId: 1,
  level: 'info',
  message: 'No se encontr� ronda para el movimiento',
  timestamp: '2025-06-27 23:37:00'
}
{
  service: 'IncidenteModel',
  module: 'Movimientos/Incidente',
  movimientoId: 217,
  empresaId: 5,
  localidadId: 1,
  level: 'info',
  message: 'No se encontr� ronda para el movimiento',
  timestamp: '2025-06-27 23:37:00'
}
{
  service: 'IncidenteModel',
  module: 'Movimientos/Incidente',
  movimientoId: 243,
  empresaId: 2,
  localidadId: 1,
  level: 'info',
  message: 'No se encontr� ronda para el movimiento',
  timestamp: '2025-06-27 23:37:56'
}
{
  service: 'IncidenteModel',
  module: 'Movimientos/Incidente',
  movimientoId: 217,
  empresaId: 5,
  localidadId: 1,
  level: 'info',
  message: 'No se encontr� ronda para el movimiento',
  timestamp: '2025-06-27 23:37:56'
}
{
  service: 'IncidenteModel',
  module: 'Movimientos/Incidente',
  movimientoId: 243,
  empresaId: 2,
  localidadId: 1,
  level: 'info',
  message: 'No se encontr� ronda para el movimiento',
  timestamp: '2025-06-27 23:38:02'
}
{
  service: 'IncidenteModel',
  module: 'Movimientos/Incidente',
  movimientoId: 217,
  empresaId: 5,
  localidadId: 1,
  level: 'info',
  message: 'No se encontr� ronda para el movimiento',
  timestamp: '2025-06-27 23:38:02'
}
{
  service: 'IncidenteModel',
  module: 'Movimientos/Incidente',
  movimientoId: 243,
  empresaId: 2,
  localidadId: 1,
  level: 'info',
  message: 'No se encontr� ronda para el movimiento',
  timestamp: '2025-06-27 23:43:57'
}
{
  service: 'IncidenteModel',
  module: 'Movimientos/Incidente',
  movimientoId: 217,
  empresaId: 5,
  localidadId: 1,
  level: 'info',
  message: 'No se encontr� ronda para el movimiento',
  timestamp: '2025-06-27 23:43:57'
}
{
  service: 'IncidenteModel',
  module: 'Movimientos/Incidente',
  movimientoId: 243,
  empresaId: 2,
  localidadId: 1,
  level: 'info',
  message: 'No se encontr� ronda para el movimiento',
  timestamp: '2025-06-27 23:45:39'
}
{
  service: 'IncidenteModel',
  module: 'Movimientos/Incidente',
  movimientoId: 217,
  empresaId: 5,
  localidadId: 1,
  level: 'info',
  message: 'No se encontr� ronda para el movimiento',
  timestamp: '2025-06-27 23:45:39'
}
{
  service: 'IncidenteModel',
  module: 'Movimientos/Incidente',
  movimientoId: 243,
  empresaId: 2,
  localidadId: 1,
  level: 'info',
  message: 'No se encontr� ronda para el movimiento',
  timestamp: '2025-06-29 00:18:54'
}
{
  service: 'IncidenteModel',
  module: 'Movimientos/Incidente',
  movimientoId: 217,
  empresaId: 5,
  localidadId: 1,
  level: 'info',
  message: 'No se encontr� ronda para el movimiento',
  timestamp: '2025-06-29 00:18:54'
}
{
  service: 'IncidenteModel',
  module: 'Movimientos/Incidente',
  movimientoId: 243,
  empresaId: 2,
  localidadId: 1,
  level: 'info',
  message: 'No se encontr� ronda para el movimiento',
  timestamp: '2025-06-29 00:19:00'
}
{
  service: 'IncidenteModel',
  module: 'Movimientos/Incidente',
  movimientoId: 217,
  empresaId: 5,
  localidadId: 1,
  level: 'info',
  message: 'No se encontr� ronda para el movimiento',
  timestamp: '2025-06-29 00:19:00'
}
{
  service: 'IncidenteModel',
  module: 'Movimientos/Incidente',
  movimientoId: 243,
  empresaId: 2,
  localidadId: 1,
  level: 'info',
  message: 'No se encontr� ronda para el movimiento',
  timestamp: '2025-06-29 00:20:18'
}
{
  service: 'IncidenteModel',
  module: 'Movimientos/Incidente',
  movimientoId: 217,
  empresaId: 5,
  localidadId: 1,
  level: 'info',
  message: 'No se encontr� ronda para el movimiento',
  timestamp: '2025-06-29 00:20:18'
}
{
  service: 'IncidenteModel',
  module: 'Movimientos/Incidente',
  movimientoId: 243,
  empresaId: 2,
  localidadId: 1,
  level: 'info',
  message: 'No se encontr� ronda para el movimiento',
  timestamp: '2025-06-29 00:20:23'
}
{
  service: 'IncidenteModel',
  module: 'Movimientos/Incidente',
  movimientoId: 217,
  empresaId: 5,
  localidadId: 1,
  level: 'info',
  message: 'No se encontr� ronda para el movimiento',
  timestamp: '2025-06-29 00:20:23'
}
{
  service: 'IncidenteModel',
  module: 'Movimientos/Incidente',
  movimientoId: 243,
  empresaId: 2,
  localidadId: 1,
  level: 'info',
  message: 'No se encontr� ronda para el movimiento',
  timestamp: '2025-06-29 00:20:33'
}
{
  service: 'IncidenteModel',
  module: 'Movimientos/Incidente',
  movimientoId: 217,
  empresaId: 5,
  localidadId: 1,
  level: 'info',
  message: 'No se encontr� ronda para el movimiento',
  timestamp: '2025-06-29 00:20:33'
}
{
  service: 'IncidenteModel',
  module: 'Movimientos/Incidente',
  movimientoId: 243,
  empresaId: 2,
  localidadId: 1,
  level: 'info',
  message: 'No se encontr� ronda para el movimiento',
  timestamp: '2025-06-30 16:37:37'
}
{
  service: 'IncidenteModel',
  module: 'Movimientos/Incidente',
  movimientoId: 217,
  empresaId: 5,
  localidadId: 1,
  level: 'info',
  message: 'No se encontr� ronda para el movimiento',
  timestamp: '2025-06-30 16:37:37'
}
{
  service: 'IncidenteModel',
  module: 'Movimientos/Incidente',
  movimientoId: 243,
  empresaId: 2,
  localidadId: 1,
  level: 'info',
  message: 'No se encontr� ronda para el movimiento',
  timestamp: '2025-06-30 16:37:40'
}
{
  service: 'IncidenteModel',
  module: 'Movimientos/Incidente',
  movimientoId: 217,
  empresaId: 5,
  localidadId: 1,
  level: 'info',
  message: 'No se encontr� ronda para el movimiento',
  timestamp: '2025-06-30 16:37:40'
}
{
  service: 'IncidenteModel',
  module: 'Movimientos/Incidente',
  movimientoId: 243,
  empresaId: 2,
  localidadId: 1,
  level: 'info',
  message: 'No se encontr� ronda para el movimiento',
  timestamp: '2025-06-30 16:37:40'
}
{
  service: 'IncidenteModel',
  module: 'Movimientos/Incidente',
  movimientoId: 217,
  empresaId: 5,
  localidadId: 1,
  level: 'info',
  message: 'No se encontr� ronda para el movimiento',
  timestamp: '2025-06-30 16:37:40'
}
{
  service: 'IncidenteModel',
  module: 'Movimientos/Incidente',
  movimientoId: 243,
  empresaId: 2,
  localidadId: 1,
  level: 'info',
  message: 'No se encontr� ronda para el movimiento',
  timestamp: '2025-06-30 16:37:40'
}
{
  service: 'IncidenteModel',
  module: 'Movimientos/Incidente',
  movimientoId: 217,
  empresaId: 5,
  localidadId: 1,
  level: 'info',
  message: 'No se encontr� ronda para el movimiento',
  timestamp: '2025-06-30 16:37:40'
}
{
  service: 'IncidenteModel',
  module: 'Movimientos/Incidente',
  movimientoId: 243,
  empresaId: 2,
  localidadId: 1,
  level: 'info',
  message: 'No se encontr� ronda para el movimiento',
  timestamp: '2025-06-30 16:37:55'
}
{
  service: 'IncidenteModel',
  module: 'Movimientos/Incidente',
  movimientoId: 217,
  empresaId: 5,
  localidadId: 1,
  level: 'info',
  message: 'No se encontr� ronda para el movimiento',
  timestamp: '2025-06-30 16:37:55'
}
{
  service: 'IncidenteModel',
  module: 'Movimientos/Incidente',
  movimientoId: 243,
  empresaId: 2,
  localidadId: 1,
  level: 'info',
  message: 'No se encontr� ronda para el movimiento',
  timestamp: '2025-06-30 16:37:55'
}
{
  service: 'IncidenteModel',
  module: 'Movimientos/Incidente',
  movimientoId: 217,
  empresaId: 5,
  localidadId: 1,
  level: 'info',
  message: 'No se encontr� ronda para el movimiento',
  timestamp: '2025-06-30 16:37:55'
}
{
  service: 'IncidenteModel',
  module: 'Movimientos/Incidente',
  movimientoId: 243,
  empresaId: 2,
  localidadId: 1,
  level: 'info',
  message: 'No se encontr� ronda para el movimiento',
  timestamp: '2025-06-30 16:37:56'
}
{
  service: 'IncidenteModel',
  module: 'Movimientos/Incidente',
  movimientoId: 217,
  empresaId: 5,
  localidadId: 1,
  level: 'info',
  message: 'No se encontr� ronda para el movimiento',
  timestamp: '2025-06-30 16:37:56'
}
{
  service: 'IncidenteModel',
  module: 'Movimientos/Incidente',
  movimientoId: 243,
  empresaId: 2,
  localidadId: 1,
  level: 'info',
  message: 'No se encontr� ronda para el movimiento',
  timestamp: '2025-06-30 16:38:28'
}
{
  service: 'IncidenteModel',
  module: 'Movimientos/Incidente',
  movimientoId: 217,
  empresaId: 5,
  localidadId: 1,
  level: 'info',
  message: 'No se encontr� ronda para el movimiento',
  timestamp: '2025-06-30 16:38:28'
}
{
  service: 'IncidenteModel',
  module: 'Movimientos/Incidente',
  movimientoId: 243,
  empresaId: 2,
  localidadId: 1,
  level: 'info',
  message: 'No se encontr� ronda para el movimiento',
  timestamp: '2025-06-30 16:39:06'
}
{
  service: 'IncidenteModel',
  module: 'Movimientos/Incidente',
  movimientoId: 217,
  empresaId: 5,
  localidadId: 1,
  level: 'info',
  message: 'No se encontr� ronda para el movimiento',
  timestamp: '2025-06-30 16:39:06'
}
{
  service: 'IncidenteModel',
  module: 'Movimientos/Incidente',
  movimientoId: 243,
  empresaId: 2,
  localidadId: 1,
  level: 'info',
  message: 'No se encontr� ronda para el movimiento',
  timestamp: '2025-06-30 16:39:07'
}
{
  service: 'IncidenteModel',
  module: 'Movimientos/Incidente',
  movimientoId: 217,
  empresaId: 5,
  localidadId: 1,
  level: 'info',
  message: 'No se encontr� ronda para el movimiento',
  timestamp: '2025-06-30 16:39:07'
}
{
  service: 'IncidenteModel',
  module: 'Movimientos/Incidente',
  movimientoId: 243,
  empresaId: 2,
  localidadId: 1,
  level: 'info',
  message: 'No se encontr� ronda para el movimiento',
  timestamp: '2025-06-30 16:39:07'
}
{
  service: 'IncidenteModel',
  module: 'Movimientos/Incidente',
  movimientoId: 217,
  empresaId: 5,
  localidadId: 1,
  level: 'info',
  message: 'No se encontr� ronda para el movimiento',
  timestamp: '2025-06-30 16:39:07'
}
{
  service: 'IncidenteModel',
  module: 'Movimientos/Incidente',
  movimientoId: 243,
  empresaId: 2,
  localidadId: 1,
  level: 'info',
  message: 'No se encontr� ronda para el movimiento',
  timestamp: '2025-06-30 16:39:10'
}
{
  service: 'IncidenteModel',
  module: 'Movimientos/Incidente',
  movimientoId: 217,
  empresaId: 5,
  localidadId: 1,
  level: 'info',
  message: 'No se encontr� ronda para el movimiento',
  timestamp: '2025-06-30 16:39:10'
}
{
  service: 'IncidenteModel',
  module: 'Movimientos/Incidente',
  movimientoId: 243,
  empresaId: 2,
  localidadId: 1,
  level: 'info',
  message: 'No se encontr� ronda para el movimiento',
  timestamp: '2025-06-30 16:39:10'
}
{
  service: 'IncidenteModel',
  module: 'Movimientos/Incidente',
  movimientoId: 217,
  empresaId: 5,
  localidadId: 1,
  level: 'info',
  message: 'No se encontr� ronda para el movimiento',
  timestamp: '2025-06-30 16:39:10'
}
{
  service: 'IncidenteModel',
  module: 'Movimientos/Incidente',
  movimientoId: 243,
  empresaId: 2,
  localidadId: 1,
  level: 'info',
  message: 'No se encontr� ronda para el movimiento',
  timestamp: '2025-06-30 16:39:10'
}
{
  service: 'IncidenteModel',
  module: 'Movimientos/Incidente',
  movimientoId: 217,
  empresaId: 5,
  localidadId: 1,
  level: 'info',
  message: 'No se encontr� ronda para el movimiento',
  timestamp: '2025-06-30 16:39:10'
}
{
  service: 'IncidenteModel',
  module: 'Movimientos/Incidente',
  movimientoId: 243,
  empresaId: 2,
  localidadId: 1,
  level: 'info',
  message: 'No se encontr� ronda para el movimiento',
  timestamp: '2025-06-30 16:57:17'
}
{
  service: 'IncidenteModel',
  module: 'Movimientos/Incidente',
  movimientoId: 217,
  empresaId: 5,
  localidadId: 1,
  level: 'info',
  message: 'No se encontr� ronda para el movimiento',
  timestamp: '2025-06-30 16:57:17'
}
{
  service: 'IncidenteModel',
  module: 'Movimientos/Incidente',
  movimientoId: 243,
  empresaId: 2,
  localidadId: 1,
  level: 'info',
  message: 'No se encontr� ronda para el movimiento',
  timestamp: '2025-06-30 16:57:17'
}
{
  service: 'IncidenteModel',
  module: 'Movimientos/Incidente',
  movimientoId: 217,
  empresaId: 5,
  localidadId: 1,
  level: 'info',
  message: 'No se encontr� ronda para el movimiento',
  timestamp: '2025-06-30 16:57:17'
}
{
  service: 'IncidenteModel',
  module: 'Movimientos/Incidente',
  movimientoId: 243,
  empresaId: 2,
  localidadId: 1,
  level: 'info',
  message: 'No se encontr� ronda para el movimiento',
  timestamp: '2025-06-30 16:57:18'
}
{
  service: 'IncidenteModel',
  module: 'Movimientos/Incidente',
  movimientoId: 217,
  empresaId: 5,
  localidadId: 1,
  level: 'info',
  message: 'No se encontr� ronda para el movimiento',
  timestamp: '2025-06-30 16:57:18'
}
{
  service: 'IncidenteModel',
  module: 'Movimientos/Incidente',
  movimientoId: 243,
  empresaId: 2,
  localidadId: 1,
  level: 'info',
  message: 'No se encontr� ronda para el movimiento',
  timestamp: '2025-06-30 16:57:23'
}
{
  service: 'IncidenteModel',
  module: 'Movimientos/Incidente',
  movimientoId: 217,
  empresaId: 5,
  localidadId: 1,
  level: 'info',
  message: 'No se encontr� ronda para el movimiento',
  timestamp: '2025-06-30 16:57:23'
}
{
  service: 'IncidenteModel',
  module: 'Movimientos/Incidente',
  movimientoId: 243,
  empresaId: 2,
  localidadId: 1,
  level: 'info',
  message: 'No se encontr� ronda para el movimiento',
  timestamp: '2025-06-30 16:57:55'
}
{
  service: 'IncidenteModel',
  module: 'Movimientos/Incidente',
  movimientoId: 217,
  empresaId: 5,
  localidadId: 1,
  level: 'info',
  message: 'No se encontr� ronda para el movimiento',
  timestamp: '2025-06-30 16:57:55'
}
{
  service: 'IncidenteModel',
  module: 'Movimientos/Incidente',
  movimientoId: 243,
  empresaId: 2,
  localidadId: 1,
  level: 'info',
  message: 'No se encontr� ronda para el movimiento',
  timestamp: '2025-06-30 16:57:55'
}
{
  service: 'IncidenteModel',
  module: 'Movimientos/Incidente',
  movimientoId: 217,
  empresaId: 5,
  localidadId: 1,
  level: 'info',
  message: 'No se encontr� ronda para el movimiento',
  timestamp: '2025-06-30 16:57:55'
}
{
  service: 'IncidenteModel',
  module: 'Movimientos/Incidente',
  movimientoId: 243,
  empresaId: 2,
  localidadId: 1,
  level: 'info',
  message: 'No se encontr� ronda para el movimiento',
  timestamp: '2025-06-30 16:57:55'
}
{
  service: 'IncidenteModel',
  module: 'Movimientos/Incidente',
  movimientoId: 217,
  empresaId: 5,
  localidadId: 1,
  level: 'info',
  message: 'No se encontr� ronda para el movimiento',
  timestamp: '2025-06-30 16:57:55'
}
{
  service: 'IncidenteModel',
  module: 'Movimientos/Incidente',
  movimientoId: 243,
  empresaId: 2,
  localidadId: 1,
  level: 'info',
  message: 'No se encontr� ronda para el movimiento',
  timestamp: '2025-06-30 16:58:03'
}
{
  service: 'IncidenteModel',
  module: 'Movimientos/Incidente',
  movimientoId: 217,
  empresaId: 5,
  localidadId: 1,
  level: 'info',
  message: 'No se encontr� ronda para el movimiento',
  timestamp: '2025-06-30 16:58:03'
}
{
  service: 'IncidenteModel',
  module: 'Movimientos/Incidente',
  movimientoId: 243,
  empresaId: 2,
  localidadId: 1,
  level: 'info',
  message: 'No se encontr� ronda para el movimiento',
  timestamp: '2025-06-30 16:58:03'
}
{
  service: 'IncidenteModel',
  module: 'Movimientos/Incidente',
  movimientoId: 217,
  empresaId: 5,
  localidadId: 1,
  level: 'info',
  message: 'No se encontr� ronda para el movimiento',
  timestamp: '2025-06-30 16:58:03'
}
{
  service: 'IncidenteModel',
  module: 'Movimientos/Incidente',
  movimientoId: 243,
  empresaId: 2,
  localidadId: 1,
  level: 'info',
  message: 'No se encontr� ronda para el movimiento',
  timestamp: '2025-06-30 16:58:03'
}
{
  service: 'IncidenteModel',
  module: 'Movimientos/Incidente',
  movimientoId: 217,
  empresaId: 5,
  localidadId: 1,
  level: 'info',
  message: 'No se encontr� ronda para el movimiento',
  timestamp: '2025-06-30 16:58:03'
}
{
  service: 'IncidenteModel',
  module: 'Movimientos/Incidente',
  movimientoId: 243,
  empresaId: 2,
  localidadId: 1,
  level: 'info',
  message: 'No se encontr� ronda para el movimiento',
  timestamp: '2025-06-30 16:58:04'
}
{
  service: 'IncidenteModel',
  module: 'Movimientos/Incidente',
  movimientoId: 217,
  empresaId: 5,
  localidadId: 1,
  level: 'info',
  message: 'No se encontr� ronda para el movimiento',
  timestamp: '2025-06-30 16:58:04'
}
{
  service: 'IncidenteModel',
  module: 'Movimientos/Incidente',
  movimientoId: 243,
  empresaId: 2,
  localidadId: 1,
  level: 'info',
  message: 'No se encontr� ronda para el movimiento',
  timestamp: '2025-06-30 16:58:05'
}
{
  service: 'IncidenteModel',
  module: 'Movimientos/Incidente',
  movimientoId: 217,
  empresaId: 5,
  localidadId: 1,
  level: 'info',
  message: 'No se encontr� ronda para el movimiento',
  timestamp: '2025-06-30 16:58:05'
}
{
  service: 'IncidenteModel',
  module: 'Movimientos/Incidente',
  movimientoId: 243,
  empresaId: 2,
  localidadId: 1,
  level: 'info',
  message: 'No se encontr� ronda para el movimiento',
  timestamp: '2025-06-30 16:58:48'
}
{
  service: 'IncidenteModel',
  module: 'Movimientos/Incidente',
  movimientoId: 217,
  empresaId: 5,
  localidadId: 1,
  level: 'info',
  message: 'No se encontr� ronda para el movimiento',
  timestamp: '2025-06-30 16:58:48'
}
{
  service: 'IncidenteModel',
  module: 'Movimientos/Incidente',
  incidenteId: 161,
  cantidad: 1,
  carpeta: '/var/www/Cosaif/uploads/incidentes/2025/06/30',
  level: 'info',
  message: 'Imagenes procesadas y guardadas',
  timestamp: '2025-06-30 16:59:30'
}
{
  service: 'IncidenteModel',
  module: 'Movimientos/Incidente',
  movimientoId: 216,
  empresaId: 2,
  rondaOriginal: 1,
  localidadId: 1,
  prioridad: 'BAJA',
  unicaEmpresa: true,
  level: 'info',
  message: 'Iniciando reorganizaci�n por incidente',
  timestamp: '2025-06-30 16:59:30'
}
{
  service: 'IncidenteModel',
  module: 'Movimientos/Incidente',
  movimientoId: 216,
  rondaNumero: 1,
  posicionOriginal: 1,
  posicionFinal: 1,
  level: 'info',
  message: 'Movimiento movido al final de la ronda',
  timestamp: '2025-06-30 16:59:30'
}
{
  service: 'IncidenteModel',
  module: 'Movimientos/Incidente',
  incidenteId: 161,
  movimientoId: 216,
  empresaId: 2,
  localidadId: 1,
  imagenesGuardadas: 1,
  level: 'info',
  message: 'Incidente creado y procesado',
  timestamp: '2025-06-30 16:59:31'
}
{
  service: 'IncidenteModel',
  module: 'Movimientos/Incidente',
  movimientoId: 243,
  empresaId: 2,
  localidadId: 1,
  level: 'info',
  message: 'No se encontr� ronda para el movimiento',
  timestamp: '2025-06-30 16:59:55'
}
{
  service: 'IncidenteModel',
  module: 'Movimientos/Incidente',
  movimientoId: 216,
  empresaId: 2,
  rondaOriginal: 1,
  localidadId: 1,
  prioridad: 'BAJA',
  unicaEmpresa: true,
  level: 'info',
  message: 'Iniciando reorganizaci�n por incidente',
  timestamp: '2025-06-30 16:59:55'
}
{
  service: 'IncidenteModel',
  module: 'Movimientos/Incidente',
  movimientoId: 216,
  rondaNumero: 1,
  posicionOriginal: 1,
  posicionFinal: 1,
  level: 'info',
  message: 'Movimiento movido al final de la ronda',
  timestamp: '2025-06-30 16:59:55'
}
{
  service: 'IncidenteModel',
  module: 'Movimientos/Incidente',
  movimientoId: 217,
  empresaId: 5,
  localidadId: 1,
  level: 'info',
  message: 'No se encontr� ronda para el movimiento',
  timestamp: '2025-06-30 16:59:56'
}
{
  service: 'IncidenteModel',
  module: 'Movimientos/Incidente',
  movimientoId: 243,
  empresaId: 2,
  localidadId: 1,
  level: 'info',
  message: 'No se encontr� ronda para el movimiento',
  timestamp: '2025-06-30 17:00:37'
}
{
  service: 'IncidenteModel',
  module: 'Movimientos/Incidente',
  movimientoId: 216,
  empresaId: 2,
  rondaOriginal: 1,
  localidadId: 1,
  prioridad: 'BAJA',
  unicaEmpresa: true,
  level: 'info',
  message: 'Iniciando reorganizaci�n por incidente',
  timestamp: '2025-06-30 17:00:37'
}
{
  service: 'IncidenteModel',
  module: 'Movimientos/Incidente',
  movimientoId: 216,
  rondaNumero: 1,
  posicionOriginal: 1,
  posicionFinal: 1,
  level: 'info',
  message: 'Movimiento movido al final de la ronda',
  timestamp: '2025-06-30 17:00:37'
}
{
  service: 'IncidenteModel',
  module: 'Movimientos/Incidente',
  movimientoId: 217,
  empresaId: 5,
  localidadId: 1,
  level: 'info',
  message: 'No se encontr� ronda para el movimiento',
  timestamp: '2025-06-30 17:00:37'
}
{
  service: 'IncidenteModel',
  module: 'Movimientos/Incidente',
  incidenteId: 161,
  movimientoId: 216,
  level: 'info',
  message: 'Movimiento reactivado tras cierre de incidente',
  timestamp: '2025-06-30 17:00:56'
}
{
  service: 'IncidenteModel',
  module: 'Movimientos/Incidente',
  incidenteId: 161,
  cambios: [ 'estado', 'fechaFin' ],
  estadoAnterior: 'ABIERTO',
  estadoNuevo: 'CERRADO',
  level: 'info',
  message: 'Incidente actualizado correctamente',
  timestamp: '2025-06-30 17:00:57'
}
{
  service: 'IncidenteModel',
  module: 'Movimientos/Incidente',
  movimientoId: 216,
  empresaId: 2,
  rondaOriginal: 1,
  localidadId: 1,
  prioridad: 'BAJA',
  unicaEmpresa: true,
  level: 'info',
  message: 'Iniciando reorganizaci�n por incidente',
  timestamp: '2025-06-30 17:00:57'
}
{
  service: 'IncidenteModel',
  module: 'Movimientos/Incidente',
  movimientoId: 216,
  rondaNumero: 1,
  posicionOriginal: 1,
  posicionFinal: 1,
  level: 'info',
  message: 'Movimiento movido al final de la ronda',
  timestamp: '2025-06-30 17:00:57'
}
{
  service: 'IncidenteModel',
  module: 'Movimientos/Incidente',
  movimientoId: 243,
  empresaId: 2,
  localidadId: 1,
  level: 'info',
  message: 'No se encontr� ronda para el movimiento',
  timestamp: '2025-06-30 21:00:21'
}
{
  service: 'IncidenteModel',
  module: 'Movimientos/Incidente',
  movimientoId: 217,
  empresaId: 5,
  localidadId: 1,
  level: 'info',
  message: 'No se encontr� ronda para el movimiento',
  timestamp: '2025-06-30 21:00:21'
}
{
  service: 'IncidenteModel',
  module: 'Movimientos/Incidente',
  movimientoId: 243,
  empresaId: 2,
  localidadId: 1,
  level: 'info',
  message: 'No se encontr� ronda para el movimiento',
  timestamp: '2025-06-30 21:00:25'
}
{
  service: 'IncidenteModel',
  module: 'Movimientos/Incidente',
  movimientoId: 217,
  empresaId: 5,
  localidadId: 1,
  level: 'info',
  message: 'No se encontr� ronda para el movimiento',
  timestamp: '2025-06-30 21:00:25'
}
{
  service: 'IncidenteModel',
  module: 'Movimientos/Incidente',
  movimientoId: 243,
  empresaId: 2,
  localidadId: 1,
  level: 'info',
  message: 'No se encontr� ronda para el movimiento',
  timestamp: '2025-06-30 21:00:26'
}
{
  service: 'IncidenteModel',
  module: 'Movimientos/Incidente',
  movimientoId: 217,
  empresaId: 5,
  localidadId: 1,
  level: 'info',
  message: 'No se encontr� ronda para el movimiento',
  timestamp: '2025-06-30 21:00:26'
}
{
  service: 'IncidenteModel',
  module: 'Movimientos/Incidente',
  movimientoId: 243,
  empresaId: 2,
  localidadId: 1,
  level: 'info',
  message: 'No se encontr� ronda para el movimiento',
  timestamp: '2025-06-30 21:00:39'
}
{
  service: 'IncidenteModel',
  module: 'Movimientos/Incidente',
  movimientoId: 217,
  empresaId: 5,
  localidadId: 1,
  level: 'info',
  message: 'No se encontr� ronda para el movimiento',
  timestamp: '2025-06-30 21:00:39'
}
{
  service: 'IncidenteModel',
  module: 'Movimientos/Incidente',
  movimientoId: 243,
  empresaId: 2,
  localidadId: 1,
  level: 'info',
  message: 'No se encontr� ronda para el movimiento',
  timestamp: '2025-06-30 21:00:41'
}
{
  service: 'IncidenteModel',
  module: 'Movimientos/Incidente',
  movimientoId: 217,
  empresaId: 5,
  localidadId: 1,
  level: 'info',
  message: 'No se encontr� ronda para el movimiento',
  timestamp: '2025-06-30 21:00:41'
}
{
  service: 'IncidenteModel',
  module: 'Movimientos/Incidente',
  movimientoId: 243,
  empresaId: 2,
  localidadId: 1,
  level: 'info',
  message: 'No se encontr� ronda para el movimiento',
  timestamp: '2025-06-30 21:00:51'
}
{
  service: 'IncidenteModel',
  module: 'Movimientos/Incidente',
  movimientoId: 217,
  empresaId: 5,
  localidadId: 1,
  level: 'info',
  message: 'No se encontr� ronda para el movimiento',
  timestamp: '2025-06-30 21:00:51'
}
{
  service: 'IncidenteModel',
  module: 'Movimientos/Incidente',
  movimientoId: 243,
  empresaId: 2,
  localidadId: 1,
  level: 'info',
  message: 'No se encontr� ronda para el movimiento',
  timestamp: '2025-06-30 21:01:00'
}
{
  service: 'IncidenteModel',
  module: 'Movimientos/Incidente',
  movimientoId: 217,
  empresaId: 5,
  localidadId: 1,
  level: 'info',
  message: 'No se encontr� ronda para el movimiento',
  timestamp: '2025-06-30 21:01:00'
}
{
  service: 'IncidenteModel',
  module: 'Movimientos/Incidente',
  movimientoId: 243,
  empresaId: 2,
  localidadId: 1,
  level: 'info',
  message: 'No se encontr� ronda para el movimiento',
  timestamp: '2025-06-30 21:01:04'
}
{
  service: 'IncidenteModel',
  module: 'Movimientos/Incidente',
  movimientoId: 217,
  empresaId: 5,
  localidadId: 1,
  level: 'info',
  message: 'No se encontr� ronda para el movimiento',
  timestamp: '2025-06-30 21:01:04'
}
{
  service: 'IncidenteModel',
  module: 'Movimientos/Incidente',
  movimientoId: 243,
  empresaId: 2,
  localidadId: 1,
  level: 'info',
  message: 'No se encontr� ronda para el movimiento',
  timestamp: '2025-06-30 21:01:12'
}
{
  service: 'IncidenteModel',
  module: 'Movimientos/Incidente',
  movimientoId: 217,
  empresaId: 5,
  localidadId: 1,
  level: 'info',
  message: 'No se encontr� ronda para el movimiento',
  timestamp: '2025-06-30 21:01:12'
}
{
  service: 'IncidenteModel',
  module: 'Movimientos/Incidente',
  movimientoId: 243,
  empresaId: 2,
  localidadId: 1,
  level: 'info',
  message: 'No se encontr� ronda para el movimiento',
  timestamp: '2025-06-30 21:01:43'
}
{
  service: 'IncidenteModel',
  module: 'Movimientos/Incidente',
  movimientoId: 217,
  empresaId: 5,
  localidadId: 1,
  level: 'info',
  message: 'No se encontr� ronda para el movimiento',
  timestamp: '2025-06-30 21:01:43'
}
{
  service: 'IncidenteModel',
  module: 'Movimientos/Incidente',
  movimientoId: 243,
  empresaId: 2,
  localidadId: 1,
  level: 'info',
  message: 'No se encontr� ronda para el movimiento',
  timestamp: '2025-06-30 21:01:47'
}
{
  service: 'IncidenteModel',
  module: 'Movimientos/Incidente',
  movimientoId: 217,
  empresaId: 5,
  localidadId: 1,
  level: 'info',
  message: 'No se encontr� ronda para el movimiento',
  timestamp: '2025-06-30 21:01:47'
}
{
  service: 'IncidenteModel',
  module: 'Movimientos/Incidente',
  movimientoId: 243,
  empresaId: 2,
  localidadId: 1,
  level: 'info',
  message: 'No se encontr� ronda para el movimiento',
  timestamp: '2025-06-30 22:15:38'
}
{
  service: 'IncidenteModel',
  module: 'Movimientos/Incidente',
  movimientoId: 217,
  empresaId: 5,
  localidadId: 1,
  level: 'info',
  message: 'No se encontr� ronda para el movimiento',
  timestamp: '2025-06-30 22:15:38'
}
{
  service: 'IncidenteModel',
  module: 'Movimientos/Incidente',
  movimientoId: 243,
  empresaId: 2,
  localidadId: 1,
  level: 'info',
  message: 'No se encontr� ronda para el movimiento',
  timestamp: '2025-06-30 22:15:46'
}
{
  service: 'IncidenteModel',
  module: 'Movimientos/Incidente',
  movimientoId: 217,
  empresaId: 5,
  localidadId: 1,
  level: 'info',
  message: 'No se encontr� ronda para el movimiento',
  timestamp: '2025-06-30 22:15:46'
}
{
  service: 'IncidenteModel',
  module: 'Movimientos/Incidente',
  movimientoId: 243,
  empresaId: 2,
  localidadId: 1,
  level: 'info',
  message: 'No se encontr� ronda para el movimiento',
  timestamp: '2025-06-30 22:15:55'
}
{
  service: 'IncidenteModel',
  module: 'Movimientos/Incidente',
  movimientoId: 217,
  empresaId: 5,
  localidadId: 1,
  level: 'info',
  message: 'No se encontr� ronda para el movimiento',
  timestamp: '2025-06-30 22:15:55'
}
{
  service: 'IncidenteModel',
  module: 'Movimientos/Incidente',
  movimientoId: 243,
  empresaId: 2,
  localidadId: 1,
  level: 'info',
  message: 'No se encontr� ronda para el movimiento',
  timestamp: '2025-06-30 22:16:20'
}
{
  service: 'IncidenteModel',
  module: 'Movimientos/Incidente',
  movimientoId: 217,
  empresaId: 5,
  localidadId: 1,
  level: 'info',
  message: 'No se encontr� ronda para el movimiento',
  timestamp: '2025-06-30 22:16:20'
}
{
  service: 'IncidenteModel',
  module: 'Movimientos/Incidente',
  movimientoId: 243,
  empresaId: 2,
  localidadId: 1,
  level: 'info',
  message: 'No se encontr� ronda para el movimiento',
  timestamp: '2025-06-30 22:16:21'
}
{
  service: 'IncidenteModel',
  module: 'Movimientos/Incidente',
  movimientoId: 217,
  empresaId: 5,
  localidadId: 1,
  level: 'info',
  message: 'No se encontr� ronda para el movimiento',
  timestamp: '2025-06-30 22:16:21'
}
{
  service: 'IncidenteModel',
  module: 'Movimientos/Incidente',
  movimientoId: 243,
  empresaId: 2,
  localidadId: 1,
  level: 'info',
  message: 'No se encontr� ronda para el movimiento',
  timestamp: '2025-06-30 22:16:22'
}
{
  service: 'IncidenteModel',
  module: 'Movimientos/Incidente',
  movimientoId: 217,
  empresaId: 5,
  localidadId: 1,
  level: 'info',
  message: 'No se encontr� ronda para el movimiento',
  timestamp: '2025-06-30 22:16:22'
}
{
  service: 'IncidenteModel',
  module: 'Movimientos/Incidente',
  movimientoId: 243,
  empresaId: 2,
  localidadId: 1,
  level: 'info',
  message: 'No se encontr� ronda para el movimiento',
  timestamp: '2025-06-30 22:16:22'
}
{
  service: 'IncidenteModel',
  module: 'Movimientos/Incidente',
  movimientoId: 217,
  empresaId: 5,
  localidadId: 1,
  level: 'info',
  message: 'No se encontr� ronda para el movimiento',
  timestamp: '2025-06-30 22:16:22'
}
{
  service: 'IncidenteModel',
  module: 'Movimientos/Incidente',
  movimientoId: 243,
  empresaId: 2,
  localidadId: 1,
  level: 'info',
  message: 'No se encontr� ronda para el movimiento',
  timestamp: '2025-06-30 22:16:22'
}
{
  service: 'IncidenteModel',
  module: 'Movimientos/Incidente',
  movimientoId: 217,
  empresaId: 5,
  localidadId: 1,
  level: 'info',
  message: 'No se encontr� ronda para el movimiento',
  timestamp: '2025-06-30 22:16:22'
}
{
  service: 'IncidenteModel',
  module: 'Movimientos/Incidente',
  movimientoId: 243,
  empresaId: 2,
  localidadId: 1,
  level: 'info',
  message: 'No se encontr� ronda para el movimiento',
  timestamp: '2025-06-30 22:16:35'
}
{
  service: 'IncidenteModel',
  module: 'Movimientos/Incidente',
  movimientoId: 217,
  empresaId: 5,
  localidadId: 1,
  level: 'info',
  message: 'No se encontr� ronda para el movimiento',
  timestamp: '2025-06-30 22:16:35'
}
{
  service: 'IncidenteModel',
  module: 'Movimientos/Incidente',
  movimientoId: 243,
  empresaId: 2,
  localidadId: 1,
  level: 'info',
  message: 'No se encontr� ronda para el movimiento',
  timestamp: '2025-06-30 22:16:35'
}
{
  service: 'IncidenteModel',
  module: 'Movimientos/Incidente',
  movimientoId: 217,
  empresaId: 5,
  localidadId: 1,
  level: 'info',
  message: 'No se encontr� ronda para el movimiento',
  timestamp: '2025-06-30 22:16:36'
}
{
  service: 'IncidenteModel',
  module: 'Movimientos/Incidente',
  movimientoId: 243,
  empresaId: 2,
  localidadId: 1,
  level: 'info',
  message: 'No se encontr� ronda para el movimiento',
  timestamp: '2025-06-30 22:16:36'
}
{
  service: 'IncidenteModel',
  module: 'Movimientos/Incidente',
  movimientoId: 217,
  empresaId: 5,
  localidadId: 1,
  level: 'info',
  message: 'No se encontr� ronda para el movimiento',
  timestamp: '2025-06-30 22:16:36'
}
{
  service: 'IncidenteModel',
  module: 'Movimientos/Incidente',
  incidenteId: 162,
  cantidad: 1,
  carpeta: '/var/www/Cosaif/uploads/incidentes/2025/06/30',
  level: 'info',
  message: 'Imagenes procesadas y guardadas',
  timestamp: '2025-06-30 22:17:50'
}
{
  service: 'IncidenteModel',
  module: 'Movimientos/Incidente',
  movimientoId: 216,
  empresaId: 2,
  rondaOriginal: 1,
  localidadId: 1,
  prioridad: 'BAJA',
  unicaEmpresa: true,
  level: 'info',
  message: 'Iniciando reorganizaci�n por incidente',
  timestamp: '2025-06-30 22:17:50'
}
{
  service: 'IncidenteModel',
  module: 'Movimientos/Incidente',
  movimientoId: 216,
  rondaNumero: 1,
  posicionOriginal: 1,
  posicionFinal: 1,
  level: 'info',
  message: 'Movimiento movido al final de la ronda',
  timestamp: '2025-06-30 22:17:50'
}
{
  service: 'IncidenteModel',
  module: 'Movimientos/Incidente',
  incidenteId: 162,
  movimientoId: 216,
  empresaId: 2,
  localidadId: 1,
  imagenesGuardadas: 1,
  level: 'info',
  message: 'Incidente creado y procesado',
  timestamp: '2025-06-30 22:17:51'
}
{
  service: 'IncidenteModel',
  module: 'Movimientos/Incidente',
  movimientoId: 243,
  empresaId: 2,
  localidadId: 1,
  level: 'info',
  message: 'No se encontr� ronda para el movimiento',
  timestamp: '2025-06-30 22:18:26'
}
{
  service: 'IncidenteModel',
  module: 'Movimientos/Incidente',
  movimientoId: 216,
  empresaId: 2,
  rondaOriginal: 1,
  localidadId: 1,
  prioridad: 'BAJA',
  unicaEmpresa: true,
  level: 'info',
  message: 'Iniciando reorganizaci�n por incidente',
  timestamp: '2025-06-30 22:18:26'
}
{
  service: 'IncidenteModel',
  module: 'Movimientos/Incidente',
  movimientoId: 216,
  rondaNumero: 1,
  posicionOriginal: 1,
  posicionFinal: 1,
  level: 'info',
  message: 'Movimiento movido al final de la ronda',
  timestamp: '2025-06-30 22:18:26'
}
{
  service: 'IncidenteModel',
  module: 'Movimientos/Incidente',
  movimientoId: 217,
  empresaId: 5,
  localidadId: 1,
  level: 'info',
  message: 'No se encontr� ronda para el movimiento',
  timestamp: '2025-06-30 22:18:26'
}
{
  service: 'IncidenteModel',
  module: 'Movimientos/Incidente',
  movimientoId: 243,
  empresaId: 2,
  localidadId: 1,
  level: 'info',
  message: 'No se encontr� ronda para el movimiento',
  timestamp: '2025-06-30 22:18:40'
}
{
  service: 'IncidenteModel',
  module: 'Movimientos/Incidente',
  movimientoId: 216,
  empresaId: 2,
  rondaOriginal: 1,
  localidadId: 1,
  prioridad: 'BAJA',
  unicaEmpresa: true,
  level: 'info',
  message: 'Iniciando reorganizaci�n por incidente',
  timestamp: '2025-06-30 22:18:40'
}
{
  service: 'IncidenteModel',
  module: 'Movimientos/Incidente',
  movimientoId: 216,
  rondaNumero: 1,
  posicionOriginal: 1,
  posicionFinal: 1,
  level: 'info',
  message: 'Movimiento movido al final de la ronda',
  timestamp: '2025-06-30 22:18:40'
}
{
  service: 'IncidenteModel',
  module: 'Movimientos/Incidente',
  movimientoId: 217,
  empresaId: 5,
  localidadId: 1,
  level: 'info',
  message: 'No se encontr� ronda para el movimiento',
  timestamp: '2025-06-30 22:18:40'
}
{
  service: 'IncidenteModel',
  module: 'Movimientos/Incidente',
  incidenteId: 162,
  movimientoId: 216,
  level: 'info',
  message: 'Movimiento reactivado tras cierre de incidente',
  timestamp: '2025-06-30 22:19:09'
}
{
  service: 'IncidenteModel',
  module: 'Movimientos/Incidente',
  incidenteId: 162,
  cambios: [ 'estado', 'fechaFin' ],
  estadoAnterior: 'ABIERTO',
  estadoNuevo: 'CERRADO',
  level: 'info',
  message: 'Incidente actualizado correctamente',
  timestamp: '2025-06-30 22:19:10'
}
{
  service: 'IncidenteModel',
  module: 'Movimientos/Incidente',
  movimientoId: 216,
  empresaId: 2,
  rondaOriginal: 1,
  localidadId: 1,
  prioridad: 'BAJA',
  unicaEmpresa: true,
  level: 'info',
  message: 'Iniciando reorganizaci�n por incidente',
  timestamp: '2025-06-30 22:19:10'
}
{
  service: 'IncidenteModel',
  module: 'Movimientos/Incidente',
  movimientoId: 216,
  rondaNumero: 1,
  posicionOriginal: 1,
  posicionFinal: 1,
  level: 'info',
  message: 'Movimiento movido al final de la ronda',
  timestamp: '2025-06-30 22:19:10'
}
{
  service: 'IncidenteModel',
  module: 'Movimientos/Incidente',
  movimientoId: 243,
  empresaId: 2,
  localidadId: 1,
  level: 'info',
  message: 'No se encontr� ronda para el movimiento',
  timestamp: '2025-06-30 22:20:37'
}
{
  service: 'IncidenteModel',
  module: 'Movimientos/Incidente',
  movimientoId: 217,
  empresaId: 5,
  localidadId: 1,
  level: 'info',
  message: 'No se encontr� ronda para el movimiento',
  timestamp: '2025-06-30 22:20:37'
}
{
  service: 'IncidenteModel',
  module: 'Movimientos/Incidente',
  movimientoId: 243,
  empresaId: 2,
  localidadId: 1,
  level: 'info',
  message: 'No se encontr� ronda para el movimiento',
  timestamp: '2025-06-30 22:20:44'
}
{
  service: 'IncidenteModel',
  module: 'Movimientos/Incidente',
  movimientoId: 217,
  empresaId: 5,
  localidadId: 1,
  level: 'info',
  message: 'No se encontr� ronda para el movimiento',
  timestamp: '2025-06-30 22:20:44'
}
{
  service: 'IncidenteModel',
  module: 'Movimientos/Incidente',
  movimientoId: 243,
  empresaId: 2,
  localidadId: 1,
  level: 'info',
  message: 'No se encontr� ronda para el movimiento',
  timestamp: '2025-06-30 22:20:48'
}
{
  service: 'IncidenteModel',
  module: 'Movimientos/Incidente',
  movimientoId: 217,
  empresaId: 5,
  localidadId: 1,
  level: 'info',
  message: 'No se encontr� ronda para el movimiento',
  timestamp: '2025-06-30 22:20:48'
}
{
  service: 'IncidenteModel',
  module: 'Movimientos/Incidente',
  movimientoId: 243,
  empresaId: 2,
  localidadId: 1,
  level: 'info',
  message: 'No se encontr� ronda para el movimiento',
  timestamp: '2025-06-30 22:20:54'
}
{
  service: 'IncidenteModel',
  module: 'Movimientos/Incidente',
  movimientoId: 217,
  empresaId: 5,
  localidadId: 1,
  level: 'info',
  message: 'No se encontr� ronda para el movimiento',
  timestamp: '2025-06-30 22:20:54'
}
{
  service: 'IncidenteModel',
  module: 'Movimientos/Incidente',
  movimientoId: 243,
  empresaId: 2,
  localidadId: 1,
  level: 'info',
  message: 'No se encontr� ronda para el movimiento',
  timestamp: '2025-06-30 22:21:03'
}
{
  service: 'IncidenteModel',
  module: 'Movimientos/Incidente',
  movimientoId: 217,
  empresaId: 5,
  localidadId: 1,
  level: 'info',
  message: 'No se encontr� ronda para el movimiento',
  timestamp: '2025-06-30 22:21:03'
}
{
  service: 'IncidenteModel',
  module: 'Movimientos/Incidente',
  movimientoId: 243,
  empresaId: 2,
  localidadId: 1,
  level: 'info',
  message: 'No se encontr� ronda para el movimiento',
  timestamp: '2025-07-01 21:41:04'
}
{
  service: 'IncidenteModel',
  module: 'Movimientos/Incidente',
  movimientoId: 217,
  empresaId: 5,
  localidadId: 1,
  level: 'info',
  message: 'No se encontr� ronda para el movimiento',
  timestamp: '2025-07-01 21:41:04'
}
{
  service: 'IncidenteModel',
  module: 'Movimientos/Incidente',
  movimientoId: 243,
  empresaId: 2,
  localidadId: 1,
  level: 'info',
  message: 'No se encontr� ronda para el movimiento',
  timestamp: '2025-07-01 21:41:09'
}
{
  service: 'IncidenteModel',
  module: 'Movimientos/Incidente',
  movimientoId: 217,
  empresaId: 5,
  localidadId: 1,
  level: 'info',
  message: 'No se encontr� ronda para el movimiento',
  timestamp: '2025-07-01 21:41:09'
}
{
  service: 'IncidenteModel',
  module: 'Movimientos/Incidente',
  movimientoId: 243,
  empresaId: 2,
  localidadId: 1,
  level: 'info',
  message: 'No se encontr� ronda para el movimiento',
  timestamp: '2025-07-01 21:42:07'
}
{
  service: 'IncidenteModel',
  module: 'Movimientos/Incidente',
  movimientoId: 217,
  empresaId: 5,
  localidadId: 1,
  level: 'info',
  message: 'No se encontr� ronda para el movimiento',
  timestamp: '2025-07-01 21:42:07'
}
{
  service: 'IncidenteModel',
  module: 'Movimientos/Incidente',
  movimientoId: 243,
  empresaId: 2,
  localidadId: 1,
  level: 'info',
  message: 'No se encontr� ronda para el movimiento',
  timestamp: '2025-07-01 21:42:11'
}
{
  service: 'IncidenteModel',
  module: 'Movimientos/Incidente',
  movimientoId: 217,
  empresaId: 5,
  localidadId: 1,
  level: 'info',
  message: 'No se encontr� ronda para el movimiento',
  timestamp: '2025-07-01 21:42:11'
}
{
  service: 'IncidenteModel',
  module: 'Movimientos/Incidente',
  movimientoId: 243,
  empresaId: 2,
  localidadId: 1,
  level: 'info',
  message: 'No se encontr� ronda para el movimiento',
  timestamp: '2025-07-02 15:01:46'
}
{
  service: 'IncidenteModel',
  module: 'Movimientos/Incidente',
  movimientoId: 217,
  empresaId: 5,
  localidadId: 1,
  level: 'info',
  message: 'No se encontr� ronda para el movimiento',
  timestamp: '2025-07-02 15:01:46'
}
{
  service: 'IncidenteModel',
  module: 'Movimientos/Incidente',
  movimientoId: 243,
  empresaId: 2,
  localidadId: 1,
  level: 'info',
  message: 'No se encontr� ronda para el movimiento',
  timestamp: '2025-07-02 15:02:14'
}
{
  service: 'IncidenteModel',
  module: 'Movimientos/Incidente',
  movimientoId: 217,
  empresaId: 5,
  localidadId: 1,
  level: 'info',
  message: 'No se encontr� ronda para el movimiento',
  timestamp: '2025-07-02 15:02:14'
}
{
  service: 'IncidenteModel',
  module: 'Movimientos/Incidente',
  movimientoId: 243,
  empresaId: 2,
  localidadId: 1,
  level: 'info',
  message: 'No se encontr� ronda para el movimiento',
  timestamp: '2025-07-02 15:06:46'
}
{
  service: 'IncidenteModel',
  module: 'Movimientos/Incidente',
  movimientoId: 217,
  empresaId: 5,
  localidadId: 1,
  level: 'info',
  message: 'No se encontr� ronda para el movimiento',
  timestamp: '2025-07-02 15:06:46'
}
{
  service: 'IncidenteModel',
  module: 'Movimientos/Incidente',
  movimientoId: 219,
  empresaId: 2,
  rondaOriginal: 1,
  localidadId: 1,
  prioridad: 'BAJA',
  unicaEmpresa: true,
  level: 'info',
  message: 'Iniciando reorganizaci�n por incidente',
  timestamp: '2025-07-02 15:37:57'
}
{
  service: 'IncidenteModel',
  module: 'Movimientos/Incidente',
  movimientoId: 219,
  rondaNumero: 1,
  posicionOriginal: 1,
  posicionFinal: 1,
  level: 'info',
  message: 'Movimiento movido al final de la ronda',
  timestamp: '2025-07-02 15:37:57'
}
{
  service: 'IncidenteModel',
  module: 'Movimientos/Incidente',
  incidenteId: 163,
  movimientoId: 219,
  empresaId: 2,
  localidadId: 1,
  imagenesGuardadas: 0,
  level: 'info',
  message: 'Incidente creado y procesado',
  timestamp: '2025-07-02 15:37:58'
}
{
  service: 'IncidenteModel',
  module: 'Movimientos/Incidente',
  movimientoId: 243,
  empresaId: 2,
  localidadId: 1,
  level: 'info',
  message: 'No se encontr� ronda para el movimiento',
  timestamp: '2025-07-02 18:26:31'
}
{
  service: 'IncidenteModel',
  module: 'Movimientos/Incidente',
  movimientoId: 217,
  empresaId: 5,
  localidadId: 1,
  level: 'info',
  message: 'No se encontr� ronda para el movimiento',
  timestamp: '2025-07-02 18:26:31'
}
{
  service: 'IncidenteModel',
  module: 'Movimientos/Incidente',
  movimientoId: 243,
  empresaId: 2,
  localidadId: 1,
  level: 'info',
  message: 'No se encontr� ronda para el movimiento',
  timestamp: '2025-07-02 18:27:21'
}
{
  service: 'IncidenteModel',
  module: 'Movimientos/Incidente',
  movimientoId: 217,
  empresaId: 5,
  localidadId: 1,
  level: 'info',
  message: 'No se encontr� ronda para el movimiento',
  timestamp: '2025-07-02 18:27:21'
}
{
  service: 'IncidenteModel',
  module: 'Movimientos/Incidente',
  movimientoId: 243,
  empresaId: 2,
  localidadId: 1,
  level: 'info',
  message: 'No se encontr� ronda para el movimiento',
  timestamp: '2025-07-02 19:13:33'
}
{
  service: 'IncidenteModel',
  module: 'Movimientos/Incidente',
  movimientoId: 217,
  empresaId: 5,
  localidadId: 1,
  level: 'info',
  message: 'No se encontr� ronda para el movimiento',
  timestamp: '2025-07-02 19:13:33'
}
{
  service: 'IncidenteModel',
  module: 'Movimientos/Incidente',
  incidenteId: 164,
  cantidad: 1,
  carpeta: '/var/www/Cosaif/uploads/incidentes/2025/07/02',
  level: 'info',
  message: 'Imagenes procesadas y guardadas',
  timestamp: '2025-07-02 19:16:14'
}
{
  service: 'IncidenteModel',
  module: 'Movimientos/Incidente',
  movimientoId: 220,
  empresaId: 2,
  rondaOriginal: 1,
  localidadId: 1,
  prioridad: 'BAJA',
  unicaEmpresa: true,
  level: 'info',
  message: 'Iniciando reorganizaci�n por incidente',
  timestamp: '2025-07-02 19:16:14'
}
{
  service: 'IncidenteModel',
  module: 'Movimientos/Incidente',
  movimientoId: 220,
  rondaNumero: 1,
  posicionOriginal: 1,
  posicionFinal: 1,
  level: 'info',
  message: 'Movimiento movido al final de la ronda',
  timestamp: '2025-07-02 19:16:14'
}
{
  service: 'IncidenteModel',
  module: 'Movimientos/Incidente',
  incidenteId: 164,
  movimientoId: 220,
  empresaId: 2,
  localidadId: 1,
  imagenesGuardadas: 1,
  level: 'info',
  message: 'Incidente creado y procesado',
  timestamp: '2025-07-02 19:16:15'
}
{
  service: 'IncidenteModel',
  module: 'Movimientos/Incidente',
  movimientoId: 243,
  empresaId: 2,
  localidadId: 1,
  level: 'info',
  message: 'No se encontr� ronda para el movimiento',
  timestamp: '2025-07-03 01:05:08'
}
{
  service: 'IncidenteModel',
  module: 'Movimientos/Incidente',
  movimientoId: 217,
  empresaId: 5,
  localidadId: 1,
  level: 'info',
  message: 'No se encontr� ronda para el movimiento',
  timestamp: '2025-07-03 01:05:08'
}
{
  service: 'IncidenteModel',
  module: 'Movimientos/Incidente',
  movimientoId: 243,
  empresaId: 2,
  localidadId: 1,
  level: 'info',
  message: 'No se encontr� ronda para el movimiento',
  timestamp: '2025-07-03 01:05:14'
}
{
  service: 'IncidenteModel',
  module: 'Movimientos/Incidente',
  movimientoId: 217,
  empresaId: 5,
  localidadId: 1,
  level: 'info',
  message: 'No se encontr� ronda para el movimiento',
  timestamp: '2025-07-03 01:05:14'
}
{
  service: 'IncidenteModel',
  module: 'Movimientos/Incidente',
  movimientoId: 243,
  empresaId: 2,
  localidadId: 1,
  level: 'info',
  message: 'No se encontr� ronda para el movimiento',
  timestamp: '2025-07-03 01:05:24'
}
{
  service: 'IncidenteModel',
  module: 'Movimientos/Incidente',
  movimientoId: 217,
  empresaId: 5,
  localidadId: 1,
  level: 'info',
  message: 'No se encontr� ronda para el movimiento',
  timestamp: '2025-07-03 01:05:24'
}
{
  service: 'IncidenteModel',
  module: 'Movimientos/Incidente',
  movimientoId: 243,
  empresaId: 2,
  localidadId: 1,
  level: 'info',
  message: 'No se encontr� ronda para el movimiento',
  timestamp: '2025-07-03 01:07:52'
}
{
  service: 'IncidenteModel',
  module: 'Movimientos/Incidente',
  movimientoId: 217,
  empresaId: 5,
  localidadId: 1,
  level: 'info',
  message: 'No se encontr� ronda para el movimiento',
  timestamp: '2025-07-03 01:07:52'
}
{
  service: 'IncidenteModel',
  module: 'Movimientos/Incidente',
  movimientoId: 243,
  empresaId: 2,
  localidadId: 1,
  level: 'info',
  message: 'No se encontr� ronda para el movimiento',
  timestamp: '2025-07-03 01:07:54'
}
{
  service: 'IncidenteModel',
  module: 'Movimientos/Incidente',
  movimientoId: 217,
  empresaId: 5,
  localidadId: 1,
  level: 'info',
  message: 'No se encontr� ronda para el movimiento',
  timestamp: '2025-07-03 01:07:54'
}
{
  service: 'IncidenteModel',
  module: 'Movimientos/Incidente',
  incidenteId: 165,
  cantidad: 1,
  carpeta: '/var/www/Cosaif/uploads/incidentes/2025/07/04',
  level: 'info',
  message: 'Imagenes procesadas y guardadas',
  timestamp: '2025-07-04 16:43:39'
}
{
  service: 'IncidenteModel',
  module: 'Movimientos/Incidente',
  movimientoId: 221,
  empresaId: 2,
  rondaOriginal: 1,
  localidadId: 1,
  prioridad: 'BAJA',
  unicaEmpresa: true,
  level: 'info',
  message: 'Iniciando reorganizaci�n por incidente',
  timestamp: '2025-07-04 16:43:39'
}
{
  service: 'IncidenteModel',
  module: 'Movimientos/Incidente',
  movimientoId: 221,
  rondaNumero: 1,
  posicionOriginal: 1,
  posicionFinal: 1,
  level: 'info',
  message: 'Movimiento movido al final de la ronda',
  timestamp: '2025-07-04 16:43:39'
}
{
  service: 'IncidenteModel',
  module: 'Movimientos/Incidente',
  incidenteId: 165,
  movimientoId: 221,
  empresaId: 2,
  localidadId: 1,
  imagenesGuardadas: 1,
  level: 'info',
  message: 'Incidente creado y procesado',
  timestamp: '2025-07-04 16:43:39'
}
{
  service: 'IncidenteModel',
  module: 'Movimientos/Incidente',
  incidenteId: 166,
  cantidad: 1,
  carpeta: '/var/www/Cosaif/uploads/incidentes/2025/07/04',
  level: 'info',
  message: 'Imagenes procesadas y guardadas',
  timestamp: '2025-07-04 17:21:10'
}
{
  service: 'IncidenteModel',
  module: 'Movimientos/Incidente',
  movimientoId: 221,
  empresaId: 2,
  rondaOriginal: 1,
  localidadId: 1,
  prioridad: 'BAJA',
  unicaEmpresa: true,
  level: 'info',
  message: 'Iniciando reorganizaci�n por incidente',
  timestamp: '2025-07-04 17:21:10'
}
{
  service: 'IncidenteModel',
  module: 'Movimientos/Incidente',
  movimientoId: 221,
  rondaNumero: 1,
  posicionOriginal: 1,
  posicionFinal: 1,
  level: 'info',
  message: 'Movimiento movido al final de la ronda',
  timestamp: '2025-07-04 17:21:10'
}
{
  service: 'IncidenteModel',
  module: 'Movimientos/Incidente',
  incidenteId: 166,
  movimientoId: 221,
  empresaId: 2,
  localidadId: 1,
  imagenesGuardadas: 1,
  level: 'info',
  message: 'Incidente creado y procesado',
  timestamp: '2025-07-04 17:21:10'
}
{
  service: 'IncidenteModel',
  module: 'Movimientos/Incidente',
  movimientoId: 243,
  empresaId: 2,
  localidadId: 1,
  level: 'info',
  message: 'No se encontr� ronda para el movimiento',
  timestamp: '2025-07-04 17:34:29'
}
{
  service: 'IncidenteModel',
  module: 'Movimientos/Incidente',
  movimientoId: 217,
  empresaId: 5,
  localidadId: 1,
  level: 'info',
  message: 'No se encontr� ronda para el movimiento',
  timestamp: '2025-07-04 17:34:29'
}
{
  service: 'IncidenteModel',
  module: 'Movimientos/Incidente',
  movimientoId: 243,
  empresaId: 2,
  localidadId: 1,
  level: 'info',
  message: 'No se encontr� ronda para el movimiento',
  timestamp: '2025-07-04 17:34:31'
}
{
  service: 'IncidenteModel',
  module: 'Movimientos/Incidente',
  movimientoId: 217,
  empresaId: 5,
  localidadId: 1,
  level: 'info',
  message: 'No se encontr� ronda para el movimiento',
  timestamp: '2025-07-04 17:34:31'
}
{
  service: 'IncidenteModel',
  module: 'Movimientos/Incidente',
  movimientoId: 243,
  empresaId: 2,
  localidadId: 1,
  level: 'info',
  message: 'No se encontr� ronda para el movimiento',
  timestamp: '2025-07-04 17:35:01'
}
{
  service: 'IncidenteModel',
  module: 'Movimientos/Incidente',
  movimientoId: 217,
  empresaId: 5,
  localidadId: 1,
  level: 'info',
  message: 'No se encontr� ronda para el movimiento',
  timestamp: '2025-07-04 17:35:01'
}
{
  service: 'IncidenteModel',
  module: 'Movimientos/Incidente',
  movimientoId: 243,
  empresaId: 2,
  localidadId: 1,
  level: 'info',
  message: 'No se encontr� ronda para el movimiento',
  timestamp: '2025-07-04 17:35:01'
}
{
  service: 'IncidenteModel',
  module: 'Movimientos/Incidente',
  movimientoId: 217,
  empresaId: 5,
  localidadId: 1,
  level: 'info',
  message: 'No se encontr� ronda para el movimiento',
  timestamp: '2025-07-04 17:35:01'
}
{
  service: 'IncidenteModel',
  module: 'Movimientos/Incidente',
  movimientoId: 243,
  empresaId: 2,
  localidadId: 1,
  level: 'info',
  message: 'No se encontr� ronda para el movimiento',
  timestamp: '2025-07-04 17:35:01'
}
{
  service: 'IncidenteModel',
  module: 'Movimientos/Incidente',
  movimientoId: 217,
  empresaId: 5,
  localidadId: 1,
  level: 'info',
  message: 'No se encontr� ronda para el movimiento',
  timestamp: '2025-07-04 17:35:01'
}
{
  service: 'IncidenteModel',
  module: 'Movimientos/Incidente',
  movimientoId: 243,
  empresaId: 2,
  localidadId: 1,
  level: 'info',
  message: 'No se encontr� ronda para el movimiento',
  timestamp: '2025-07-04 17:35:08'
}
{
  service: 'IncidenteModel',
  module: 'Movimientos/Incidente',
  movimientoId: 217,
  empresaId: 5,
  localidadId: 1,
  level: 'info',
  message: 'No se encontr� ronda para el movimiento',
  timestamp: '2025-07-04 17:35:08'
}
{
  service: 'IncidenteModel',
  module: 'Movimientos/Incidente',
  incidenteId: 200,
  cantidad: 1,
  carpeta: '/var/www/Cosaif/uploads/incidentes/2025/07/09',
  level: 'info',
  message: 'Imagenes procesadas y guardadas',
  timestamp: '2025-07-09 23:37:27'
}
{
  service: 'IncidenteModel',
  module: 'Movimientos/Incidente',
  incidenteId: 200,
  movimientoId: 252,
  empresaId: 3,
  localidadId: 1,
  imagenesGuardadas: 1,
  level: 'info',
  message: 'Incidente creado y procesado',
  timestamp: '2025-07-09 23:37:27'
}
{
  service: 'IncidenteModel',
  module: 'Movimientos/Incidente',
  incidenteId: 201,
  cantidad: 1,
  carpeta: '/var/www/Cosaif/uploads/incidentes/2025/07/09',
  level: 'info',
  message: 'Imagenes procesadas y guardadas',
  timestamp: '2025-07-09 23:37:49'
}
{
  service: 'IncidenteModel',
  module: 'Movimientos/Incidente',
  incidenteId: 201,
  movimientoId: 253,
  empresaId: 5,
  localidadId: 1,
  imagenesGuardadas: 1,
  level: 'info',
  message: 'Incidente creado y procesado',
  timestamp: '2025-07-09 23:37:49'
}
{
  service: 'IncidenteModel',
  module: 'Movimientos/Incidente',
  movimientoId: 243,
  empresaId: 2,
  localidadId: 1,
  level: 'info',
  message: 'No se encontr� ronda para el movimiento',
  timestamp: '2025-07-09 23:38:06'
}
{
  service: 'IncidenteModel',
  module: 'Movimientos/Incidente',
  movimientoId: 217,
  empresaId: 5,
  localidadId: 1,
  level: 'info',
  message: 'No se encontr� ronda para el movimiento',
  timestamp: '2025-07-09 23:38:06'
}
{
  service: 'IncidenteModel',
  module: 'Movimientos/Incidente',
  movimientoId: 252,
  empresaId: 3,
  rondaOriginal: 1,
  localidadId: 1,
  prioridad: 'ALTA',
  unicaEmpresa: false,
  level: 'info',
  message: 'Iniciando reorganizaci�n por incidente',
  timestamp: '2025-07-09 23:38:06'
}
{
  service: 'IncidenteModel',
  module: 'Movimientos/Incidente',
  movimientoId: 253,
  empresaId: 5,
  rondaOriginal: 1,
  localidadId: 1,
  prioridad: 'ALTA',
  unicaEmpresa: false,
  level: 'info',
  message: 'Iniciando reorganizaci�n por incidente',
  timestamp: '2025-07-09 23:38:06'
}
{
  service: 'IncidenteModel',
  module: 'Movimientos/Incidente',
  movimientoId: 243,
  empresaId: 2,
  localidadId: 1,
  level: 'info',
  message: 'No se encontr� ronda para el movimiento',
  timestamp: '2025-07-09 23:38:11'
}
{
  service: 'IncidenteModel',
  module: 'Movimientos/Incidente',
  movimientoId: 217,
  empresaId: 5,
  localidadId: 1,
  level: 'info',
  message: 'No se encontr� ronda para el movimiento',
  timestamp: '2025-07-09 23:38:11'
}
{
  service: 'IncidenteModel',
  module: 'Movimientos/Incidente',
  movimientoId: 252,
  empresaId: 3,
  rondaOriginal: 1,
  localidadId: 1,
  prioridad: 'ALTA',
  unicaEmpresa: false,
  level: 'info',
  message: 'Iniciando reorganizaci�n por incidente',
  timestamp: '2025-07-09 23:38:11'
}
{
  service: 'IncidenteModel',
  module: 'Movimientos/Incidente',
  movimientoId: 253,
  empresaId: 5,
  rondaOriginal: 1,
  localidadId: 1,
  prioridad: 'ALTA',
  unicaEmpresa: false,
  level: 'info',
  message: 'Iniciando reorganizaci�n por incidente',
  timestamp: '2025-07-09 23:38:11'
}
{
  service: 'IncidenteModel',
  module: 'Movimientos/Incidente',
  movimientoId: 243,
  empresaId: 2,
  localidadId: 1,
  level: 'info',
  message: 'No se encontr� ronda para el movimiento',
  timestamp: '2025-07-09 23:38:11'
}
{
  service: 'IncidenteModel',
  module: 'Movimientos/Incidente',
  movimientoId: 217,
  empresaId: 5,
  localidadId: 1,
  level: 'info',
  message: 'No se encontr� ronda para el movimiento',
  timestamp: '2025-07-09 23:38:11'
}
{
  service: 'IncidenteModel',
  module: 'Movimientos/Incidente',
  movimientoId: 252,
  empresaId: 3,
  rondaOriginal: 1,
  localidadId: 1,
  prioridad: 'ALTA',
  unicaEmpresa: false,
  level: 'info',
  message: 'Iniciando reorganizaci�n por incidente',
  timestamp: '2025-07-09 23:38:11'
}
{
  service: 'IncidenteModel',
  module: 'Movimientos/Incidente',
  movimientoId: 253,
  empresaId: 5,
  rondaOriginal: 1,
  localidadId: 1,
  prioridad: 'ALTA',
  unicaEmpresa: false,
  level: 'info',
  message: 'Iniciando reorganizaci�n por incidente',
  timestamp: '2025-07-09 23:38:11'
}
{
  service: 'IncidenteModel',
  module: 'Movimientos/Incidente',
  movimientoId: 243,
  empresaId: 2,
  localidadId: 1,
  level: 'info',
  message: 'No se encontr� ronda para el movimiento',
  timestamp: '2025-07-09 23:38:11'
}
{
  service: 'IncidenteModel',
  module: 'Movimientos/Incidente',
  movimientoId: 217,
  empresaId: 5,
  localidadId: 1,
  level: 'info',
  message: 'No se encontr� ronda para el movimiento',
  timestamp: '2025-07-09 23:38:11'
}
{
  service: 'IncidenteModel',
  module: 'Movimientos/Incidente',
  movimientoId: 252,
  empresaId: 3,
  rondaOriginal: 1,
  localidadId: 1,
  prioridad: 'ALTA',
  unicaEmpresa: false,
  level: 'info',
  message: 'Iniciando reorganizaci�n por incidente',
  timestamp: '2025-07-09 23:38:11'
}
{
  service: 'IncidenteModel',
  module: 'Movimientos/Incidente',
  movimientoId: 253,
  empresaId: 5,
  rondaOriginal: 1,
  localidadId: 1,
  prioridad: 'ALTA',
  unicaEmpresa: false,
  level: 'info',
  message: 'Iniciando reorganizaci�n por incidente',
  timestamp: '2025-07-09 23:38:11'
}
{
  service: 'IncidenteModel',
  module: 'Movimientos/Incidente',
  movimientoId: 243,
  empresaId: 2,
  localidadId: 1,
  level: 'info',
  message: 'No se encontr� ronda para el movimiento',
  timestamp: '2025-07-09 23:38:13'
}
{
  service: 'IncidenteModel',
  module: 'Movimientos/Incidente',
  movimientoId: 217,
  empresaId: 5,
  localidadId: 1,
  level: 'info',
  message: 'No se encontr� ronda para el movimiento',
  timestamp: '2025-07-09 23:38:13'
}
{
  service: 'IncidenteModel',
  module: 'Movimientos/Incidente',
  movimientoId: 252,
  empresaId: 3,
  rondaOriginal: 1,
  localidadId: 1,
  prioridad: 'ALTA',
  unicaEmpresa: false,
  level: 'info',
  message: 'Iniciando reorganizaci�n por incidente',
  timestamp: '2025-07-09 23:38:13'
}
{
  service: 'IncidenteModel',
  module: 'Movimientos/Incidente',
  movimientoId: 253,
  empresaId: 5,
  rondaOriginal: 1,
  localidadId: 1,
  prioridad: 'ALTA',
  unicaEmpresa: false,
  level: 'info',
  message: 'Iniciando reorganizaci�n por incidente',
  timestamp: '2025-07-09 23:38:14'
}
{
  service: 'IncidenteModel',
  module: 'Movimientos/Incidente',
  movimientoId: 243,
  empresaId: 2,
  localidadId: 1,
  level: 'info',
  message: 'No se encontr� ronda para el movimiento',
  timestamp: '2025-07-09 23:38:14'
}
{
  service: 'IncidenteModel',
  module: 'Movimientos/Incidente',
  movimientoId: 217,
  empresaId: 5,
  localidadId: 1,
  level: 'info',
  message: 'No se encontr� ronda para el movimiento',
  timestamp: '2025-07-09 23:38:14'
}
{
  service: 'IncidenteModel',
  module: 'Movimientos/Incidente',
  movimientoId: 252,
  empresaId: 3,
  rondaOriginal: 1,
  localidadId: 1,
  prioridad: 'ALTA',
  unicaEmpresa: false,
  level: 'info',
  message: 'Iniciando reorganizaci�n por incidente',
  timestamp: '2025-07-09 23:38:14'
}
{
  service: 'IncidenteModel',
  module: 'Movimientos/Incidente',
  movimientoId: 253,
  empresaId: 5,
  rondaOriginal: 1,
  localidadId: 1,
  prioridad: 'ALTA',
  unicaEmpresa: false,
  level: 'info',
  message: 'Iniciando reorganizaci�n por incidente',
  timestamp: '2025-07-09 23:38:14'
}
{
  service: 'IncidenteModel',
  module: 'Movimientos/Incidente',
  movimientoId: 243,
  empresaId: 2,
  localidadId: 1,
  level: 'info',
  message: 'No se encontr� ronda para el movimiento',
  timestamp: '2025-07-09 23:38:14'
}
{
  service: 'IncidenteModel',
  module: 'Movimientos/Incidente',
  movimientoId: 217,
  empresaId: 5,
  localidadId: 1,
  level: 'info',
  message: 'No se encontr� ronda para el movimiento',
  timestamp: '2025-07-09 23:38:14'
}
{
  service: 'IncidenteModel',
  module: 'Movimientos/Incidente',
  movimientoId: 252,
  empresaId: 3,
  rondaOriginal: 1,
  localidadId: 1,
  prioridad: 'ALTA',
  unicaEmpresa: false,
  level: 'info',
  message: 'Iniciando reorganizaci�n por incidente',
  timestamp: '2025-07-09 23:38:14'
}
{
  service: 'IncidenteModel',
  module: 'Movimientos/Incidente',
  movimientoId: 253,
  empresaId: 5,
  rondaOriginal: 1,
  localidadId: 1,
  prioridad: 'ALTA',
  unicaEmpresa: false,
  level: 'info',
  message: 'Iniciando reorganizaci�n por incidente',
  timestamp: '2025-07-09 23:38:14'
}
{
  service: 'IncidenteModel',
  module: 'Movimientos/Incidente',
  movimientoId: 243,
  empresaId: 2,
  localidadId: 1,
  level: 'info',
  message: 'No se encontr� ronda para el movimiento',
  timestamp: '2025-07-09 23:38:20'
}
{
  service: 'IncidenteModel',
  module: 'Movimientos/Incidente',
  movimientoId: 217,
  empresaId: 5,
  localidadId: 1,
  level: 'info',
  message: 'No se encontr� ronda para el movimiento',
  timestamp: '2025-07-09 23:38:20'
}
{
  service: 'IncidenteModel',
  module: 'Movimientos/Incidente',
  movimientoId: 252,
  empresaId: 3,
  rondaOriginal: 1,
  localidadId: 1,
  prioridad: 'ALTA',
  unicaEmpresa: false,
  level: 'info',
  message: 'Iniciando reorganizaci�n por incidente',
  timestamp: '2025-07-09 23:38:20'
}
{
  service: 'IncidenteModel',
  module: 'Movimientos/Incidente',
  movimientoId: 253,
  empresaId: 5,
  rondaOriginal: 1,
  localidadId: 1,
  prioridad: 'ALTA',
  unicaEmpresa: false,
  level: 'info',
  message: 'Iniciando reorganizaci�n por incidente',
  timestamp: '2025-07-09 23:38:20'
}
{
  service: 'IncidenteModel',
  module: 'Movimientos/Incidente',
  movimientoId: 243,
  empresaId: 2,
  localidadId: 1,
  level: 'info',
  message: 'No se encontr� ronda para el movimiento',
  timestamp: '2025-07-09 23:38:27'
}
{
  service: 'IncidenteModel',
  module: 'Movimientos/Incidente',
  movimientoId: 217,
  empresaId: 5,
  localidadId: 1,
  level: 'info',
  message: 'No se encontr� ronda para el movimiento',
  timestamp: '2025-07-09 23:38:27'
}
{
  service: 'IncidenteModel',
  module: 'Movimientos/Incidente',
  movimientoId: 252,
  empresaId: 3,
  rondaOriginal: 1,
  localidadId: 1,
  prioridad: 'ALTA',
  unicaEmpresa: false,
  level: 'info',
  message: 'Iniciando reorganizaci�n por incidente',
  timestamp: '2025-07-09 23:38:27'
}
{
  service: 'IncidenteModel',
  module: 'Movimientos/Incidente',
  movimientoId: 253,
  empresaId: 5,
  rondaOriginal: 1,
  localidadId: 1,
  prioridad: 'ALTA',
  unicaEmpresa: false,
  level: 'info',
  message: 'Iniciando reorganizaci�n por incidente',
  timestamp: '2025-07-09 23:38:27'
}
{
  service: 'IncidenteModel',
  module: 'Movimientos/Incidente',
  incidenteId: 201,
  movimientoId: 253,
  level: 'info',
  message: 'Movimiento reactivado tras cierre de incidente',
  timestamp: '2025-07-09 23:38:48'
}
{
  service: 'IncidenteModel',
  module: 'Movimientos/Incidente',
  incidenteId: 201,
  cambios: [ 'estado', 'fechaFin' ],
  estadoAnterior: 'ABIERTO',
  estadoNuevo: 'CERRADO',
  level: 'info',
  message: 'Incidente actualizado correctamente',
  timestamp: '2025-07-09 23:38:49'
}
{
  service: 'IncidenteModel',
  module: 'Movimientos/Incidente',
  movimientoId: 253,
  empresaId: 5,
  rondaOriginal: 1,
  localidadId: 1,
  prioridad: 'ALTA',
  unicaEmpresa: false,
  level: 'info',
  message: 'Iniciando reorganizaci�n por incidente',
  timestamp: '2025-07-09 23:38:49'
}
{
  service: 'IncidenteModel',
  module: 'Movimientos/Incidente',
  incidenteId: 200,
  movimientoId: 252,
  level: 'info',
  message: 'Movimiento reactivado tras cierre de incidente',
  timestamp: '2025-07-09 23:39:09'
}
{
  service: 'IncidenteModel',
  module: 'Movimientos/Incidente',
  incidenteId: 200,
  cambios: [ 'estado', 'fechaFin' ],
  estadoAnterior: 'ABIERTO',
  estadoNuevo: 'CERRADO',
  level: 'info',
  message: 'Incidente actualizado correctamente',
  timestamp: '2025-07-09 23:39:09'
}
{
  service: 'IncidenteModel',
  module: 'Movimientos/Incidente',
  movimientoId: 252,
  empresaId: 3,
  rondaOriginal: 1,
  localidadId: 1,
  prioridad: 'ALTA',
  unicaEmpresa: false,
  level: 'info',
  message: 'Iniciando reorganizaci�n por incidente',
  timestamp: '2025-07-09 23:39:09'
}
{
  service: 'IncidenteModel',
  module: 'Movimientos/Incidente',
  movimientoId: 243,
  empresaId: 2,
  localidadId: 1,
  level: 'info',
  message: 'No se encontr� ronda para el movimiento',
  timestamp: '2025-07-09 23:39:14'
}
{
  service: 'IncidenteModel',
  module: 'Movimientos/Incidente',
  movimientoId: 217,
  empresaId: 5,
  localidadId: 1,
  level: 'info',
  message: 'No se encontr� ronda para el movimiento',
  timestamp: '2025-07-09 23:39:14'
}
{
  service: 'IncidenteModel',
  module: 'Movimientos/Incidente',
  movimientoId: 243,
  empresaId: 2,
  localidadId: 1,
  level: 'info',
  message: 'No se encontr� ronda para el movimiento',
  timestamp: '2025-07-09 23:39:14'
}
{
  service: 'IncidenteModel',
  module: 'Movimientos/Incidente',
  movimientoId: 217,
  empresaId: 5,
  localidadId: 1,
  level: 'info',
  message: 'No se encontr� ronda para el movimiento',
  timestamp: '2025-07-09 23:39:14'
}
{
  service: 'IncidenteModel',
  module: 'Movimientos/Incidente',
  movimientoId: 243,
  empresaId: 2,
  localidadId: 1,
  level: 'info',
  message: 'No se encontr� ronda para el movimiento',
  timestamp: '2025-07-09 23:39:14'
}
{
  service: 'IncidenteModel',
  module: 'Movimientos/Incidente',
  movimientoId: 217,
  empresaId: 5,
  localidadId: 1,
  level: 'info',
  message: 'No se encontr� ronda para el movimiento',
  timestamp: '2025-07-09 23:39:14'
}
{
  service: 'IncidenteModel',
  module: 'Movimientos/Incidente',
  movimientoId: 243,
  empresaId: 2,
  localidadId: 1,
  level: 'info',
  message: 'No se encontr� ronda para el movimiento',
  timestamp: '2025-07-09 23:39:16'
}
{
  service: 'IncidenteModel',
  module: 'Movimientos/Incidente',
  movimientoId: 217,
  empresaId: 5,
  localidadId: 1,
  level: 'info',
  message: 'No se encontr� ronda para el movimiento',
  timestamp: '2025-07-09 23:39:16'
}
{
  service: 'IncidenteModel',
  module: 'Movimientos/Incidente',
  movimientoId: 243,
  empresaId: 2,
  localidadId: 1,
  level: 'info',
  message: 'No se encontr� ronda para el movimiento',
  timestamp: '2025-07-09 23:39:16'
}
{
  service: 'IncidenteModel',
  module: 'Movimientos/Incidente',
  movimientoId: 217,
  empresaId: 5,
  localidadId: 1,
  level: 'info',
  message: 'No se encontr� ronda para el movimiento',
  timestamp: '2025-07-09 23:39:16'
}
{
  service: 'IncidenteModel',
  module: 'Movimientos/Incidente',
  movimientoId: 243,
  empresaId: 2,
  localidadId: 1,
  level: 'info',
  message: 'No se encontr� ronda para el movimiento',
  timestamp: '2025-07-09 23:39:16'
}
{
  service: 'IncidenteModel',
  module: 'Movimientos/Incidente',
  movimientoId: 217,
  empresaId: 5,
  localidadId: 1,
  level: 'info',
  message: 'No se encontr� ronda para el movimiento',
  timestamp: '2025-07-09 23:39:16'
}
{
  service: 'IncidenteModel',
  module: 'Movimientos/Incidente',
  movimientoId: 243,
  empresaId: 2,
  localidadId: 1,
  level: 'info',
  message: 'No se encontr� ronda para el movimiento',
  timestamp: '2025-07-09 23:40:36'
}
{
  service: 'IncidenteModel',
  module: 'Movimientos/Incidente',
  movimientoId: 217,
  empresaId: 5,
  localidadId: 1,
  level: 'info',
  message: 'No se encontr� ronda para el movimiento',
  timestamp: '2025-07-09 23:40:36'
}
{
  service: 'IncidenteModel',
  module: 'Movimientos/Incidente',
  movimientoId: 243,
  empresaId: 2,
  localidadId: 1,
  level: 'info',
  message: 'No se encontr� ronda para el movimiento',
  timestamp: '2025-07-09 23:40:36'
}
{
  service: 'IncidenteModel',
  module: 'Movimientos/Incidente',
  movimientoId: 217,
  empresaId: 5,
  localidadId: 1,
  level: 'info',
  message: 'No se encontr� ronda para el movimiento',
  timestamp: '2025-07-09 23:40:36'
}
{
  service: 'IncidenteModel',
  module: 'Movimientos/Incidente',
  movimientoId: 243,
  empresaId: 2,
  localidadId: 1,
  level: 'info',
  message: 'No se encontr� ronda para el movimiento',
  timestamp: '2025-07-09 23:40:36'
}
{
  service: 'IncidenteModel',
  module: 'Movimientos/Incidente',
  movimientoId: 217,
  empresaId: 5,
  localidadId: 1,
  level: 'info',
  message: 'No se encontr� ronda para el movimiento',
  timestamp: '2025-07-09 23:40:36'
}
{
  service: 'IncidenteModel',
  module: 'Movimientos/Incidente',
  incidenteId: 202,
  movimientoId: 253,
  empresaId: 5,
  localidadId: 1,
  imagenesGuardadas: 0,
  level: 'info',
  message: 'Incidente creado y procesado',
  timestamp: '2025-07-09 23:52:22'
}
{
  service: 'IncidenteModel',
  module: 'Movimientos/Incidente',
  movimientoId: 243,
  empresaId: 2,
  localidadId: 1,
  level: 'info',
  message: 'No se encontr� ronda para el movimiento',
  timestamp: '2025-07-09 23:54:16'
}
{
  service: 'IncidenteModel',
  module: 'Movimientos/Incidente',
  movimientoId: 217,
  empresaId: 5,
  localidadId: 1,
  level: 'info',
  message: 'No se encontr� ronda para el movimiento',
  timestamp: '2025-07-09 23:54:16'
}
{
  service: 'IncidenteModel',
  module: 'Movimientos/Incidente',
  movimientoId: 253,
  empresaId: 5,
  rondaOriginal: 1,
  localidadId: 1,
  prioridad: 'ALTA',
  unicaEmpresa: false,
  level: 'info',
  message: 'Iniciando reorganizaci�n por incidente',
  timestamp: '2025-07-09 23:54:16'
}
{
  service: 'IncidenteModel',
  module: 'Movimientos/Incidente',
  movimientoId: 243,
  empresaId: 2,
  localidadId: 1,
  level: 'info',
  message: 'No se encontr� ronda para el movimiento',
  timestamp: '2025-07-09 23:54:18'
}
{
  service: 'IncidenteModel',
  module: 'Movimientos/Incidente',
  movimientoId: 217,
  empresaId: 5,
  localidadId: 1,
  level: 'info',
  message: 'No se encontr� ronda para el movimiento',
  timestamp: '2025-07-09 23:54:18'
}
{
  service: 'IncidenteModel',
  module: 'Movimientos/Incidente',
  movimientoId: 253,
  empresaId: 5,
  rondaOriginal: 1,
  localidadId: 1,
  prioridad: 'ALTA',
  unicaEmpresa: false,
  level: 'info',
  message: 'Iniciando reorganizaci�n por incidente',
  timestamp: '2025-07-09 23:54:18'
}
{
  service: 'IncidenteModel',
  module: 'Movimientos/Incidente',
  movimientoId: 243,
  empresaId: 2,
  localidadId: 1,
  level: 'info',
  message: 'No se encontr� ronda para el movimiento',
  timestamp: '2025-07-09 23:54:18'
}
{
  service: 'IncidenteModel',
  module: 'Movimientos/Incidente',
  movimientoId: 217,
  empresaId: 5,
  localidadId: 1,
  level: 'info',
  message: 'No se encontr� ronda para el movimiento',
  timestamp: '2025-07-09 23:54:18'
}
{
  service: 'IncidenteModel',
  module: 'Movimientos/Incidente',
  movimientoId: 253,
  empresaId: 5,
  rondaOriginal: 1,
  localidadId: 1,
  prioridad: 'ALTA',
  unicaEmpresa: false,
  level: 'info',
  message: 'Iniciando reorganizaci�n por incidente',
  timestamp: '2025-07-09 23:54:18'
}
{
  service: 'IncidenteModel',
  module: 'Movimientos/Incidente',
  movimientoId: 243,
  empresaId: 2,
  localidadId: 1,
  level: 'info',
  message: 'No se encontr� ronda para el movimiento',
  timestamp: '2025-07-09 23:54:18'
}
{
  service: 'IncidenteModel',
  module: 'Movimientos/Incidente',
  movimientoId: 217,
  empresaId: 5,
  localidadId: 1,
  level: 'info',
  message: 'No se encontr� ronda para el movimiento',
  timestamp: '2025-07-09 23:54:18'
}
{
  service: 'IncidenteModel',
  module: 'Movimientos/Incidente',
  movimientoId: 253,
  empresaId: 5,
  rondaOriginal: 1,
  localidadId: 1,
  prioridad: 'ALTA',
  unicaEmpresa: false,
  level: 'info',
  message: 'Iniciando reorganizaci�n por incidente',
  timestamp: '2025-07-09 23:54:18'
}
{
  service: 'IncidenteModel',
  module: 'Movimientos/Incidente',
  movimientoId: 243,
  empresaId: 2,
  localidadId: 1,
  level: 'info',
  message: 'No se encontr� ronda para el movimiento',
  timestamp: '2025-07-09 23:54:24'
}
{
  service: 'IncidenteModel',
  module: 'Movimientos/Incidente',
  movimientoId: 217,
  empresaId: 5,
  localidadId: 1,
  level: 'info',
  message: 'No se encontr� ronda para el movimiento',
  timestamp: '2025-07-09 23:54:24'
}
{
  service: 'IncidenteModel',
  module: 'Movimientos/Incidente',
  movimientoId: 253,
  empresaId: 5,
  rondaOriginal: 1,
  localidadId: 1,
  prioridad: 'ALTA',
  unicaEmpresa: false,
  level: 'info',
  message: 'Iniciando reorganizaci�n por incidente',
  timestamp: '2025-07-09 23:54:24'
}
{
  service: 'IncidenteModel',
  module: 'Movimientos/Incidente',
  incidenteId: 202,
  movimientoId: 253,
  level: 'info',
  message: 'Movimiento reactivado tras cierre de incidente',
  timestamp: '2025-07-09 23:54:32'
}
{
  service: 'IncidenteModel',
  module: 'Movimientos/Incidente',
  incidenteId: 202,
  cambios: [ 'estado', 'fechaFin' ],
  estadoAnterior: 'ABIERTO',
  estadoNuevo: 'CERRADO',
  level: 'info',
  message: 'Incidente actualizado correctamente',
  timestamp: '2025-07-09 23:54:33'
}
{
  service: 'IncidenteModel',
  module: 'Movimientos/Incidente',
  movimientoId: 253,
  empresaId: 5,
  rondaOriginal: 1,
  localidadId: 1,
  prioridad: 'ALTA',
  unicaEmpresa: false,
  level: 'info',
  message: 'Iniciando reorganizaci�n por incidente',
  timestamp: '2025-07-09 23:54:33'
}
{
  service: 'IncidenteModel',
  module: 'Movimientos/Incidente',
  movimientoId: 243,
  empresaId: 2,
  localidadId: 1,
  level: 'info',
  message: 'No se encontr� ronda para el movimiento',
  timestamp: '2025-07-09 23:54:44'
}
{
  service: 'IncidenteModel',
  module: 'Movimientos/Incidente',
  movimientoId: 217,
  empresaId: 5,
  localidadId: 1,
  level: 'info',
  message: 'No se encontr� ronda para el movimiento',
  timestamp: '2025-07-09 23:54:44'
}
{
  service: 'IncidenteModel',
  module: 'Movimientos/Incidente',
  movimientoId: 243,
  empresaId: 2,
  localidadId: 1,
  level: 'info',
  message: 'No se encontr� ronda para el movimiento',
  timestamp: '2025-07-09 23:54:47'
}
{
  service: 'IncidenteModel',
  module: 'Movimientos/Incidente',
  movimientoId: 217,
  empresaId: 5,
  localidadId: 1,
  level: 'info',
  message: 'No se encontr� ronda para el movimiento',
  timestamp: '2025-07-09 23:54:47'
}
{
  service: 'IncidenteModel',
  module: 'Movimientos/Incidente',
  incidenteId: 203,
  cantidad: 1,
  carpeta: '/var/www/Cosaif/uploads/incidentes/2025/07/09',
  level: 'info',
  message: 'Imagenes procesadas y guardadas',
  timestamp: '2025-07-09 23:55:16'
}
{
  service: 'IncidenteModel',
  module: 'Movimientos/Incidente',
  incidenteId: 203,
  movimientoId: 253,
  empresaId: 5,
  localidadId: 1,
  imagenesGuardadas: 1,
  level: 'info',
  message: 'Incidente creado y procesado',
  timestamp: '2025-07-09 23:55:17'
}
{
  service: 'IncidenteModel',
  module: 'Movimientos/Incidente',
  incidenteId: 203,
  movimientoId: 253,
  level: 'info',
  message: 'Movimiento reactivado tras cierre de incidente',
  timestamp: '2025-07-09 23:55:20'
}
{
  service: 'IncidenteModel',
  module: 'Movimientos/Incidente',
  incidenteId: 203,
  cambios: [ 'estado', 'fechaFin' ],
  estadoAnterior: 'ABIERTO',
  estadoNuevo: 'CERRADO',
  level: 'info',
  message: 'Incidente actualizado correctamente',
  timestamp: '2025-07-09 23:55:20'
}
{
  service: 'IncidenteModel',
  module: 'Movimientos/Incidente',
  movimientoId: 253,
  empresaId: 5,
  rondaOriginal: 1,
  localidadId: 1,
  prioridad: 'ALTA',
  unicaEmpresa: false,
  level: 'info',
  message: 'Iniciando reorganizaci�n por incidente',
  timestamp: '2025-07-09 23:55:20'
}
{
  service: 'IncidenteModel',
  module: 'Movimientos/Incidente',
  movimientoId: 243,
  empresaId: 2,
  localidadId: 1,
  level: 'info',
  message: 'No se encontr� ronda para el movimiento',
  timestamp: '2025-07-09 23:55:51'
}
{
  service: 'IncidenteModel',
  module: 'Movimientos/Incidente',
  movimientoId: 217,
  empresaId: 5,
  localidadId: 1,
  level: 'info',
  message: 'No se encontr� ronda para el movimiento',
  timestamp: '2025-07-09 23:55:51'
}
{
  service: 'IncidenteModel',
  module: 'Movimientos/Incidente',
  movimientoId: 243,
  empresaId: 2,
  localidadId: 1,
  level: 'info',
  message: 'No se encontr� ronda para el movimiento',
  timestamp: '2025-07-09 23:55:53'
}
{
  service: 'IncidenteModel',
  module: 'Movimientos/Incidente',
  movimientoId: 217,
  empresaId: 5,
  localidadId: 1,
  level: 'info',
  message: 'No se encontr� ronda para el movimiento',
  timestamp: '2025-07-09 23:55:53'
}
{
  service: 'IncidenteModel',
  module: 'Movimientos/Incidente',
  movimientoId: 243,
  empresaId: 2,
  localidadId: 1,
  level: 'info',
  message: 'No se encontr� ronda para el movimiento',
  timestamp: '2025-07-09 23:55:53'
}
{
  service: 'IncidenteModel',
  module: 'Movimientos/Incidente',
  movimientoId: 217,
  empresaId: 5,
  localidadId: 1,
  level: 'info',
  message: 'No se encontr� ronda para el movimiento',
  timestamp: '2025-07-09 23:55:53'
}
{
  service: 'IncidenteModel',
  module: 'Movimientos/Incidente',
  movimientoId: 243,
  empresaId: 2,
  localidadId: 1,
  level: 'info',
  message: 'No se encontr� ronda para el movimiento',
  timestamp: '2025-07-09 23:55:54'
}
{
  service: 'IncidenteModel',
  module: 'Movimientos/Incidente',
  movimientoId: 217,
  empresaId: 5,
  localidadId: 1,
  level: 'info',
  message: 'No se encontr� ronda para el movimiento',
  timestamp: '2025-07-09 23:55:54'
}
{
  service: 'IncidenteModel',
  module: 'Movimientos/Incidente',
  movimientoId: 224,
  empresaId: 2,
  rondaOriginal: 1,
  localidadId: 1,
  prioridad: 'BAJA',
  unicaEmpresa: true,
  level: 'info',
  message: 'Iniciando reorganizaci�n por incidente',
  timestamp: '2025-07-09 23:56:31'
}
{
  service: 'IncidenteModel',
  module: 'Movimientos/Incidente',
  movimientoId: 224,
  rondaNumero: 1,
  posicionOriginal: 1,
  posicionFinal: 1,
  level: 'info',
  message: 'Movimiento movido al final de la ronda',
  timestamp: '2025-07-09 23:56:31'
}
{
  service: 'IncidenteModel',
  module: 'Movimientos/Incidente',
  incidenteId: 204,
  movimientoId: 224,
  empresaId: 2,
  localidadId: 1,
  imagenesGuardadas: 0,
  level: 'info',
  message: 'Incidente creado y procesado',
  timestamp: '2025-07-09 23:56:31'
}
{
  service: 'IncidenteModel',
  module: 'Movimientos/Incidente',
  movimientoId: 243,
  empresaId: 2,
  localidadId: 1,
  level: 'info',
  message: 'No se encontr� ronda para el movimiento',
  timestamp: '2025-07-09 23:56:58'
}
{
  service: 'IncidenteModel',
  module: 'Movimientos/Incidente',
  movimientoId: 217,
  empresaId: 5,
  localidadId: 1,
  level: 'info',
  message: 'No se encontr� ronda para el movimiento',
  timestamp: '2025-07-09 23:56:58'
}
{
  service: 'IncidenteModel',
  module: 'Movimientos/Incidente',
  movimientoId: 224,
  empresaId: 2,
  rondaOriginal: 1,
  localidadId: 1,
  prioridad: 'BAJA',
  unicaEmpresa: true,
  level: 'info',
  message: 'Iniciando reorganizaci�n por incidente',
  timestamp: '2025-07-09 23:56:58'
}
{
  service: 'IncidenteModel',
  module: 'Movimientos/Incidente',
  movimientoId: 224,
  rondaNumero: 1,
  posicionOriginal: 1,
  posicionFinal: 1,
  level: 'info',
  message: 'Movimiento movido al final de la ronda',
  timestamp: '2025-07-09 23:56:58'
}
{
  service: 'IncidenteModel',
  module: 'Movimientos/Incidente',
  movimientoId: 243,
  empresaId: 2,
  localidadId: 1,
  level: 'info',
  message: 'No se encontr� ronda para el movimiento',
  timestamp: '2025-07-09 23:57:05'
}
{
  service: 'IncidenteModel',
  module: 'Movimientos/Incidente',
  movimientoId: 217,
  empresaId: 5,
  localidadId: 1,
  level: 'info',
  message: 'No se encontr� ronda para el movimiento',
  timestamp: '2025-07-09 23:57:05'
}
{
  service: 'IncidenteModel',
  module: 'Movimientos/Incidente',
  movimientoId: 224,
  empresaId: 2,
  rondaOriginal: 1,
  localidadId: 1,
  prioridad: 'BAJA',
  unicaEmpresa: true,
  level: 'info',
  message: 'Iniciando reorganizaci�n por incidente',
  timestamp: '2025-07-09 23:57:05'
}
{
  service: 'IncidenteModel',
  module: 'Movimientos/Incidente',
  movimientoId: 224,
  rondaNumero: 1,
  posicionOriginal: 1,
  posicionFinal: 1,
  level: 'info',
  message: 'Movimiento movido al final de la ronda',
  timestamp: '2025-07-09 23:57:05'
}
{
  service: 'IncidenteModel',
  module: 'Movimientos/Incidente',
  movimientoId: 243,
  empresaId: 2,
  localidadId: 1,
  level: 'info',
  message: 'No se encontr� ronda para el movimiento',
  timestamp: '2025-07-09 23:57:05'
}
{
  service: 'IncidenteModel',
  module: 'Movimientos/Incidente',
  movimientoId: 217,
  empresaId: 5,
  localidadId: 1,
  level: 'info',
  message: 'No se encontr� ronda para el movimiento',
  timestamp: '2025-07-09 23:57:05'
}
{
  service: 'IncidenteModel',
  module: 'Movimientos/Incidente',
  movimientoId: 224,
  empresaId: 2,
  rondaOriginal: 1,
  localidadId: 1,
  prioridad: 'BAJA',
  unicaEmpresa: true,
  level: 'info',
  message: 'Iniciando reorganizaci�n por incidente',
  timestamp: '2025-07-09 23:57:05'
}
{
  service: 'IncidenteModel',
  module: 'Movimientos/Incidente',
  movimientoId: 224,
  rondaNumero: 1,
  posicionOriginal: 1,
  posicionFinal: 1,
  level: 'info',
  message: 'Movimiento movido al final de la ronda',
  timestamp: '2025-07-09 23:57:05'
}
{
  service: 'IncidenteModel',
  module: 'Movimientos/Incidente',
  movimientoId: 243,
  empresaId: 2,
  localidadId: 1,
  level: 'info',
  message: 'No se encontr� ronda para el movimiento',
  timestamp: '2025-07-09 23:57:06'
}
{
  service: 'IncidenteModel',
  module: 'Movimientos/Incidente',
  movimientoId: 217,
  empresaId: 5,
  localidadId: 1,
  level: 'info',
  message: 'No se encontr� ronda para el movimiento',
  timestamp: '2025-07-09 23:57:06'
}
{
  service: 'IncidenteModel',
  module: 'Movimientos/Incidente',
  movimientoId: 224,
  empresaId: 2,
  rondaOriginal: 1,
  localidadId: 1,
  prioridad: 'BAJA',
  unicaEmpresa: true,
  level: 'info',
  message: 'Iniciando reorganizaci�n por incidente',
  timestamp: '2025-07-09 23:57:06'
}
{
  service: 'IncidenteModel',
  module: 'Movimientos/Incidente',
  movimientoId: 224,
  rondaNumero: 1,
  posicionOriginal: 1,
  posicionFinal: 1,
  level: 'info',
  message: 'Movimiento movido al final de la ronda',
  timestamp: '2025-07-09 23:57:06'
}
{
  service: 'IncidenteModel',
  module: 'Movimientos/Incidente',
  movimientoId: 243,
  empresaId: 2,
  localidadId: 1,
  level: 'info',
  message: 'No se encontr� ronda para el movimiento',
  timestamp: '2025-07-09 23:57:10'
}
{
  service: 'IncidenteModel',
  module: 'Movimientos/Incidente',
  movimientoId: 217,
  empresaId: 5,
  localidadId: 1,
  level: 'info',
  message: 'No se encontr� ronda para el movimiento',
  timestamp: '2025-07-09 23:57:10'
}
{
  service: 'IncidenteModel',
  module: 'Movimientos/Incidente',
  movimientoId: 224,
  empresaId: 2,
  rondaOriginal: 1,
  localidadId: 1,
  prioridad: 'BAJA',
  unicaEmpresa: true,
  level: 'info',
  message: 'Iniciando reorganizaci�n por incidente',
  timestamp: '2025-07-09 23:57:10'
}
{
  service: 'IncidenteModel',
  module: 'Movimientos/Incidente',
  movimientoId: 224,
  rondaNumero: 1,
  posicionOriginal: 1,
  posicionFinal: 1,
  level: 'info',
  message: 'Movimiento movido al final de la ronda',
  timestamp: '2025-07-09 23:57:11'
}
{
  service: 'IncidenteModel',
  module: 'Movimientos/Incidente',
  movimientoId: 243,
  empresaId: 2,
  localidadId: 1,
  level: 'info',
  message: 'No se encontr� ronda para el movimiento',
  timestamp: '2025-07-09 23:57:54'
}
{
  service: 'IncidenteModel',
  module: 'Movimientos/Incidente',
  movimientoId: 217,
  empresaId: 5,
  localidadId: 1,
  level: 'info',
  message: 'No se encontr� ronda para el movimiento',
  timestamp: '2025-07-09 23:57:54'
}
{
  service: 'IncidenteModel',
  module: 'Movimientos/Incidente',
  movimientoId: 224,
  empresaId: 2,
  rondaOriginal: 1,
  localidadId: 1,
  prioridad: 'BAJA',
  unicaEmpresa: true,
  level: 'info',
  message: 'Iniciando reorganizaci�n por incidente',
  timestamp: '2025-07-09 23:57:54'
}
{
  service: 'IncidenteModel',
  module: 'Movimientos/Incidente',
  movimientoId: 224,
  rondaNumero: 1,
  posicionOriginal: 1,
  posicionFinal: 1,
  level: 'info',
  message: 'Movimiento movido al final de la ronda',
  timestamp: '2025-07-09 23:57:54'
}
{
  service: 'IncidenteModel',
  module: 'Movimientos/Incidente',
  movimientoId: 243,
  empresaId: 2,
  localidadId: 1,
  level: 'info',
  message: 'No se encontr� ronda para el movimiento',
  timestamp: '2025-07-09 23:57:54'
}
{
  service: 'IncidenteModel',
  module: 'Movimientos/Incidente',
  movimientoId: 217,
  empresaId: 5,
  localidadId: 1,
  level: 'info',
  message: 'No se encontr� ronda para el movimiento',
  timestamp: '2025-07-09 23:57:54'
}
{
  service: 'IncidenteModel',
  module: 'Movimientos/Incidente',
  movimientoId: 224,
  empresaId: 2,
  rondaOriginal: 1,
  localidadId: 1,
  prioridad: 'BAJA',
  unicaEmpresa: true,
  level: 'info',
  message: 'Iniciando reorganizaci�n por incidente',
  timestamp: '2025-07-09 23:57:54'
}
{
  service: 'IncidenteModel',
  module: 'Movimientos/Incidente',
  movimientoId: 224,
  rondaNumero: 1,
  posicionOriginal: 1,
  posicionFinal: 1,
  level: 'info',
  message: 'Movimiento movido al final de la ronda',
  timestamp: '2025-07-09 23:57:54'
}
{
  service: 'IncidenteModel',
  module: 'Movimientos/Incidente',
  movimientoId: 243,
  empresaId: 2,
  localidadId: 1,
  level: 'info',
  message: 'No se encontr� ronda para el movimiento',
  timestamp: '2025-07-09 23:57:54'
}
{
  service: 'IncidenteModel',
  module: 'Movimientos/Incidente',
  movimientoId: 217,
  empresaId: 5,
  localidadId: 1,
  level: 'info',
  message: 'No se encontr� ronda para el movimiento',
  timestamp: '2025-07-09 23:57:54'
}
{
  service: 'IncidenteModel',
  module: 'Movimientos/Incidente',
  movimientoId: 224,
  empresaId: 2,
  rondaOriginal: 1,
  localidadId: 1,
  prioridad: 'BAJA',
  unicaEmpresa: true,
  level: 'info',
  message: 'Iniciando reorganizaci�n por incidente',
  timestamp: '2025-07-09 23:57:54'
}
{
  service: 'IncidenteModel',
  module: 'Movimientos/Incidente',
  movimientoId: 224,
  rondaNumero: 1,
  posicionOriginal: 1,
  posicionFinal: 1,
  level: 'info',
  message: 'Movimiento movido al final de la ronda',
  timestamp: '2025-07-09 23:57:54'
}
{
  service: 'IncidenteModel',
  module: 'Movimientos/Incidente',
  movimientoId: 243,
  empresaId: 2,
  localidadId: 1,
  level: 'info',
  message: 'No se encontr� ronda para el movimiento',
  timestamp: '2025-07-09 23:57:58'
}
{
  service: 'IncidenteModel',
  module: 'Movimientos/Incidente',
  movimientoId: 217,
  empresaId: 5,
  localidadId: 1,
  level: 'info',
  message: 'No se encontr� ronda para el movimiento',
  timestamp: '2025-07-09 23:57:58'
}
{
  service: 'IncidenteModel',
  module: 'Movimientos/Incidente',
  movimientoId: 224,
  empresaId: 2,
  rondaOriginal: 1,
  localidadId: 1,
  prioridad: 'BAJA',
  unicaEmpresa: true,
  level: 'info',
  message: 'Iniciando reorganizaci�n por incidente',
  timestamp: '2025-07-09 23:57:58'
}
{
  service: 'IncidenteModel',
  module: 'Movimientos/Incidente',
  movimientoId: 224,
  rondaNumero: 1,
  posicionOriginal: 1,
  posicionFinal: 1,
  level: 'info',
  message: 'Movimiento movido al final de la ronda',
  timestamp: '2025-07-09 23:57:58'
}
{
  service: 'IncidenteModel',
  module: 'Movimientos/Incidente',
  movimientoId: 243,
  empresaId: 2,
  localidadId: 1,
  level: 'info',
  message: 'No se encontr� ronda para el movimiento',
  timestamp: '2025-07-09 23:58:53'
}
{
  service: 'IncidenteModel',
  module: 'Movimientos/Incidente',
  movimientoId: 217,
  empresaId: 5,
  localidadId: 1,
  level: 'info',
  message: 'No se encontr� ronda para el movimiento',
  timestamp: '2025-07-09 23:58:53'
}
{
  service: 'IncidenteModel',
  module: 'Movimientos/Incidente',
  movimientoId: 224,
  empresaId: 2,
  rondaOriginal: 1,
  localidadId: 1,
  prioridad: 'BAJA',
  unicaEmpresa: true,
  level: 'info',
  message: 'Iniciando reorganizaci�n por incidente',
  timestamp: '2025-07-09 23:58:53'
}
{
  service: 'IncidenteModel',
  module: 'Movimientos/Incidente',
  movimientoId: 224,
  rondaNumero: 1,
  posicionOriginal: 1,
  posicionFinal: 1,
  level: 'info',
  message: 'Movimiento movido al final de la ronda',
  timestamp: '2025-07-09 23:58:53'
}
{
  service: 'IncidenteModel',
  module: 'Movimientos/Incidente',
  movimientoId: 243,
  empresaId: 2,
  localidadId: 1,
  level: 'info',
  message: 'No se encontr� ronda para el movimiento',
  timestamp: '2025-07-09 23:58:57'
}
{
  service: 'IncidenteModel',
  module: 'Movimientos/Incidente',
  movimientoId: 217,
  empresaId: 5,
  localidadId: 1,
  level: 'info',
  message: 'No se encontr� ronda para el movimiento',
  timestamp: '2025-07-09 23:58:57'
}
{
  service: 'IncidenteModel',
  module: 'Movimientos/Incidente',
  movimientoId: 224,
  empresaId: 2,
  rondaOriginal: 1,
  localidadId: 1,
  prioridad: 'BAJA',
  unicaEmpresa: true,
  level: 'info',
  message: 'Iniciando reorganizaci�n por incidente',
  timestamp: '2025-07-09 23:58:57'
}
{
  service: 'IncidenteModel',
  module: 'Movimientos/Incidente',
  movimientoId: 224,
  rondaNumero: 1,
  posicionOriginal: 1,
  posicionFinal: 1,
  level: 'info',
  message: 'Movimiento movido al final de la ronda',
  timestamp: '2025-07-09 23:58:57'
}
{
  service: 'IncidenteModel',
  module: 'Movimientos/Incidente',
  movimientoId: 243,
  empresaId: 2,
  localidadId: 1,
  level: 'info',
  message: 'No se encontr� ronda para el movimiento',
  timestamp: '2025-07-09 23:59:42'
}
{
  service: 'IncidenteModel',
  module: 'Movimientos/Incidente',
  movimientoId: 217,
  empresaId: 5,
  localidadId: 1,
  level: 'info',
  message: 'No se encontr� ronda para el movimiento',
  timestamp: '2025-07-09 23:59:42'
}
{
  service: 'IncidenteModel',
  module: 'Movimientos/Incidente',
  movimientoId: 224,
  empresaId: 2,
  rondaOriginal: 1,
  localidadId: 1,
  prioridad: 'BAJA',
  unicaEmpresa: true,
  level: 'info',
  message: 'Iniciando reorganizaci�n por incidente',
  timestamp: '2025-07-09 23:59:42'
}
{
  service: 'IncidenteModel',
  module: 'Movimientos/Incidente',
  movimientoId: 224,
  rondaNumero: 1,
  posicionOriginal: 1,
  posicionFinal: 1,
  level: 'info',
  message: 'Movimiento movido al final de la ronda',
  timestamp: '2025-07-09 23:59:42'
}
{
  service: 'IncidenteModel',
  module: 'Movimientos/Incidente',
  movimientoId: 243,
  empresaId: 2,
  localidadId: 1,
  level: 'info',
  message: 'No se encontr� ronda para el movimiento',
  timestamp: '2025-07-10 16:34:30'
}
{
  service: 'IncidenteModel',
  module: 'Movimientos/Incidente',
  movimientoId: 217,
  empresaId: 5,
  localidadId: 1,
  level: 'info',
  message: 'No se encontr� ronda para el movimiento',
  timestamp: '2025-07-10 16:34:30'
}
{
  service: 'IncidenteModel',
  module: 'Movimientos/Incidente',
  movimientoId: 224,
  empresaId: 2,
  rondaOriginal: 1,
  localidadId: 1,
  prioridad: 'BAJA',
  unicaEmpresa: true,
  level: 'info',
  message: 'Iniciando reorganizaci�n por incidente',
  timestamp: '2025-07-10 16:34:30'
}
{
  service: 'IncidenteModel',
  module: 'Movimientos/Incidente',
  movimientoId: 224,
  rondaNumero: 1,
  posicionOriginal: 1,
  posicionFinal: 1,
  level: 'info',
  message: 'Movimiento movido al final de la ronda',
  timestamp: '2025-07-10 16:34:30'
}
{
  service: 'IncidenteModel',
  module: 'Movimientos/Incidente',
  movimientoId: 243,
  empresaId: 2,
  localidadId: 1,
  level: 'info',
  message: 'No se encontr� ronda para el movimiento',
  timestamp: '2025-07-10 16:34:34'
}
{
  service: 'IncidenteModel',
  module: 'Movimientos/Incidente',
  movimientoId: 217,
  empresaId: 5,
  localidadId: 1,
  level: 'info',
  message: 'No se encontr� ronda para el movimiento',
  timestamp: '2025-07-10 16:34:34'
}
{
  service: 'IncidenteModel',
  module: 'Movimientos/Incidente',
  movimientoId: 224,
  empresaId: 2,
  rondaOriginal: 1,
  localidadId: 1,
  prioridad: 'BAJA',
  unicaEmpresa: true,
  level: 'info',
  message: 'Iniciando reorganizaci�n por incidente',
  timestamp: '2025-07-10 16:34:34'
}
{
  service: 'IncidenteModel',
  module: 'Movimientos/Incidente',
  movimientoId: 224,
  rondaNumero: 1,
  posicionOriginal: 1,
  posicionFinal: 1,
  level: 'info',
  message: 'Movimiento movido al final de la ronda',
  timestamp: '2025-07-10 16:34:34'
}
{
  service: 'IncidenteModel',
  module: 'Movimientos/Incidente',
  movimientoId: 243,
  empresaId: 2,
  localidadId: 1,
  level: 'info',
  message: 'No se encontr� ronda para el movimiento',
  timestamp: '2025-07-10 16:35:16'
}
{
  service: 'IncidenteModel',
  module: 'Movimientos/Incidente',
  movimientoId: 217,
  empresaId: 5,
  localidadId: 1,
  level: 'info',
  message: 'No se encontr� ronda para el movimiento',
  timestamp: '2025-07-10 16:35:16'
}
{
  service: 'IncidenteModel',
  module: 'Movimientos/Incidente',
  movimientoId: 224,
  empresaId: 2,
  localidadId: 1,
  level: 'info',
  message: 'No se encontr� ronda para el movimiento',
  timestamp: '2025-07-10 16:35:16'
}
{
  service: 'IncidenteModel',
  module: 'Movimientos/Incidente',
  movimientoId: 243,
  empresaId: 2,
  localidadId: 1,
  level: 'info',
  message: 'No se encontr� ronda para el movimiento',
  timestamp: '2025-07-10 16:35:44'
}
{
  service: 'IncidenteModel',
  module: 'Movimientos/Incidente',
  movimientoId: 217,
  empresaId: 5,
  localidadId: 1,
  level: 'info',
  message: 'No se encontr� ronda para el movimiento',
  timestamp: '2025-07-10 16:35:44'
}
{
  service: 'IncidenteModel',
  module: 'Movimientos/Incidente',
  movimientoId: 224,
  empresaId: 2,
  localidadId: 1,
  level: 'info',
  message: 'No se encontr� ronda para el movimiento',
  timestamp: '2025-07-10 16:35:44'
}
{
  service: 'IncidenteModel',
  module: 'Movimientos/Incidente',
  movimientoId: 243,
  empresaId: 2,
  localidadId: 1,
  level: 'info',
  message: 'No se encontr� ronda para el movimiento',
  timestamp: '2025-07-10 16:35:45'
}
{
  service: 'IncidenteModel',
  module: 'Movimientos/Incidente',
  movimientoId: 217,
  empresaId: 5,
  localidadId: 1,
  level: 'info',
  message: 'No se encontr� ronda para el movimiento',
  timestamp: '2025-07-10 16:35:45'
}
{
  service: 'IncidenteModel',
  module: 'Movimientos/Incidente',
  movimientoId: 224,
  empresaId: 2,
  localidadId: 1,
  level: 'info',
  message: 'No se encontr� ronda para el movimiento',
  timestamp: '2025-07-10 16:35:45'
}
{
  service: 'IncidenteModel',
  module: 'Movimientos/Incidente',
  movimientoId: 243,
  empresaId: 2,
  localidadId: 1,
  level: 'info',
  message: 'No se encontr� ronda para el movimiento',
  timestamp: '2025-07-10 16:35:45'
}
{
  service: 'IncidenteModel',
  module: 'Movimientos/Incidente',
  movimientoId: 217,
  empresaId: 5,
  localidadId: 1,
  level: 'info',
  message: 'No se encontr� ronda para el movimiento',
  timestamp: '2025-07-10 16:35:45'
}
{
  service: 'IncidenteModel',
  module: 'Movimientos/Incidente',
  movimientoId: 224,
  empresaId: 2,
  localidadId: 1,
  level: 'info',
  message: 'No se encontr� ronda para el movimiento',
  timestamp: '2025-07-10 16:35:45'
}
{
  service: 'IncidenteModel',
  module: 'Movimientos/Incidente',
  movimientoId: 243,
  empresaId: 2,
  localidadId: 1,
  level: 'info',
  message: 'No se encontr� ronda para el movimiento',
  timestamp: '2025-07-10 16:35:50'
}
{
  service: 'IncidenteModel',
  module: 'Movimientos/Incidente',
  movimientoId: 217,
  empresaId: 5,
  localidadId: 1,
  level: 'info',
  message: 'No se encontr� ronda para el movimiento',
  timestamp: '2025-07-10 16:35:50'
}
{
  service: 'IncidenteModel',
  module: 'Movimientos/Incidente',
  movimientoId: 224,
  empresaId: 2,
  localidadId: 1,
  level: 'info',
  message: 'No se encontr� ronda para el movimiento',
  timestamp: '2025-07-10 16:35:50'
}
{
  service: 'IncidenteModel',
  module: 'Movimientos/Incidente',
  movimientoId: 243,
  empresaId: 2,
  localidadId: 1,
  level: 'info',
  message: 'No se encontr� ronda para el movimiento',
  timestamp: '2025-07-10 16:35:50'
}
{
  service: 'IncidenteModel',
  module: 'Movimientos/Incidente',
  movimientoId: 217,
  empresaId: 5,
  localidadId: 1,
  level: 'info',
  message: 'No se encontr� ronda para el movimiento',
  timestamp: '2025-07-10 16:35:50'
}
{
  service: 'IncidenteModel',
  module: 'Movimientos/Incidente',
  movimientoId: 224,
  empresaId: 2,
  localidadId: 1,
  level: 'info',
  message: 'No se encontr� ronda para el movimiento',
  timestamp: '2025-07-10 16:35:50'
}
{
  service: 'IncidenteModel',
  module: 'Movimientos/Incidente',
  movimientoId: 243,
  empresaId: 2,
  localidadId: 1,
  level: 'info',
  message: 'No se encontr� ronda para el movimiento',
  timestamp: '2025-07-10 16:35:50'
}
{
  service: 'IncidenteModel',
  module: 'Movimientos/Incidente',
  movimientoId: 217,
  empresaId: 5,
  localidadId: 1,
  level: 'info',
  message: 'No se encontr� ronda para el movimiento',
  timestamp: '2025-07-10 16:35:50'
}
{
  service: 'IncidenteModel',
  module: 'Movimientos/Incidente',
  movimientoId: 224,
  empresaId: 2,
  localidadId: 1,
  level: 'info',
  message: 'No se encontr� ronda para el movimiento',
  timestamp: '2025-07-10 16:35:50'
}
{
  service: 'IncidenteModel',
  module: 'Movimientos/Incidente',
  movimientoId: 243,
  empresaId: 2,
  localidadId: 1,
  level: 'info',
  message: 'No se encontr� ronda para el movimiento',
  timestamp: '2025-07-10 16:36:00'
}
{
  service: 'IncidenteModel',
  module: 'Movimientos/Incidente',
  movimientoId: 217,
  empresaId: 5,
  localidadId: 1,
  level: 'info',
  message: 'No se encontr� ronda para el movimiento',
  timestamp: '2025-07-10 16:36:00'
}
{
  service: 'IncidenteModel',
  module: 'Movimientos/Incidente',
  movimientoId: 224,
  empresaId: 2,
  localidadId: 1,
  level: 'info',
  message: 'No se encontr� ronda para el movimiento',
  timestamp: '2025-07-10 16:36:00'
}
{
  service: 'IncidenteModel',
  module: 'Movimientos/Incidente',
  movimientoId: 243,
  empresaId: 2,
  localidadId: 1,
  level: 'info',
  message: 'No se encontr� ronda para el movimiento',
  timestamp: '2025-07-10 16:36:00'
}
{
  service: 'IncidenteModel',
  module: 'Movimientos/Incidente',
  movimientoId: 217,
  empresaId: 5,
  localidadId: 1,
  level: 'info',
  message: 'No se encontr� ronda para el movimiento',
  timestamp: '2025-07-10 16:36:00'
}
{
  service: 'IncidenteModel',
  module: 'Movimientos/Incidente',
  movimientoId: 224,
  empresaId: 2,
  localidadId: 1,
  level: 'info',
  message: 'No se encontr� ronda para el movimiento',
  timestamp: '2025-07-10 16:36:00'
}
{
  service: 'IncidenteModel',
  module: 'Movimientos/Incidente',
  movimientoId: 243,
  empresaId: 2,
  localidadId: 1,
  level: 'info',
  message: 'No se encontr� ronda para el movimiento',
  timestamp: '2025-07-10 16:36:00'
}
{
  service: 'IncidenteModel',
  module: 'Movimientos/Incidente',
  movimientoId: 217,
  empresaId: 5,
  localidadId: 1,
  level: 'info',
  message: 'No se encontr� ronda para el movimiento',
  timestamp: '2025-07-10 16:36:00'
}
{
  service: 'IncidenteModel',
  module: 'Movimientos/Incidente',
  movimientoId: 224,
  empresaId: 2,
  localidadId: 1,
  level: 'info',
  message: 'No se encontr� ronda para el movimiento',
  timestamp: '2025-07-10 16:36:00'
}
{
  service: 'IncidenteModel',
  module: 'Movimientos/Incidente',
  movimientoId: 243,
  empresaId: 2,
  localidadId: 1,
  level: 'info',
  message: 'No se encontr� ronda para el movimiento',
  timestamp: '2025-07-10 16:36:05'
}
{
  service: 'IncidenteModel',
  module: 'Movimientos/Incidente',
  movimientoId: 217,
  empresaId: 5,
  localidadId: 1,
  level: 'info',
  message: 'No se encontr� ronda para el movimiento',
  timestamp: '2025-07-10 16:36:05'
}
{
  service: 'IncidenteModel',
  module: 'Movimientos/Incidente',
  movimientoId: 224,
  empresaId: 2,
  localidadId: 1,
  level: 'info',
  message: 'No se encontr� ronda para el movimiento',
  timestamp: '2025-07-10 16:36:05'
}
{
  service: 'IncidenteModel',
  module: 'Movimientos/Incidente',
  movimientoId: 243,
  empresaId: 2,
  localidadId: 1,
  level: 'info',
  message: 'No se encontr� ronda para el movimiento',
  timestamp: '2025-07-10 16:37:36'
}
{
  service: 'IncidenteModel',
  module: 'Movimientos/Incidente',
  movimientoId: 217,
  empresaId: 5,
  localidadId: 1,
  level: 'info',
  message: 'No se encontr� ronda para el movimiento',
  timestamp: '2025-07-10 16:37:36'
}
{
  service: 'IncidenteModel',
  module: 'Movimientos/Incidente',
  movimientoId: 224,
  empresaId: 2,
  localidadId: 1,
  level: 'info',
  message: 'No se encontr� ronda para el movimiento',
  timestamp: '2025-07-10 16:37:36'
}
{
  service: 'IncidenteModel',
  module: 'Movimientos/Incidente',
  movimientoId: 243,
  empresaId: 2,
  localidadId: 1,
  level: 'info',
  message: 'No se encontr� ronda para el movimiento',
  timestamp: '2025-07-10 16:37:36'
}
{
  service: 'IncidenteModel',
  module: 'Movimientos/Incidente',
  movimientoId: 217,
  empresaId: 5,
  localidadId: 1,
  level: 'info',
  message: 'No se encontr� ronda para el movimiento',
  timestamp: '2025-07-10 16:37:36'
}
{
  service: 'IncidenteModel',
  module: 'Movimientos/Incidente',
  movimientoId: 224,
  empresaId: 2,
  localidadId: 1,
  level: 'info',
  message: 'No se encontr� ronda para el movimiento',
  timestamp: '2025-07-10 16:37:36'
}
{
  service: 'IncidenteModel',
  module: 'Movimientos/Incidente',
  movimientoId: 243,
  empresaId: 2,
  localidadId: 1,
  level: 'info',
  message: 'No se encontr� ronda para el movimiento',
  timestamp: '2025-07-10 16:37:36'
}
{
  service: 'IncidenteModel',
  module: 'Movimientos/Incidente',
  movimientoId: 217,
  empresaId: 5,
  localidadId: 1,
  level: 'info',
  message: 'No se encontr� ronda para el movimiento',
  timestamp: '2025-07-10 16:37:36'
}
{
  service: 'IncidenteModel',
  module: 'Movimientos/Incidente',
  movimientoId: 224,
  empresaId: 2,
  localidadId: 1,
  level: 'info',
  message: 'No se encontr� ronda para el movimiento',
  timestamp: '2025-07-10 16:37:36'
}
{
  service: 'IncidenteModel',
  module: 'Movimientos/Incidente',
  movimientoId: 243,
  empresaId: 2,
  localidadId: 1,
  level: 'info',
  message: 'No se encontr� ronda para el movimiento',
  timestamp: '2025-07-10 17:27:05'
}
{
  service: 'IncidenteModel',
  module: 'Movimientos/Incidente',
  movimientoId: 217,
  empresaId: 5,
  localidadId: 1,
  level: 'info',
  message: 'No se encontr� ronda para el movimiento',
  timestamp: '2025-07-10 17:27:05'
}
{
  service: 'IncidenteModel',
  module: 'Movimientos/Incidente',
  movimientoId: 224,
  empresaId: 2,
  localidadId: 1,
  level: 'info',
  message: 'No se encontr� ronda para el movimiento',
  timestamp: '2025-07-10 17:27:05'
}
{
  service: 'IncidenteModel',
  module: 'Movimientos/Incidente',
  movimientoId: 243,
  empresaId: 2,
  localidadId: 1,
  level: 'info',
  message: 'No se encontr� ronda para el movimiento',
  timestamp: '2025-07-10 17:27:08'
}
{
  service: 'IncidenteModel',
  module: 'Movimientos/Incidente',
  movimientoId: 217,
  empresaId: 5,
  localidadId: 1,
  level: 'info',
  message: 'No se encontr� ronda para el movimiento',
  timestamp: '2025-07-10 17:27:08'
}
{
  service: 'IncidenteModel',
  module: 'Movimientos/Incidente',
  movimientoId: 224,
  empresaId: 2,
  localidadId: 1,
  level: 'info',
  message: 'No se encontr� ronda para el movimiento',
  timestamp: '2025-07-10 17:27:08'
}
{
  service: 'IncidenteModel',
  module: 'Movimientos/Incidente',
  movimientoId: 243,
  empresaId: 2,
  localidadId: 1,
  level: 'info',
  message: 'No se encontr� ronda para el movimiento',
  timestamp: '2025-07-10 17:27:39'
}
{
  service: 'IncidenteModel',
  module: 'Movimientos/Incidente',
  movimientoId: 217,
  empresaId: 5,
  localidadId: 1,
  level: 'info',
  message: 'No se encontr� ronda para el movimiento',
  timestamp: '2025-07-10 17:27:39'
}
{
  service: 'IncidenteModel',
  module: 'Movimientos/Incidente',
  movimientoId: 224,
  empresaId: 2,
  localidadId: 1,
  level: 'info',
  message: 'No se encontr� ronda para el movimiento',
  timestamp: '2025-07-10 17:27:39'
}
{
  service: 'IncidenteModel',
  module: 'Movimientos/Incidente',
  movimientoId: 243,
  empresaId: 2,
  localidadId: 1,
  level: 'info',
  message: 'No se encontr� ronda para el movimiento',
  timestamp: '2025-07-10 17:27:47'
}
{
  service: 'IncidenteModel',
  module: 'Movimientos/Incidente',
  movimientoId: 217,
  empresaId: 5,
  localidadId: 1,
  level: 'info',
  message: 'No se encontr� ronda para el movimiento',
  timestamp: '2025-07-10 17:27:47'
}
{
  service: 'IncidenteModel',
  module: 'Movimientos/Incidente',
  movimientoId: 224,
  empresaId: 2,
  localidadId: 1,
  level: 'info',
  message: 'No se encontr� ronda para el movimiento',
  timestamp: '2025-07-10 17:27:47'
}
{
  service: 'IncidenteModel',
  module: 'Movimientos/Incidente',
  movimientoId: 243,
  empresaId: 2,
  localidadId: 1,
  level: 'info',
  message: 'No se encontr� ronda para el movimiento',
  timestamp: '2025-07-10 18:02:29'
}
{
  service: 'IncidenteModel',
  module: 'Movimientos/Incidente',
  movimientoId: 217,
  empresaId: 5,
  localidadId: 1,
  level: 'info',
  message: 'No se encontr� ronda para el movimiento',
  timestamp: '2025-07-10 18:02:29'
}
{
  service: 'IncidenteModel',
  module: 'Movimientos/Incidente',
  movimientoId: 224,
  empresaId: 2,
  localidadId: 1,
  level: 'info',
  message: 'No se encontr� ronda para el movimiento',
  timestamp: '2025-07-10 18:02:29'
}
{
  service: 'IncidenteModel',
  module: 'Movimientos/Incidente',
  movimientoId: 243,
  empresaId: 2,
  localidadId: 1,
  level: 'info',
  message: 'No se encontr� ronda para el movimiento',
  timestamp: '2025-07-10 18:02:29'
}
{
  service: 'IncidenteModel',
  module: 'Movimientos/Incidente',
  movimientoId: 217,
  empresaId: 5,
  localidadId: 1,
  level: 'info',
  message: 'No se encontr� ronda para el movimiento',
  timestamp: '2025-07-10 18:02:29'
}
{
  service: 'IncidenteModel',
  module: 'Movimientos/Incidente',
  movimientoId: 224,
  empresaId: 2,
  localidadId: 1,
  level: 'info',
  message: 'No se encontr� ronda para el movimiento',
  timestamp: '2025-07-10 18:02:29'
}
{
  service: 'IncidenteModel',
  module: 'Movimientos/Incidente',
  movimientoId: 243,
  empresaId: 2,
  localidadId: 1,
  level: 'info',
  message: 'No se encontr� ronda para el movimiento',
  timestamp: '2025-07-10 18:02:30'
}
{
  service: 'IncidenteModel',
  module: 'Movimientos/Incidente',
  movimientoId: 217,
  empresaId: 5,
  localidadId: 1,
  level: 'info',
  message: 'No se encontr� ronda para el movimiento',
  timestamp: '2025-07-10 18:02:30'
}
{
  service: 'IncidenteModel',
  module: 'Movimientos/Incidente',
  movimientoId: 224,
  empresaId: 2,
  localidadId: 1,
  level: 'info',
  message: 'No se encontr� ronda para el movimiento',
  timestamp: '2025-07-10 18:02:30'
}
{
  service: 'IncidenteModel',
  module: 'Movimientos/Incidente',
  movimientoId: 243,
  empresaId: 2,
  localidadId: 1,
  level: 'info',
  message: 'No se encontr� ronda para el movimiento',
  timestamp: '2025-07-10 18:03:05'
}
{
  service: 'IncidenteModel',
  module: 'Movimientos/Incidente',
  movimientoId: 217,
  empresaId: 5,
  localidadId: 1,
  level: 'info',
  message: 'No se encontr� ronda para el movimiento',
  timestamp: '2025-07-10 18:03:05'
}
{
  service: 'IncidenteModel',
  module: 'Movimientos/Incidente',
  movimientoId: 224,
  empresaId: 2,
  localidadId: 1,
  level: 'info',
  message: 'No se encontr� ronda para el movimiento',
  timestamp: '2025-07-10 18:03:05'
}
{
  service: 'IncidenteModel',
  module: 'Movimientos/Incidente',
  movimientoId: 243,
  empresaId: 2,
  localidadId: 1,
  level: 'info',
  message: 'No se encontr� ronda para el movimiento',
  timestamp: '2025-07-10 18:03:05'
}
{
  service: 'IncidenteModel',
  module: 'Movimientos/Incidente',
  movimientoId: 217,
  empresaId: 5,
  localidadId: 1,
  level: 'info',
  message: 'No se encontr� ronda para el movimiento',
  timestamp: '2025-07-10 18:03:05'
}
{
  service: 'IncidenteModel',
  module: 'Movimientos/Incidente',
  movimientoId: 224,
  empresaId: 2,
  localidadId: 1,
  level: 'info',
  message: 'No se encontr� ronda para el movimiento',
  timestamp: '2025-07-10 18:03:05'
}
{
  service: 'IncidenteModel',
  module: 'Movimientos/Incidente',
  movimientoId: 243,
  empresaId: 2,
  localidadId: 1,
  level: 'info',
  message: 'No se encontr� ronda para el movimiento',
  timestamp: '2025-07-10 18:03:05'
}
{
  service: 'IncidenteModel',
  module: 'Movimientos/Incidente',
  movimientoId: 217,
  empresaId: 5,
  localidadId: 1,
  level: 'info',
  message: 'No se encontr� ronda para el movimiento',
  timestamp: '2025-07-10 18:03:05'
}
{
  service: 'IncidenteModel',
  module: 'Movimientos/Incidente',
  movimientoId: 224,
  empresaId: 2,
  localidadId: 1,
  level: 'info',
  message: 'No se encontr� ronda para el movimiento',
  timestamp: '2025-07-10 18:03:05'
}
{
  service: 'IncidenteModel',
  module: 'Movimientos/Incidente',
  movimientoId: 243,
  empresaId: 2,
  localidadId: 1,
  level: 'info',
  message: 'No se encontr� ronda para el movimiento',
  timestamp: '2025-07-10 18:03:06'
}
{
  service: 'IncidenteModel',
  module: 'Movimientos/Incidente',
  movimientoId: 217,
  empresaId: 5,
  localidadId: 1,
  level: 'info',
  message: 'No se encontr� ronda para el movimiento',
  timestamp: '2025-07-10 18:03:06'
}
{
  service: 'IncidenteModel',
  module: 'Movimientos/Incidente',
  movimientoId: 224,
  empresaId: 2,
  localidadId: 1,
  level: 'info',
  message: 'No se encontr� ronda para el movimiento',
  timestamp: '2025-07-10 18:03:06'
}
{
  service: 'IncidenteModel',
  module: 'Movimientos/Incidente',
  movimientoId: 243,
  empresaId: 2,
  localidadId: 1,
  level: 'info',
  message: 'No se encontr� ronda para el movimiento',
  timestamp: '2025-07-10 18:03:06'
}
{
  service: 'IncidenteModel',
  module: 'Movimientos/Incidente',
  movimientoId: 217,
  empresaId: 5,
  localidadId: 1,
  level: 'info',
  message: 'No se encontr� ronda para el movimiento',
  timestamp: '2025-07-10 18:03:06'
}
{
  service: 'IncidenteModel',
  module: 'Movimientos/Incidente',
  movimientoId: 224,
  empresaId: 2,
  localidadId: 1,
  level: 'info',
  message: 'No se encontr� ronda para el movimiento',
  timestamp: '2025-07-10 18:03:06'
}
{
  service: 'IncidenteModel',
  module: 'Movimientos/Incidente',
  movimientoId: 243,
  empresaId: 2,
  localidadId: 1,
  level: 'info',
  message: 'No se encontr� ronda para el movimiento',
  timestamp: '2025-07-10 18:03:07'
}
{
  service: 'IncidenteModel',
  module: 'Movimientos/Incidente',
  movimientoId: 217,
  empresaId: 5,
  localidadId: 1,
  level: 'info',
  message: 'No se encontr� ronda para el movimiento',
  timestamp: '2025-07-10 18:03:07'
}
{
  service: 'IncidenteModel',
  module: 'Movimientos/Incidente',
  movimientoId: 224,
  empresaId: 2,
  localidadId: 1,
  level: 'info',
  message: 'No se encontr� ronda para el movimiento',
  timestamp: '2025-07-10 18:03:07'
}
{
  service: 'IncidenteModel',
  module: 'Movimientos/Incidente',
  movimientoId: 243,
  empresaId: 2,
  localidadId: 1,
  level: 'info',
  message: 'No se encontr� ronda para el movimiento',
  timestamp: '2025-07-10 18:03:13'
}
{
  service: 'IncidenteModel',
  module: 'Movimientos/Incidente',
  movimientoId: 217,
  empresaId: 5,
  localidadId: 1,
  level: 'info',
  message: 'No se encontr� ronda para el movimiento',
  timestamp: '2025-07-10 18:03:13'
}
{
  service: 'IncidenteModel',
  module: 'Movimientos/Incidente',
  movimientoId: 224,
  empresaId: 2,
  localidadId: 1,
  level: 'info',
  message: 'No se encontr� ronda para el movimiento',
  timestamp: '2025-07-10 18:03:13'
}
{
  service: 'IncidenteModel',
  module: 'Movimientos/Incidente',
  movimientoId: 243,
  empresaId: 2,
  localidadId: 1,
  level: 'info',
  message: 'No se encontr� ronda para el movimiento',
  timestamp: '2025-07-10 18:04:14'
}
{
  service: 'IncidenteModel',
  module: 'Movimientos/Incidente',
  movimientoId: 217,
  empresaId: 5,
  localidadId: 1,
  level: 'info',
  message: 'No se encontr� ronda para el movimiento',
  timestamp: '2025-07-10 18:04:14'
}
{
  service: 'IncidenteModel',
  module: 'Movimientos/Incidente',
  movimientoId: 224,
  empresaId: 2,
  localidadId: 1,
  level: 'info',
  message: 'No se encontr� ronda para el movimiento',
  timestamp: '2025-07-10 18:04:14'
}
{
  service: 'IncidenteModel',
  module: 'Movimientos/Incidente',
  movimientoId: 243,
  empresaId: 2,
  localidadId: 1,
  level: 'info',
  message: 'No se encontr� ronda para el movimiento',
  timestamp: '2025-07-10 18:04:14'
}
{
  service: 'IncidenteModel',
  module: 'Movimientos/Incidente',
  movimientoId: 217,
  empresaId: 5,
  localidadId: 1,
  level: 'info',
  message: 'No se encontr� ronda para el movimiento',
  timestamp: '2025-07-10 18:04:14'
}
{
  service: 'IncidenteModel',
  module: 'Movimientos/Incidente',
  movimientoId: 224,
  empresaId: 2,
  localidadId: 1,
  level: 'info',
  message: 'No se encontr� ronda para el movimiento',
  timestamp: '2025-07-10 18:04:14'
}
{
  service: 'IncidenteModel',
  module: 'Movimientos/Incidente',
  movimientoId: 243,
  empresaId: 2,
  localidadId: 1,
  level: 'info',
  message: 'No se encontr� ronda para el movimiento',
  timestamp: '2025-07-10 18:04:14'
}
{
  service: 'IncidenteModel',
  module: 'Movimientos/Incidente',
  movimientoId: 217,
  empresaId: 5,
  localidadId: 1,
  level: 'info',
  message: 'No se encontr� ronda para el movimiento',
  timestamp: '2025-07-10 18:04:14'
}
{
  service: 'IncidenteModel',
  module: 'Movimientos/Incidente',
  movimientoId: 224,
  empresaId: 2,
  localidadId: 1,
  level: 'info',
  message: 'No se encontr� ronda para el movimiento',
  timestamp: '2025-07-10 18:04:14'
}
{
  service: 'IncidenteModel',
  module: 'Movimientos/Incidente',
  movimientoId: 243,
  empresaId: 2,
  localidadId: 1,
  level: 'info',
  message: 'No se encontr� ronda para el movimiento',
  timestamp: '2025-07-10 18:07:01'
}
{
  service: 'IncidenteModel',
  module: 'Movimientos/Incidente',
  movimientoId: 217,
  empresaId: 5,
  localidadId: 1,
  level: 'info',
  message: 'No se encontr� ronda para el movimiento',
  timestamp: '2025-07-10 18:07:01'
}
{
  service: 'IncidenteModel',
  module: 'Movimientos/Incidente',
  movimientoId: 224,
  empresaId: 2,
  localidadId: 1,
  level: 'info',
  message: 'No se encontr� ronda para el movimiento',
  timestamp: '2025-07-10 18:07:01'
}
{
  service: 'IncidenteModel',
  module: 'Movimientos/Incidente',
  movimientoId: 243,
  empresaId: 2,
  localidadId: 1,
  level: 'info',
  message: 'No se encontr� ronda para el movimiento',
  timestamp: '2025-07-10 18:07:01'
}
{
  service: 'IncidenteModel',
  module: 'Movimientos/Incidente',
  movimientoId: 217,
  empresaId: 5,
  localidadId: 1,
  level: 'info',
  message: 'No se encontr� ronda para el movimiento',
  timestamp: '2025-07-10 18:07:01'
}
{
  service: 'IncidenteModel',
  module: 'Movimientos/Incidente',
  movimientoId: 224,
  empresaId: 2,
  localidadId: 1,
  level: 'info',
  message: 'No se encontr� ronda para el movimiento',
  timestamp: '2025-07-10 18:07:01'
}
{
  service: 'IncidenteModel',
  module: 'Movimientos/Incidente',
  movimientoId: 243,
  empresaId: 2,
  localidadId: 1,
  level: 'info',
  message: 'No se encontr� ronda para el movimiento',
  timestamp: '2025-07-10 18:07:01'
}
{
  service: 'IncidenteModel',
  module: 'Movimientos/Incidente',
  movimientoId: 217,
  empresaId: 5,
  localidadId: 1,
  level: 'info',
  message: 'No se encontr� ronda para el movimiento',
  timestamp: '2025-07-10 18:07:01'
}
{
  service: 'IncidenteModel',
  module: 'Movimientos/Incidente',
  movimientoId: 224,
  empresaId: 2,
  localidadId: 1,
  level: 'info',
  message: 'No se encontr� ronda para el movimiento',
  timestamp: '2025-07-10 18:07:01'
}
{
  service: 'IncidenteModel',
  module: 'Movimientos/Incidente',
  incidenteId: 205,
  cantidad: 1,
  carpeta: '/var/www/Cosaif/uploads/incidentes/2025/07/10',
  level: 'info',
  message: 'Imagenes procesadas y guardadas',
  timestamp: '2025-07-10 18:08:11'
}
{
  service: 'IncidenteModel',
  module: 'Movimientos/Incidente',
  incidenteId: 205,
  movimientoId: 254,
  empresaId: 1,
  localidadId: 1,
  imagenesGuardadas: 1,
  level: 'info',
  message: 'Incidente creado y procesado',
  timestamp: '2025-07-10 18:08:12'
}
{
  service: 'IncidenteModel',
  module: 'Movimientos/Incidente',
  movimientoId: 243,
  empresaId: 2,
  localidadId: 1,
  level: 'info',
  message: 'No se encontr� ronda para el movimiento',
  timestamp: '2025-07-10 18:08:20'
}
{
  service: 'IncidenteModel',
  module: 'Movimientos/Incidente',
  movimientoId: 217,
  empresaId: 5,
  localidadId: 1,
  level: 'info',
  message: 'No se encontr� ronda para el movimiento',
  timestamp: '2025-07-10 18:08:20'
}
{
  service: 'IncidenteModel',
  module: 'Movimientos/Incidente',
  movimientoId: 224,
  empresaId: 2,
  localidadId: 1,
  level: 'info',
  message: 'No se encontr� ronda para el movimiento',
  timestamp: '2025-07-10 18:08:20'
}
{
  service: 'IncidenteModel',
  module: 'Movimientos/Incidente',
  movimientoId: 254,
  empresaId: 1,
  rondaOriginal: 1,
  localidadId: 1,
  prioridad: 'ALTA',
  unicaEmpresa: false,
  level: 'info',
  message: 'Iniciando reorganizaci�n por incidente',
  timestamp: '2025-07-10 18:08:20'
}
{
  service: 'IncidenteModel',
  module: 'Movimientos/Incidente',
  movimientoId: 243,
  empresaId: 2,
  localidadId: 1,
  level: 'info',
  message: 'No se encontr� ronda para el movimiento',
  timestamp: '2025-07-10 18:08:20'
}
{
  service: 'IncidenteModel',
  module: 'Movimientos/Incidente',
  movimientoId: 217,
  empresaId: 5,
  localidadId: 1,
  level: 'info',
  message: 'No se encontr� ronda para el movimiento',
  timestamp: '2025-07-10 18:08:20'
}
{
  service: 'IncidenteModel',
  module: 'Movimientos/Incidente',
  movimientoId: 224,
  empresaId: 2,
  localidadId: 1,
  level: 'info',
  message: 'No se encontr� ronda para el movimiento',
  timestamp: '2025-07-10 18:08:20'
}
{
  service: 'IncidenteModel',
  module: 'Movimientos/Incidente',
  movimientoId: 254,
  empresaId: 1,
  rondaOriginal: 1,
  localidadId: 1,
  prioridad: 'ALTA',
  unicaEmpresa: false,
  level: 'info',
  message: 'Iniciando reorganizaci�n por incidente',
  timestamp: '2025-07-10 18:08:20'
}
{
  service: 'IncidenteModel',
  module: 'Movimientos/Incidente',
  movimientoId: 243,
  empresaId: 2,
  localidadId: 1,
  level: 'info',
  message: 'No se encontr� ronda para el movimiento',
  timestamp: '2025-07-10 18:08:20'
}
{
  service: 'IncidenteModel',
  module: 'Movimientos/Incidente',
  movimientoId: 217,
  empresaId: 5,
  localidadId: 1,
  level: 'info',
  message: 'No se encontr� ronda para el movimiento',
  timestamp: '2025-07-10 18:08:20'
}
{
  service: 'IncidenteModel',
  module: 'Movimientos/Incidente',
  movimientoId: 224,
  empresaId: 2,
  localidadId: 1,
  level: 'info',
  message: 'No se encontr� ronda para el movimiento',
  timestamp: '2025-07-10 18:08:20'
}
{
  service: 'IncidenteModel',
  module: 'Movimientos/Incidente',
  movimientoId: 254,
  empresaId: 1,
  rondaOriginal: 1,
  localidadId: 1,
  prioridad: 'ALTA',
  unicaEmpresa: false,
  level: 'info',
  message: 'Iniciando reorganizaci�n por incidente',
  timestamp: '2025-07-10 18:08:20'
}
{
  service: 'IncidenteModel',
  module: 'Movimientos/Incidente',
  incidenteId: 205,
  movimientoId: 254,
  level: 'info',
  message: 'Movimiento reactivado tras cierre de incidente',
  timestamp: '2025-07-10 18:08:25'
}
{
  service: 'IncidenteModel',
  module: 'Movimientos/Incidente',
  incidenteId: 205,
  cambios: [ 'estado', 'fechaFin' ],
  estadoAnterior: 'ABIERTO',
  estadoNuevo: 'CERRADO',
  level: 'info',
  message: 'Incidente actualizado correctamente',
  timestamp: '2025-07-10 18:08:25'
}
{
  service: 'IncidenteModel',
  module: 'Movimientos/Incidente',
  movimientoId: 254,
  empresaId: 1,
  rondaOriginal: 1,
  localidadId: 1,
  prioridad: 'ALTA',
  unicaEmpresa: false,
  level: 'info',
  message: 'Iniciando reorganizaci�n por incidente',
  timestamp: '2025-07-10 18:08:25'
}
{
  service: 'IncidenteModel',
  module: 'Movimientos/Incidente',
  movimientoId: 243,
  empresaId: 2,
  localidadId: 1,
  level: 'info',
  message: 'No se encontr� ronda para el movimiento',
  timestamp: '2025-07-10 18:08:31'
}
{
  service: 'IncidenteModel',
  module: 'Movimientos/Incidente',
  movimientoId: 217,
  empresaId: 5,
  localidadId: 1,
  level: 'info',
  message: 'No se encontr� ronda para el movimiento',
  timestamp: '2025-07-10 18:08:31'
}
{
  service: 'IncidenteModel',
  module: 'Movimientos/Incidente',
  movimientoId: 224,
  empresaId: 2,
  localidadId: 1,
  level: 'info',
  message: 'No se encontr� ronda para el movimiento',
  timestamp: '2025-07-10 18:08:31'
}
{
  service: 'IncidenteModel',
  module: 'Movimientos/Incidente',
  movimientoId: 243,
  empresaId: 2,
  localidadId: 1,
  level: 'info',
  message: 'No se encontr� ronda para el movimiento',
  timestamp: '2025-07-10 18:08:31'
}
{
  service: 'IncidenteModel',
  module: 'Movimientos/Incidente',
  movimientoId: 217,
  empresaId: 5,
  localidadId: 1,
  level: 'info',
  message: 'No se encontr� ronda para el movimiento',
  timestamp: '2025-07-10 18:08:31'
}
{
  service: 'IncidenteModel',
  module: 'Movimientos/Incidente',
  movimientoId: 224,
  empresaId: 2,
  localidadId: 1,
  level: 'info',
  message: 'No se encontr� ronda para el movimiento',
  timestamp: '2025-07-10 18:08:31'
}
{
  service: 'IncidenteModel',
  module: 'Movimientos/Incidente',
  movimientoId: 243,
  empresaId: 2,
  localidadId: 1,
  level: 'info',
  message: 'No se encontr� ronda para el movimiento',
  timestamp: '2025-07-10 18:08:32'
}
{
  service: 'IncidenteModel',
  module: 'Movimientos/Incidente',
  movimientoId: 217,
  empresaId: 5,
  localidadId: 1,
  level: 'info',
  message: 'No se encontr� ronda para el movimiento',
  timestamp: '2025-07-10 18:08:32'
}
{
  service: 'IncidenteModel',
  module: 'Movimientos/Incidente',
  movimientoId: 224,
  empresaId: 2,
  localidadId: 1,
  level: 'info',
  message: 'No se encontr� ronda para el movimiento',
  timestamp: '2025-07-10 18:08:32'
}
{
  service: 'IncidenteModel',
  module: 'Movimientos/Incidente',
  incidenteId: 206,
  cantidad: 1,
  carpeta: '/var/www/Cosaif/uploads/incidentes/2025/07/10',
  level: 'info',
  message: 'Imagenes procesadas y guardadas',
  timestamp: '2025-07-10 18:08:54'
}
{
  service: 'IncidenteModel',
  module: 'Movimientos/Incidente',
  incidenteId: 206,
  movimientoId: 255,
  empresaId: 1,
  localidadId: 1,
  imagenesGuardadas: 1,
  level: 'info',
  message: 'Incidente creado y procesado',
  timestamp: '2025-07-10 18:08:55'
}
{
  service: 'IncidenteModel',
  module: 'Movimientos/Incidente',
  movimientoId: 243,
  empresaId: 2,
  localidadId: 1,
  level: 'info',
  message: 'No se encontr� ronda para el movimiento',
  timestamp: '2025-07-10 18:10:45'
}
{
  service: 'IncidenteModel',
  module: 'Movimientos/Incidente',
  movimientoId: 217,
  empresaId: 5,
  localidadId: 1,
  level: 'info',
  message: 'No se encontr� ronda para el movimiento',
  timestamp: '2025-07-10 18:10:45'
}
{
  service: 'IncidenteModel',
  module: 'Movimientos/Incidente',
  movimientoId: 224,
  empresaId: 2,
  localidadId: 1,
  level: 'info',
  message: 'No se encontr� ronda para el movimiento',
  timestamp: '2025-07-10 18:10:45'
}
{
  service: 'IncidenteModel',
  module: 'Movimientos/Incidente',
  movimientoId: 255,
  empresaId: 1,
  rondaOriginal: 1,
  localidadId: 1,
  prioridad: 'ALTA',
  unicaEmpresa: false,
  level: 'info',
  message: 'Iniciando reorganizaci�n por incidente',
  timestamp: '2025-07-10 18:10:45'
}
{
  service: 'IncidenteModel',
  module: 'Movimientos/Incidente',
  movimientoId: 243,
  empresaId: 2,
  localidadId: 1,
  level: 'info',
  message: 'No se encontr� ronda para el movimiento',
  timestamp: '2025-07-10 18:10:45'
}
{
  service: 'IncidenteModel',
  module: 'Movimientos/Incidente',
  movimientoId: 217,
  empresaId: 5,
  localidadId: 1,
  level: 'info',
  message: 'No se encontr� ronda para el movimiento',
  timestamp: '2025-07-10 18:10:45'
}
{
  service: 'IncidenteModel',
  module: 'Movimientos/Incidente',
  movimientoId: 224,
  empresaId: 2,
  localidadId: 1,
  level: 'info',
  message: 'No se encontr� ronda para el movimiento',
  timestamp: '2025-07-10 18:10:45'
}
{
  service: 'IncidenteModel',
  module: 'Movimientos/Incidente',
  movimientoId: 255,
  empresaId: 1,
  rondaOriginal: 1,
  localidadId: 1,
  prioridad: 'ALTA',
  unicaEmpresa: false,
  level: 'info',
  message: 'Iniciando reorganizaci�n por incidente',
  timestamp: '2025-07-10 18:10:45'
}
{
  service: 'IncidenteModel',
  module: 'Movimientos/Incidente',
  empresaId: 1,
  localidadId: 1,
  movimientoId: 255,
  error: PrismaClientKnownRequestError: 
  Invalid `tx.ronda.update()` invocation in
  /var/www/Cosaif/dist/models/Incidente/IncidenteModel.js:531:36
  
    528     ...others.slice(target - 1).map(m => m.id)
    529 ];
    530 for (let i = 0; i < newOrder.length; i++) {
  → 531     await tx.ronda.update(
  An operation failed because it depends on one or more records that were required but not found. No record was found for an update.
      at Zn.handleRequestError (/var/www/Cosaif/node_modules/@prisma/client/runtime/library.js:121:7459)
      at Zn.handleAndLogRequestError (/var/www/Cosaif/node_modules/@prisma/client/runtime/library.js:121:6784)
      at Zn.request (/var/www/Cosaif/node_modules/@prisma/client/runtime/library.js:121:6491)
      at async l (/var/www/Cosaif/node_modules/@prisma/client/runtime/library.js:130:9778)
      at async /var/www/Cosaif/dist/models/Incidente/IncidenteModel.js:531:21
      at async Proxy._transactionWithCallback (/var/www/Cosaif/node_modules/@prisma/client/runtime/library.js:130:8139)
      at async IncidenteModel.reorganizarRondasPorEmpresa (/var/www/Cosaif/dist/models/Incidente/IncidenteModel.js:488:9)
      at async IncidenteModel.reorganizarRondasPorIncidente (/var/www/Cosaif/dist/models/Incidente/IncidenteModel.js:386:13)
      at async RondaModel.obtenerRondasPorLocalidadConEstado (/var/www/Cosaif/dist/models/Movimientos/Ronda/RondaModel.js:569:17)
      at async RondaController.obtenerRondasPorLocalidadConEstado (/var/www/Cosaif/dist/Rutas/Movimientos/Ronda/RondaController.js:160:24) {
    code: 'P2025',
    meta: { modelName: 'Ronda', cause: 'No record was found for an update.' },
    clientVersion: '6.9.0'
  },
  level: 'error',
  message: 'Error al reorganizar rondas por incidente',
  timestamp: '2025-07-10 18:10:45'
}
{
  service: 'IncidenteModel',
  module: 'Movimientos/Incidente',
  movimientoId: 243,
  empresaId: 2,
  localidadId: 1,
  level: 'info',
  message: 'No se encontr� ronda para el movimiento',
  timestamp: '2025-07-10 18:12:03'
}
{
  service: 'IncidenteModel',
  module: 'Movimientos/Incidente',
  movimientoId: 217,
  empresaId: 5,
  localidadId: 1,
  level: 'info',
  message: 'No se encontr� ronda para el movimiento',
  timestamp: '2025-07-10 18:12:03'
}
{
  service: 'IncidenteModel',
  module: 'Movimientos/Incidente',
  movimientoId: 224,
  empresaId: 2,
  localidadId: 1,
  level: 'info',
  message: 'No se encontr� ronda para el movimiento',
  timestamp: '2025-07-10 18:12:03'
}
{
  service: 'IncidenteModel',
  module: 'Movimientos/Incidente',
  movimientoId: 255,
  empresaId: 1,
  rondaOriginal: 1,
  localidadId: 1,
  prioridad: 'ALTA',
  unicaEmpresa: false,
  level: 'info',
  message: 'Iniciando reorganizaci�n por incidente',
  timestamp: '2025-07-10 18:12:03'
}
{
  service: 'IncidenteModel',
  module: 'Movimientos/Incidente',
  incidenteId: 207,
  cantidad: 1,
  carpeta: '/var/www/Cosaif/uploads/incidentes/2025/07/10',
  level: 'info',
  message: 'Imagenes procesadas y guardadas',
  timestamp: '2025-07-10 18:12:28'
}
{
  service: 'IncidenteModel',
  module: 'Movimientos/Incidente',
  incidenteId: 207,
  movimientoId: 254,
  empresaId: 1,
  localidadId: 1,
  imagenesGuardadas: 1,
  level: 'info',
  message: 'Incidente creado y procesado',
  timestamp: '2025-07-10 18:12:29'
}
{
  service: 'IncidenteModel',
  module: 'Movimientos/Incidente',
  movimientoId: 243,
  empresaId: 2,
  localidadId: 1,
  level: 'info',
  message: 'No se encontr� ronda para el movimiento',
  timestamp: '2025-07-10 18:13:15'
}
{
  service: 'IncidenteModel',
  module: 'Movimientos/Incidente',
  movimientoId: 217,
  empresaId: 5,
  localidadId: 1,
  level: 'info',
  message: 'No se encontr� ronda para el movimiento',
  timestamp: '2025-07-10 18:13:15'
}
{
  service: 'IncidenteModel',
  module: 'Movimientos/Incidente',
  movimientoId: 224,
  empresaId: 2,
  localidadId: 1,
  level: 'info',
  message: 'No se encontr� ronda para el movimiento',
  timestamp: '2025-07-10 18:13:15'
}
{
  service: 'IncidenteModel',
  module: 'Movimientos/Incidente',
  movimientoId: 254,
  empresaId: 1,
  rondaOriginal: 1,
  localidadId: 1,
  prioridad: 'ALTA',
  unicaEmpresa: false,
  level: 'info',
  message: 'Iniciando reorganizaci�n por incidente',
  timestamp: '2025-07-10 18:13:15'
}
{
  service: 'IncidenteModel',
  module: 'Movimientos/Incidente',
  movimientoId: 243,
  empresaId: 2,
  localidadId: 1,
  level: 'info',
  message: 'No se encontr� ronda para el movimiento',
  timestamp: '2025-07-10 18:13:18'
}
{
  service: 'IncidenteModel',
  module: 'Movimientos/Incidente',
  movimientoId: 217,
  empresaId: 5,
  localidadId: 1,
  level: 'info',
  message: 'No se encontr� ronda para el movimiento',
  timestamp: '2025-07-10 18:13:18'
}
{
  service: 'IncidenteModel',
  module: 'Movimientos/Incidente',
  movimientoId: 224,
  empresaId: 2,
  localidadId: 1,
  level: 'info',
  message: 'No se encontr� ronda para el movimiento',
  timestamp: '2025-07-10 18:13:18'
}
{
  service: 'IncidenteModel',
  module: 'Movimientos/Incidente',
  movimientoId: 254,
  empresaId: 1,
  rondaOriginal: 1,
  localidadId: 1,
  prioridad: 'ALTA',
  unicaEmpresa: false,
  level: 'info',
  message: 'Iniciando reorganizaci�n por incidente',
  timestamp: '2025-07-10 18:13:18'
}
{
  service: 'IncidenteModel',
  module: 'Movimientos/Incidente',
  incidenteId: 207,
  movimientoId: 254,
  level: 'info',
  message: 'Movimiento reactivado tras cierre de incidente',
  timestamp: '2025-07-10 18:13:26'
}
{
  service: 'IncidenteModel',
  module: 'Movimientos/Incidente',
  incidenteId: 207,
  cambios: [ 'estado', 'fechaFin' ],
  estadoAnterior: 'ABIERTO',
  estadoNuevo: 'CERRADO',
  level: 'info',
  message: 'Incidente actualizado correctamente',
  timestamp: '2025-07-10 18:13:26'
}
{
  service: 'IncidenteModel',
  module: 'Movimientos/Incidente',
  movimientoId: 254,
  empresaId: 1,
  rondaOriginal: 1,
  localidadId: 1,
  prioridad: 'ALTA',
  unicaEmpresa: false,
  level: 'info',
  message: 'Iniciando reorganizaci�n por incidente',
  timestamp: '2025-07-10 18:13:26'
}
{
  service: 'IncidenteModel',
  module: 'Movimientos/Incidente',
  incidenteId: 206,
  movimientoId: 255,
  level: 'info',
  message: 'Movimiento reactivado tras cierre de incidente',
  timestamp: '2025-07-10 18:13:34'
}
{
  service: 'IncidenteModel',
  module: 'Movimientos/Incidente',
  incidenteId: 206,
  cambios: [ 'estado', 'fechaFin' ],
  estadoAnterior: 'ABIERTO',
  estadoNuevo: 'CERRADO',
  level: 'info',
  message: 'Incidente actualizado correctamente',
  timestamp: '2025-07-10 18:13:34'
}
{
  service: 'IncidenteModel',
  module: 'Movimientos/Incidente',
  movimientoId: 255,
  empresaId: 1,
  rondaOriginal: 1,
  localidadId: 1,
  prioridad: 'ALTA',
  unicaEmpresa: false,
  level: 'info',
  message: 'Iniciando reorganizaci�n por incidente',
  timestamp: '2025-07-10 18:13:35'
}
{
  service: 'IncidenteModel',
  module: 'Movimientos/Incidente',
  incidenteId: 208,
  cantidad: 1,
  carpeta: '/var/www/Cosaif/uploads/incidentes/2025/07/10',
  level: 'info',
  message: 'Imagenes procesadas y guardadas',
  timestamp: '2025-07-10 18:14:07'
}
{
  service: 'IncidenteModel',
  module: 'Movimientos/Incidente',
  incidenteId: 208,
  movimientoId: 256,
  empresaId: 2,
  localidadId: 1,
  imagenesGuardadas: 1,
  level: 'info',
  message: 'Incidente creado y procesado',
  timestamp: '2025-07-10 18:14:07'
}
{
  service: 'IncidenteModel',
  module: 'Movimientos/Incidente',
  movimientoId: 243,
  empresaId: 2,
  localidadId: 1,
  level: 'info',
  message: 'No se encontr� ronda para el movimiento',
  timestamp: '2025-07-10 19:37:01'
}
{
  service: 'IncidenteModel',
  module: 'Movimientos/Incidente',
  movimientoId: 217,
  empresaId: 5,
  localidadId: 1,
  level: 'info',
  message: 'No se encontr� ronda para el movimiento',
  timestamp: '2025-07-10 19:37:01'
}
{
  service: 'IncidenteModel',
  module: 'Movimientos/Incidente',
  movimientoId: 224,
  empresaId: 2,
  localidadId: 1,
  level: 'info',
  message: 'No se encontr� ronda para el movimiento',
  timestamp: '2025-07-10 19:37:01'
}
{
  service: 'IncidenteModel',
  module: 'Movimientos/Incidente',
  movimientoId: 256,
  empresaId: 2,
  rondaOriginal: 1,
  localidadId: 1,
  prioridad: 'ALTA',
  unicaEmpresa: false,
  level: 'info',
  message: 'Iniciando reorganizaci�n por incidente',
  timestamp: '2025-07-10 19:37:01'
}
{
  service: 'IncidenteModel',
  module: 'Movimientos/Incidente',
  movimientoId: 243,
  empresaId: 2,
  localidadId: 1,
  level: 'info',
  message: 'No se encontr� ronda para el movimiento',
  timestamp: '2025-07-10 19:37:03'
}
{
  service: 'IncidenteModel',
  module: 'Movimientos/Incidente',
  movimientoId: 217,
  empresaId: 5,
  localidadId: 1,
  level: 'info',
  message: 'No se encontr� ronda para el movimiento',
  timestamp: '2025-07-10 19:37:03'
}
{
  service: 'IncidenteModel',
  module: 'Movimientos/Incidente',
  movimientoId: 224,
  empresaId: 2,
  localidadId: 1,
  level: 'info',
  message: 'No se encontr� ronda para el movimiento',
  timestamp: '2025-07-10 19:37:03'
}
{
  service: 'IncidenteModel',
  module: 'Movimientos/Incidente',
  movimientoId: 256,
  empresaId: 2,
  rondaOriginal: 1,
  localidadId: 1,
  prioridad: 'ALTA',
  unicaEmpresa: false,
  level: 'info',
  message: 'Iniciando reorganizaci�n por incidente',
  timestamp: '2025-07-10 19:37:03'
}
{
  service: 'IncidenteModel',
  module: 'Movimientos/Incidente',
  movimientoId: 243,
  empresaId: 2,
  localidadId: 1,
  level: 'info',
  message: 'No se encontr� ronda para el movimiento',
  timestamp: '2025-07-10 19:37:06'
}
{
  service: 'IncidenteModel',
  module: 'Movimientos/Incidente',
  movimientoId: 217,
  empresaId: 5,
  localidadId: 1,
  level: 'info',
  message: 'No se encontr� ronda para el movimiento',
  timestamp: '2025-07-10 19:37:06'
}
{
  service: 'IncidenteModel',
  module: 'Movimientos/Incidente',
  movimientoId: 224,
  empresaId: 2,
  localidadId: 1,
  level: 'info',
  message: 'No se encontr� ronda para el movimiento',
  timestamp: '2025-07-10 19:37:06'
}
{
  service: 'IncidenteModel',
  module: 'Movimientos/Incidente',
  movimientoId: 256,
  empresaId: 2,
  rondaOriginal: 1,
  localidadId: 1,
  prioridad: 'ALTA',
  unicaEmpresa: false,
  level: 'info',
  message: 'Iniciando reorganizaci�n por incidente',
  timestamp: '2025-07-10 19:37:06'
}
{
  service: 'IncidenteModel',
  module: 'Movimientos/Incidente',
  movimientoId: 243,
  empresaId: 2,
  localidadId: 1,
  level: 'info',
  message: 'No se encontr� ronda para el movimiento',
  timestamp: '2025-07-10 19:56:32'
}
{
  service: 'IncidenteModel',
  module: 'Movimientos/Incidente',
  movimientoId: 217,
  empresaId: 5,
  localidadId: 1,
  level: 'info',
  message: 'No se encontr� ronda para el movimiento',
  timestamp: '2025-07-10 19:56:32'
}
{
  service: 'IncidenteModel',
  module: 'Movimientos/Incidente',
  movimientoId: 224,
  empresaId: 2,
  localidadId: 1,
  level: 'info',
  message: 'No se encontr� ronda para el movimiento',
  timestamp: '2025-07-10 19:56:32'
}
{
  service: 'IncidenteModel',
  module: 'Movimientos/Incidente',
  movimientoId: 256,
  empresaId: 2,
  rondaOriginal: 1,
  localidadId: 1,
  prioridad: 'ALTA',
  unicaEmpresa: false,
  level: 'info',
  message: 'Iniciando reorganizaci�n por incidente',
  timestamp: '2025-07-10 19:56:32'
}
{
  service: 'IncidenteModel',
  module: 'Movimientos/Incidente',
  movimientoId: 243,
  empresaId: 2,
  localidadId: 1,
  level: 'info',
  message: 'No se encontr� ronda para el movimiento',
  timestamp: '2025-07-10 20:00:21'
}
{
  service: 'IncidenteModel',
  module: 'Movimientos/Incidente',
  movimientoId: 217,
  empresaId: 5,
  localidadId: 1,
  level: 'info',
  message: 'No se encontr� ronda para el movimiento',
  timestamp: '2025-07-10 20:00:21'
}
{
  service: 'IncidenteModel',
  module: 'Movimientos/Incidente',
  movimientoId: 224,
  empresaId: 2,
  localidadId: 1,
  level: 'info',
  message: 'No se encontr� ronda para el movimiento',
  timestamp: '2025-07-10 20:00:21'
}
{
  service: 'IncidenteModel',
  module: 'Movimientos/Incidente',
  movimientoId: 256,
  empresaId: 2,
  rondaOriginal: 1,
  localidadId: 1,
  prioridad: 'ALTA',
  unicaEmpresa: false,
  level: 'info',
  message: 'Iniciando reorganizaci�n por incidente',
  timestamp: '2025-07-10 20:00:21'
}
{
  service: 'IncidenteModel',
  module: 'Movimientos/Incidente',
  movimientoId: 243,
  empresaId: 2,
  localidadId: 1,
  level: 'info',
  message: 'No se encontr� ronda para el movimiento',
  timestamp: '2025-07-10 20:00:23'
}
{
  service: 'IncidenteModel',
  module: 'Movimientos/Incidente',
  movimientoId: 217,
  empresaId: 5,
  localidadId: 1,
  level: 'info',
  message: 'No se encontr� ronda para el movimiento',
  timestamp: '2025-07-10 20:00:23'
}
{
  service: 'IncidenteModel',
  module: 'Movimientos/Incidente',
  movimientoId: 224,
  empresaId: 2,
  localidadId: 1,
  level: 'info',
  message: 'No se encontr� ronda para el movimiento',
  timestamp: '2025-07-10 20:00:24'
}
{
  service: 'IncidenteModel',
  module: 'Movimientos/Incidente',
  movimientoId: 256,
  empresaId: 2,
  rondaOriginal: 1,
  localidadId: 1,
  prioridad: 'ALTA',
  unicaEmpresa: false,
  level: 'info',
  message: 'Iniciando reorganizaci�n por incidente',
  timestamp: '2025-07-10 20:00:24'
}
